{
  "01898f3e-8422-4e6a-a056-30206f905640":{
    "bboxes":[
      [
        0.42538839,
        0.21308209,
        0.05382926,
        0.11273142
      ]
    ],
    "labels":[
      "call"
    ],
    "leading_hand":"right",
    "leading_conf":1.0,
    "user_id":"4c2d70803e35ce2d30f3e875f1b01c6c"
  },
  "0516ab39-9dd3-41bf-9707-ccea0dbf985f":{
    "bboxes":[
      [
        0.40016984,
        0.3223251,
        0.13044141,
        0.12870407
      ]
    ],
    "labels":[
      "call"
    ],
    "leading_hand":"right",
    "leading_conf":1.0,
    "user_id":"36d33267899bc102184bb6376896e1d1"
  },
  "055cbe75-f563-49e2-9c4f-86a1fb47b40f":{
    "bboxes":[
      [
        0.48937548,
        0.56126298,
        0.1826894,
        0.07676647
      ]
    ],
    "labels":[
      "call"
    ],
    "leading_hand":"left",
    "leading_conf":0.8,
    "user_id":"2584891344198940dc84b95e95e01730"
  },
  "082b2083-c056-4735-a9f6-3df3593283d9":{
    "bboxes":[
      [
        0.56409572,
        0.19575476,
        0.09491629,
        0.11982146
      ],
      [
        0.82368615,
        0.78257268,
        0.06801224,
        0.1426053
      ]
    ],
    "labels":[
      "call",
      "no_gesture"
    ],
    "leading_hand":"right",
    "leading_conf":1.0,
    "user_id":"c89784925167c2a730e910424e267534"
  },
  "09732089-243c-47e6-a314-264fae24871e":{
    "bboxes":[
      [
        0.27973014,
        0.3370414,
        0.20686737,
        0.14207432
      ]
    ],
    "labels":[
      "call"
    ],
    "leading_hand":"right",
    "leading_conf":1.0,
    "user_id":"9944ad417ddf5c5730ced9b5cf302da5"
  },
  "09ee9bcb-076d-4a3a-9704-0982cbc152fd":{
    "bboxes":[
      [
        0.42639135,
        0.36274419,
        0.12887326,
        0.09358317
      ],
      [
        0.68150371,
        0.82525372,
        0.06819769,
        0.08949067
      ]
    ],
    "labels":[
      "call",
      "no_gesture"
    ],
    "leading_hand":"right",
    "leading_conf":1.0,
    "user_id":"ef85069aefe63f29f2df04a0124e5b6d"
  },
  "0d303909-120a-41e9-9005-e445e955982d":{
    "bboxes":[
      [
        0.31775187,
        0.37929956,
        0.20512597,
        0.12766728
      ]
    ],
    "labels":[
      "call"
    ],
    "leading_hand":"right",
    "leading_conf":1.0,
    "user_id":"b5df0f7ef8c06f6c97e3dce273fe6c9a"
  },
  "0da8ed9e-0d13-4e04-8abd-607da9c1e93c":{
    "bboxes":[
      [
        0.53599301,
        0.45531892,
        0.13616335,
        0.12178375
      ]
    ],
    "labels":[
      "call"
    ],
    "leading_hand":"left",
    "leading_conf":1.0,
    "user_id":"32873ef6f24ff5d09070fcc4600806d8"
  },
  "10120783-c282-4ad1-b84f-52f158ab593d":{
    "bboxes":[
      [
        0.42719306,
        0.27024956,
        0.09366488,
        0.07039867
      ]
    ],
    "labels":[
      "call"
    ],
    "leading_hand":"right",
    "leading_conf":1.0,
    "user_id":"4e89a143fb486331379d3281a670c404"
  },
  "10526473-f2df-4722-8989-3dbc78bc36f2":{
    "bboxes":[
      [
        0.20501269,
        0.33981669,
        0.24588042,
        0.18075352
      ]
    ],
    "labels":[
      "call"
    ],
    "leading_hand":"right",
    "leading_conf":1.0,
    "user_id":"fa972963536c97170b4cb3a2c733f754"
  },
  "110220d4-84fd-40f4-a506-6be48acece10":{
    "bboxes":[
      [
        0.54208253,
        0.29297762,
        0.08540815,
        0.11677052
      ]
    ],
    "labels":[
      "call"
    ],
    "leading_hand":"left",
    "leading_conf":1.0,
    "user_id":"a948c4515177b88506bca79fb7cf5fe7"
  },
  "11aa81c8-ae92-46a2-bcec-120d7d263d3e":{
    "bboxes":[
      [
        0.57052607,
        0.2460462,
        0.18170809,
        0.11129207
      ]
    ],
    "labels":[
      "call"
    ],
    "leading_hand":"left",
    "leading_conf":1.0,
    "user_id":"fad3f47845711258b0edf078db8caf3a"
  },
  "135c60d5-0a1c-44c5-8fa0-ee7ca6862d6c":{
    "bboxes":[
      [
        0.52795474,
        0.30795813,
        0.12230154,
        0.20260738
      ]
    ],
    "labels":[
      "call"
    ],
    "leading_hand":"left",
    "leading_conf":1.0,
    "user_id":"e237e533a6ca7f8449e48d07136b19ea"
  },
  "13714189-bba7-471e-b883-d14da7107441":{
    "bboxes":[
      [
        0.53195223,
        0.21674274,
        0.19810805,
        0.25980755
      ]
    ],
    "labels":[
      "call"
    ],
    "leading_hand":"left",
    "leading_conf":1.0,
    "user_id":"8eac2d6c6ef40ee199e48eeb2f2997d8"
  },
  "13c086a0-be6c-4d58-ad83-68e5fb0544dc":{
    "bboxes":[
      [
        0.39507329,
        0.3121096,
        0.19663201,
        0.15484592
      ]
    ],
    "labels":[
      "call"
    ],
    "leading_hand":"right",
    "leading_conf":1.0,
    "user_id":"b18ca70fa68a599eaf86736c3b0be1fb"
  },
  "1400d0e2-a01e-4401-be52-e543ff1d2e87":{
    "bboxes":[
      [
        0.2231758,
        0.13976903,
        0.221281,
        0.20253715
      ]
    ],
    "labels":[
      "call"
    ],
    "leading_hand":"right",
    "leading_conf":1.0,
    "user_id":"9f4d3ff490fcf0c6be56eba37a651192"
  },
  "147140f7-9db9-42e1-b4fe-325cf6d47852":{
    "bboxes":[
      [
        0.30810082,
        0.32520002,
        0.26837096,
        0.19812502
      ]
    ],
    "labels":[
      "call"
    ],
    "leading_hand":"right",
    "leading_conf":1.0,
    "user_id":"ee4cf8be79ad01c9255c2d7b1cf18b0d"
  },
  "15d7c2b9-1454-4478-8954-c4245b198d7a":{
    "bboxes":[
      [
        0.31747708,
        0.36215715,
        0.25920653,
        0.1382099
      ]
    ],
    "labels":[
      "call"
    ],
    "leading_hand":"right",
    "leading_conf":1.0,
    "user_id":"c1f76e8edd4a69ebd58847ede305ae07"
  },
  "177207c2-f7a7-449f-b751-5212f811fcac":{
    "bboxes":[
      [
        0.38391245,
        0.31874976,
        0.07430959,
        0.06425717
      ],
      [
        0.55374044,
        0.61226336,
        0.03004069,
        0.04809003
      ]
    ],
    "labels":[
      "call",
      "no_gesture"
    ],
    "leading_hand":"right",
    "leading_conf":1.0,
    "user_id":"4e440f5dcb40c38bec53162a74a64d24"
  },
  "19ae0c3c-a5d7-4986-b1bb-5ac263a2e7cd":{
    "bboxes":[
      [
        0.3892318,
        0.45019289,
        0.1426594,
        0.12639096
      ]
    ],
    "labels":[
      "call"
    ],
    "leading_hand":"left",
    "leading_conf":1.0,
    "user_id":"5aa73624a7275a6bb9779a761392673d"
  },
  "1a655c28-b690-4f15-992d-eb0288c79a19":{
    "bboxes":[
      [
        0.38599505,
        0.20232069,
        0.22779483,
        0.16859507
      ]
    ],
    "labels":[
      "call"
    ],
    "leading_hand":"left",
    "leading_conf":1.0,
    "user_id":"e4b10cf7fbc3ad91bd8b06fcb76dfa4f"
  },
  "1b082353-b9e8-43ed-aecc-9d2a879346c7":{
    "bboxes":[
      [
        0.27848668,
        0.40203343,
        0.21259072,
        0.15288092
      ]
    ],
    "labels":[
      "call"
    ],
    "leading_hand":"right",
    "leading_conf":1.0,
    "user_id":"a3bdc52a487dc6aa89850f5209be4fb1"
  },
  "1c297090-8d81-4671-a256-b99ac994c96d":{
    "bboxes":[
      [
        0.47532605,
        0.42727271,
        0.15787158,
        0.10269994
      ]
    ],
    "labels":[
      "call"
    ],
    "leading_hand":"left",
    "leading_conf":1.0,
    "user_id":"9c0967fe626070766f09aa93ac682584"
  },
  "1c73ca86-827f-4e3b-b5bf-5680e75f1bc5":{
    "bboxes":[
      [
        0.41065433,
        0.26460602,
        0.24185765,
        0.20154328
      ]
    ],
    "labels":[
      "call"
    ],
    "leading_hand":"left",
    "leading_conf":1.0,
    "user_id":"51d67a5153a8533c8fc455a97451d4f5"
  },
  "1d33acb4-2c5a-4b33-850e-9c8c625fd855":{
    "bboxes":[
      [
        0.23119987,
        0.40427846,
        0.14383175,
        0.11769406
      ]
    ],
    "labels":[
      "call"
    ],
    "leading_hand":"right",
    "leading_conf":1.0,
    "user_id":"f57f8bd403b7cf886449b800542a637b"
  },
  "1db2c669-d03c-40fa-a313-b28f1339d4e4":{
    "bboxes":[
      [
        0.32649052,
        0.63190778,
        0.07452089,
        0.07874404
      ],
      [
        0.53425,
        0.31519649,
        0.12060136,
        0.07323325
      ]
    ],
    "labels":[
      "no_gesture",
      "call"
    ],
    "leading_hand":"left",
    "leading_conf":1.0,
    "user_id":"542e907e3e208a16c9e199d45ab9ae04"
  },
  "1eb5b012-ef66-48a3-81bc-f44a8e142f39":{
    "bboxes":[
      [
        0.29400979,
        0.31637586,
        0.19961486,
        0.10451901
      ]
    ],
    "labels":[
      "call"
    ],
    "leading_hand":"right",
    "leading_conf":1.0,
    "user_id":"4fc67ea0c981b62811ea5effd991321f"
  },
  "2169bf59-923a-453d-809a-d3368e049838":{
    "bboxes":[
      [
        0.34690431,
        0.48541905,
        0.11855153,
        0.08348507
      ]
    ],
    "labels":[
      "call"
    ],
    "leading_hand":"right",
    "leading_conf":1.0,
    "user_id":"28ed3add1038ba7dd975ef8b564a88c1"
  },
  "233c8322-a59c-496a-b1c2-4f1da441bbb2":{
    "bboxes":[
      [
        0.38445103,
        0.3430915,
        0.16259433,
        0.1248682
      ]
    ],
    "labels":[
      "call"
    ],
    "leading_hand":"right",
    "leading_conf":1.0,
    "user_id":"d72ef3e64df969d93b65e77209943dc3"
  },
  "23ceed35-7032-4eea-b27a-3868833418a0":{
    "bboxes":[
      [
        0.49925634,
        0.47575303,
        0.1848182,
        0.12980189
      ]
    ],
    "labels":[
      "call"
    ],
    "leading_hand":"left",
    "leading_conf":1.0,
    "user_id":"605c73c4f52acd1fb2587abf1a602a74"
  },
  "2415d3c8-4646-4331-b07c-2beaebe70bab":{
    "bboxes":[
      [
        0.47353828,
        0.38279522,
        0.24472859,
        0.16492224
      ]
    ],
    "labels":[
      "call"
    ],
    "leading_hand":"left",
    "leading_conf":1.0,
    "user_id":"ac7f72bca67a21255ebd91e1c75fbc8b"
  },
  "241d5477-4f48-42f9-a932-e247493562dd":{
    "bboxes":[
      [
        0.58868731,
        0.34907695,
        0.18070919,
        0.13596323
      ]
    ],
    "labels":[
      "call"
    ],
    "leading_hand":"left",
    "leading_conf":1.0,
    "user_id":"af930c73c83f19f136ca9d31d3922e4d"
  },
  "24ca9799-5870-4ea8-8809-01b6c541b25e":{
    "bboxes":[
      [
        0.37818981,
        0.39633199,
        0.13161685,
        0.15954823
      ]
    ],
    "labels":[
      "call"
    ],
    "leading_hand":"right",
    "leading_conf":1.0,
    "user_id":"b9dfe7c47f71adc85a50df6f932b056d"
  },
  "26fdc96b-e3fe-4a39-96d2-c567d6893a4b":{
    "bboxes":[
      [
        0.4475143,
        0.16737093,
        0.19624291,
        0.15737587
      ]
    ],
    "labels":[
      "call"
    ],
    "leading_hand":"left",
    "leading_conf":0.8,
    "user_id":"7fed0d107cc5a4f4b458cbd1e8003d51"
  },
  "27ed2f59-5d2f-4fac-bab7-5cdf432d7fb2":{
    "bboxes":[
      [
        0.59281599,
        0.04505599,
        0.04198129,
        0.12935241
      ],
      [
        0.61893598,
        0.49995845,
        0.04275757,
        0.09877828
      ]
    ],
    "labels":[
      "call",
      "no_gesture"
    ],
    "leading_hand":"right",
    "leading_conf":1.0,
    "user_id":"64a1d36f74831086ed9b827660f8552d"
  },
  "2a703eeb-4446-457e-9aa9-d9265760c9b2":{
    "bboxes":[
      [
        0.39907057,
        0.56217973,
        0.11877787,
        0.09083621
      ]
    ],
    "labels":[
      "call"
    ],
    "leading_hand":"right",
    "leading_conf":1.0,
    "user_id":"5a1467460c0baf113abe17a2658c779d"
  },
  "2c95a177-fbaf-4036-9319-eb0eefa3e82f":{
    "bboxes":[
      [
        0.5566227,
        0.47942423,
        0.15746956,
        0.10230238
      ]
    ],
    "labels":[
      "call"
    ],
    "leading_hand":"left",
    "leading_conf":1.0,
    "user_id":"4ddcd492ab58968671d0c7589d79f312"
  },
  "2d39efbc-5fe1-4d30-8669-b9f68888d881":{
    "bboxes":[
      [
        0.3475761,
        0.82852195,
        0.04531888,
        0.06865274
      ],
      [
        0.49259314,
        0.52495539,
        0.09190391,
        0.05848462
      ]
    ],
    "labels":[
      "no_gesture",
      "call"
    ],
    "leading_hand":"left",
    "leading_conf":1.0,
    "user_id":"e4dfe8860e51162b9887d1a14b2b5ba0"
  },
  "2d779d1b-451b-4af0-a2d8-ffc1aebfa5c8":{
    "bboxes":[
      [
        0.30579366,
        0.48453079,
        0.24282068,
        0.07855971
      ]
    ],
    "labels":[
      "call"
    ],
    "leading_hand":"right",
    "leading_conf":1.0,
    "user_id":"186e2788b6edca93729500cd071e821a"
  },
  "2e0192c7-54e1-4f2c-aa80-7598e7b5a0e5":{
    "bboxes":[
      [
        0.30186064,
        0.35405267,
        0.20543072,
        0.12819179
      ],
      [
        0.45869914,
        0.73836276,
        0.19556042,
        0.12272422
      ]
    ],
    "labels":[
      "call",
      "no_gesture"
    ],
    "leading_hand":"right",
    "leading_conf":1.0,
    "user_id":"5d83925f7be07570c33d94e03263e30c"
  },
  "2e5f7ee0-5222-409f-8d5c-ce2a8c3fd5aa":{
    "bboxes":[
      [
        0.57271274,
        0.3983934,
        0.19610096,
        0.15637898
      ]
    ],
    "labels":[
      "call"
    ],
    "leading_hand":"left",
    "leading_conf":1.0,
    "user_id":"f7e88048acb30a75306b3c76be4fb73c"
  },
  "2f4ab906-e462-42e0-ad23-fe37b7def80b":{
    "bboxes":[
      [
        0.4313276,
        0.15805544,
        0.11296392,
        0.17345794
      ]
    ],
    "labels":[
      "call"
    ],
    "leading_hand":"right",
    "leading_conf":1.0,
    "user_id":"a0efcffac9b91d42708499e5cc0f2c5f"
  },
  "30f626b2-fabb-47ac-99e7-4858fa99309c":{
    "bboxes":[
      [
        0.54888833,
        0.29835967,
        0.14411626,
        0.11957314
      ]
    ],
    "labels":[
      "call"
    ],
    "leading_hand":"left",
    "leading_conf":0.8,
    "user_id":"af930c73c83f19f136ca9d31d3922e4d"
  },
  "31121d1c-d696-4886-98cd-218594b4a953":{
    "bboxes":[
      [
        0.27407016,
        0.30120495,
        0.19423096,
        0.13293961
      ]
    ],
    "labels":[
      "call"
    ],
    "leading_hand":"right",
    "leading_conf":1.0,
    "user_id":"917eae1e545da908b26cde8e3bfa2299"
  },
  "35bbb06f-cf51-45dd-aef1-224d09686760":{
    "bboxes":[
      [
        0.37029867,
        0.32011347,
        0.2995632,
        0.19077772
      ]
    ],
    "labels":[
      "call"
    ],
    "leading_hand":"left",
    "leading_conf":1.0,
    "user_id":"2f82471c7e050533e191fa0a7a39f777"
  },
  "393d3a4a-2841-4e23-8c24-959f5e23b42a":{
    "bboxes":[
      [
        0.25451209,
        0.48002463,
        0.32807239,
        0.16802148
      ]
    ],
    "labels":[
      "call"
    ],
    "leading_hand":"right",
    "leading_conf":1.0,
    "user_id":"9ebe0fb8bfd9f03e25b5cfa07ab34f9c"
  },
  "3a040604-a613-448e-a19a-2d8068a75754":{
    "bboxes":[
      [
        0.54161732,
        0.2424196,
        0.2112617,
        0.21306027
      ]
    ],
    "labels":[
      "call"
    ],
    "leading_hand":"left",
    "leading_conf":1.0,
    "user_id":"a30fb11c087e1403a3211bb347b88efe"
  },
  "3d81b2fb-22fe-4a2b-8419-7ef76ea8d6cb":{
    "bboxes":[
      [
        0.35048176,
        0.25394904,
        0.19134697,
        0.13270146
      ]
    ],
    "labels":[
      "call"
    ],
    "leading_hand":"right",
    "leading_conf":1.0,
    "user_id":"0041ec866777f12c384b64d8cd636277"
  },
  "3eeb973a-aa55-451e-a18e-168fac37b8d1":{
    "bboxes":[
      [
        0.45204417,
        0.15071328,
        0.15531074,
        0.16689697
      ]
    ],
    "labels":[
      "call"
    ],
    "leading_hand":"left",
    "leading_conf":1.0,
    "user_id":"be064a924946d83405001d482f1ee1f9"
  },
  "3f2b8cbc-dbef-41e9-ae06-ec3c0f7864db":{
    "bboxes":[
      [
        0.35762144,
        0.40511081,
        0.16476446,
        0.12255187
      ]
    ],
    "labels":[
      "call"
    ],
    "leading_hand":"right",
    "leading_conf":1.0,
    "user_id":"c944a2645f4f5ba346538db04df659c6"
  },
  "3f6ae29e-c8e9-42e6-8d1d-ede9519672a9":{
    "bboxes":[
      [
        0.3645242,
        0.34191765,
        0.16572653,
        0.11266151
      ]
    ],
    "labels":[
      "call"
    ],
    "leading_hand":"right",
    "leading_conf":1.0,
    "user_id":"6e108b9a18ab4abc3a797bee653331b4"
  },
  "409f9cd7-9aca-4cb0-9667-5a1936d40368":{
    "bboxes":[
      [
        0.37788704,
        0.31164739,
        0.21188037,
        0.10755641
      ]
    ],
    "labels":[
      "call"
    ],
    "leading_hand":"left",
    "leading_conf":1.0,
    "user_id":"48cce8adf10b5a533c7eb07ab8238c6e"
  },
  "42326f83-c770-4954-885c-d04fe4e51aef":{
    "bboxes":[
      [
        0.45006209,
        0.24199801,
        0.23601327,
        0.1829587
      ]
    ],
    "labels":[
      "call"
    ],
    "leading_hand":"left",
    "leading_conf":1.0,
    "user_id":"0d736651643c333dbb3b33ab30790aa5"
  },
  "42f37db3-926a-4bc4-96b5-a931be3ca468":{
    "bboxes":[
      [
        0.32029729,
        0.27860428,
        0.18799368,
        0.12582157
      ]
    ],
    "labels":[
      "call"
    ],
    "leading_hand":"right",
    "leading_conf":1.0,
    "user_id":"1614e7490839e6f7e5a82539db6a9804"
  },
  "43942801-5680-4b32-a306-8f05367adf5d":{
    "bboxes":[
      [
        0.54907065,
        0.5057855,
        0.21407766,
        0.14590836
      ]
    ],
    "labels":[
      "call"
    ],
    "leading_hand":"left",
    "leading_conf":1.0,
    "user_id":"98b8a76d7eb2ff148f951b16ef60d7b3"
  },
  "45f96fed-18c0-44ef-ac7e-40fc5eeea9e5":{
    "bboxes":[
      [
        0.26279785,
        0.36509989,
        0.1920554,
        0.13112499
      ]
    ],
    "labels":[
      "call"
    ],
    "leading_hand":"right",
    "leading_conf":1.0,
    "user_id":"75a8df4d7a9ff52731de895d941ef3f0"
  },
  "47d508b0-e27a-4c51-84a9-674d39cf4dfe":{
    "bboxes":[
      [
        0.35576773,
        0.465396,
        0.20835132,
        0.12867318
      ]
    ],
    "labels":[
      "call"
    ],
    "leading_hand":"left",
    "leading_conf":1.0,
    "user_id":"afea41fa55adc565966c6c9756577ba9"
  },
  "489a18f2-0665-4ef6-9a27-56720328251a":{
    "bboxes":[
      [
        0.35477956,
        0.27845606,
        0.18693053,
        0.16447384
      ]
    ],
    "labels":[
      "call"
    ],
    "leading_hand":"right",
    "leading_conf":1.0,
    "user_id":"c513ef65c25896838b1c5538922c3839"
  },
  "4928b1aa-c1ec-41eb-b120-365518b115b3":{
    "bboxes":[
      [
        0.52384711,
        0.42901629,
        0.17273787,
        0.09913633
      ]
    ],
    "labels":[
      "call"
    ],
    "leading_hand":"left",
    "leading_conf":1.0,
    "user_id":"e2e19bdde2cb3589f65fc3353bd49921"
  },
  "49ed91b8-3233-4e30-bbfa-20ea12c22738":{
    "bboxes":[
      [
        0.50072128,
        0.47863087,
        0.20831642,
        0.146384
      ]
    ],
    "labels":[
      "call"
    ],
    "leading_hand":"left",
    "leading_conf":1.0,
    "user_id":"9534d0283e15b0737ef4a9772e425524"
  },
  "4cb9b48e-9b9a-480b-a95f-e00282a023c6":{
    "bboxes":[
      [
        0.49274667,
        0.33061833,
        0.21214456,
        0.16558533
      ]
    ],
    "labels":[
      "call"
    ],
    "leading_hand":"left",
    "leading_conf":1.0,
    "user_id":"d09eced3b466e3d39759e1b62e9c9143"
  },
  "4e5da40f-d6b1-4832-a2f1-9e09f1fec80b":{
    "bboxes":[
      [
        0.30012092,
        0.44234994,
        0.17533213,
        0.26615635
      ]
    ],
    "labels":[
      "call"
    ],
    "leading_hand":"right",
    "leading_conf":1.0,
    "user_id":"5fff49af5013a36fe8adba17f8cc1441"
  },
  "521f5340-0f3c-4d14-b0c7-ed75ef910998":{
    "bboxes":[
      [
        0.26498279,
        0.44162511,
        0.19583557,
        0.11927692
      ]
    ],
    "labels":[
      "call"
    ],
    "leading_hand":"right",
    "leading_conf":1.0,
    "user_id":"8183988ea37502ff36c95c3339fce338"
  },
  "550bb1de-e460-429e-a394-da515dfd9169":{
    "bboxes":[
      [
        0.47427393,
        0.4435,
        0.22113934,
        0.16003427
      ]
    ],
    "labels":[
      "call"
    ],
    "leading_hand":"left",
    "leading_conf":1.0,
    "user_id":"b03043bc59a68cdcc3b2b0cd91419dd2"
  },
  "557f74dc-c4a3-4d39-bdfc-4dbe497fb398":{
    "bboxes":[
      [
        0.40351764,
        0.42392756,
        0.22584138,
        0.16421628
      ]
    ],
    "labels":[
      "call"
    ],
    "leading_hand":"left",
    "leading_conf":1.0,
    "user_id":"fa23b8fc7ecdc589667b0b79a8b45d8d"
  },
  "559b7c8d-b8d1-429e-92c6-9aa0784916bc":{
    "bboxes":[
      [
        0.38218527,
        0.61738892,
        0.03615994,
        0.07964785
      ],
      [
        0.50060347,
        0.3334553,
        0.09083492,
        0.0530415
      ]
    ],
    "labels":[
      "no_gesture",
      "call"
    ],
    "leading_hand":"left",
    "leading_conf":1.0,
    "user_id":"4a4e86e6e8219118108cce4976773ff0"
  },
  "5764a93f-5546-4356-93ef-d94457f3b176":{
    "bboxes":[
      [
        0.47051569,
        0.47444878,
        0.13518739,
        0.10385058
      ]
    ],
    "labels":[
      "call"
    ],
    "leading_hand":"left",
    "leading_conf":1.0,
    "user_id":"661dd32c0dcff938ea05e7650fa93e21"
  },
  "577c276d-f78a-45a8-b31d-2d4e59d31a89":{
    "bboxes":[
      [
        0.05360551,
        0.86736456,
        0.12873994,
        0.1211087
      ],
      [
        0.58357262,
        0.33881017,
        0.21174559,
        0.11093761
      ]
    ],
    "labels":[
      "no_gesture",
      "call"
    ],
    "leading_hand":"left",
    "leading_conf":1.0,
    "user_id":"a07b23e0d96baa07d950e2a8a4a22392"
  },
  "579fde92-2d38-4496-892d-1e62bcfedeee":{
    "bboxes":[
      [
        0.51491295,
        0.47453097,
        0.11458852,
        0.09373333
      ]
    ],
    "labels":[
      "call"
    ],
    "leading_hand":"left",
    "leading_conf":1.0,
    "user_id":"43f2e1aa2408a0be8030d8abbfcda8ea"
  },
  "57c67b50-a3e8-4b73-8ff1-16b34c00c1b8":{
    "bboxes":[
      [
        0.30192152,
        0.34852589,
        0.19315117,
        0.15602053
      ]
    ],
    "labels":[
      "call"
    ],
    "leading_hand":"right",
    "leading_conf":1.0,
    "user_id":"d357f5eadf615e1ff1d0c18e481c3681"
  },
  "58e7fe0a-79e7-461c-a173-bd40020cac75":{
    "bboxes":[
      [
        0.27929261,
        0.88747773,
        0.10482803,
        0.10706176
      ],
      [
        0.58182388,
        0.35557427,
        0.14493508,
        0.1273312
      ]
    ],
    "labels":[
      "no_gesture",
      "call"
    ],
    "leading_hand":"left",
    "leading_conf":1.0,
    "user_id":"6bb58191d13747d59e878c6cfc40d514"
  },
  "5ade9bf2-07bd-4d9b-b3a3-fc736267cfeb":{
    "bboxes":[
      [
        0.33274669,
        0.29345319,
        0.18164865,
        0.13013137
      ]
    ],
    "labels":[
      "call"
    ],
    "leading_hand":"right",
    "leading_conf":1.0,
    "user_id":"55161e293beeb63678bcc46317c3af23"
  },
  "5b480cb2-c82e-4111-a079-0930c85c0310":{
    "bboxes":[
      [
        0.25316167,
        0.26249333,
        0.18575333,
        0.16539833
      ]
    ],
    "labels":[
      "call"
    ],
    "leading_hand":"right",
    "leading_conf":1.0,
    "user_id":"43257647843122b5e001bd32d5753af5"
  },
  "5bc7c129-fb22-4b18-9fc9-d6f4e580d7af":{
    "bboxes":[
      [
        0.50794387,
        0.24574142,
        0.13599226,
        0.15536772
      ]
    ],
    "labels":[
      "call"
    ],
    "leading_hand":"left",
    "leading_conf":1.0,
    "user_id":"a2624e27043a232262c4c5ba4be3d5f8"
  },
  "5c521826-b4a7-4784-aac7-8cd18b26e004":{
    "bboxes":[
      [
        0.43319537,
        0.25919417,
        0.06497284,
        0.10581314
      ]
    ],
    "labels":[
      "call"
    ],
    "leading_hand":"right",
    "leading_conf":1.0,
    "user_id":"feea6c22175f962ab28452f7314d1bc0"
  },
  "5e300741-c3f3-45ae-ae8c-a7bd06e33742":{
    "bboxes":[
      [
        0.44103598,
        0.37445601,
        0.206139,
        0.29733116
      ]
    ],
    "labels":[
      "call"
    ],
    "leading_hand":"right",
    "leading_conf":1.0,
    "user_id":"eeca4c42239b5418f914ecb16d5fc846"
  },
  "5e7d89ab-6cb3-43b8-b575-88e692d055d1":{
    "bboxes":[
      [
        0.17818376,
        0.55268617,
        0.22931628,
        0.1454542
      ]
    ],
    "labels":[
      "call"
    ],
    "leading_hand":"right",
    "leading_conf":1.0,
    "user_id":"d356ccc1a2031664a43e75ec885cf502"
  },
  "5f3c6eb7-9e0b-4b21-8be8-f2cae2e5c86f":{
    "bboxes":[
      [
        0.35260325,
        0.26148558,
        0.29182016,
        0.1920216
      ]
    ],
    "labels":[
      "call"
    ],
    "leading_hand":"left",
    "leading_conf":1.0,
    "user_id":"332bf617b0c8732ba70f8cb6814b72c3"
  },
  "5f47668c-5763-4a3b-89fb-618907cce335":{
    "bboxes":[
      [
        0.39442925,
        0.39729135,
        0.33480036,
        0.2269436
      ]
    ],
    "labels":[
      "call"
    ],
    "leading_hand":"left",
    "leading_conf":1.0,
    "user_id":"70a57412c419795169ed824c560b0d3e"
  },
  "5f9dc458-490b-4b65-8cbd-347a96e65873":{
    "bboxes":[
      [
        0.2819654,
        0.45845366,
        0.17266461,
        0.13114639
      ]
    ],
    "labels":[
      "call"
    ],
    "leading_hand":"right",
    "leading_conf":1.0,
    "user_id":"e00babd0c17f4c84c09b7a0f1531a10e"
  },
  "60245bee-f975-425b-b003-633a88f2a77f":{
    "bboxes":[
      [
        0.30580909,
        0.31176524,
        0.22237974,
        0.15647655
      ]
    ],
    "labels":[
      "call"
    ],
    "leading_hand":"right",
    "leading_conf":1.0,
    "user_id":"c7bedef5efc2eeb9a84fb27e779a5ac2"
  },
  "63323c2e-07a1-486f-97fa-4f7d9f4268ae":{
    "bboxes":[
      [
        0.38021533,
        0.33801069,
        0.22545733,
        0.14690032
      ]
    ],
    "labels":[
      "call"
    ],
    "leading_hand":"left",
    "leading_conf":1.0,
    "user_id":"332bf617b0c8732ba70f8cb6814b72c3"
  },
  "633922d1-54f1-480d-bfcc-a70c1a48ef6a":{
    "bboxes":[
      [
        0.32938695,
        0.40348854,
        0.18692124,
        0.1295028
      ]
    ],
    "labels":[
      "call"
    ],
    "leading_hand":"right",
    "leading_conf":1.0,
    "user_id":"495e54f6529edc995039a355e890abce"
  },
  "6465fb68-b8ba-45ff-ab55-e4eb2a40c666":{
    "bboxes":[
      [
        0.2260723,
        0.39706659,
        0.19109671,
        0.14279859
      ]
    ],
    "labels":[
      "call"
    ],
    "leading_hand":"right",
    "leading_conf":1.0,
    "user_id":"d644a9d06713545bf6ed7396bd434476"
  },
  "67628bed-7a5f-4fc2-8c5d-116230095baf":{
    "bboxes":[
      [
        0.45485478,
        0.26418751,
        0.17285209,
        0.10148953
      ]
    ],
    "labels":[
      "call"
    ],
    "leading_hand":"left",
    "leading_conf":1.0,
    "user_id":"e4dfe8860e51162b9887d1a14b2b5ba0"
  },
  "67dd98d0-c933-451c-a97f-f28bd714210f":{
    "bboxes":[
      [
        0.35635373,
        0.37929652,
        0.07109565,
        0.10696624
      ]
    ],
    "labels":[
      "call"
    ],
    "leading_hand":"right",
    "leading_conf":1.0,
    "user_id":"dd36ade10b6b755e88cf0ecf8fa1358d"
  },
  "68565ba3-8889-4da4-82ef-2736ed2cf732":{
    "bboxes":[
      [
        0.44105809,
        0.43073973,
        0.08441872,
        0.05265057
      ]
    ],
    "labels":[
      "call"
    ],
    "leading_hand":"right",
    "leading_conf":1.0,
    "user_id":"20c98b12ba4ba4d1d62cd6ff6ad3ffed"
  },
  "688a3bd4-7d90-4c82-bb62-d7e45af414e1":{
    "bboxes":[
      [
        0.62508588,
        0.41177431,
        0.16557714,
        0.12265757
      ]
    ],
    "labels":[
      "call"
    ],
    "leading_hand":"left",
    "leading_conf":1.0,
    "user_id":"42c08d18b1a06ea1665f63568e1f72b1"
  },
  "68def5d5-3f62-4b16-9904-0a9e7fdc9a58":{
    "bboxes":[
      [
        0.47639405,
        0.36602024,
        0.25607141,
        0.18766968
      ]
    ],
    "labels":[
      "call"
    ],
    "leading_hand":"right",
    "leading_conf":1.0,
    "user_id":"644c83ccd2afe529cd775ed9c1225c88"
  },
  "69c8d6e4-e988-4758-9fe4-1cd3107b18c2":{
    "bboxes":[
      [
        0.33289385,
        0.32420429,
        0.24250723,
        0.23218456
      ]
    ],
    "labels":[
      "call"
    ],
    "leading_hand":"left",
    "leading_conf":1.0,
    "user_id":"f831609567ff333277c8dff81e293c8c"
  },
  "6b5683c4-512d-480e-894f-b612235740df":{
    "bboxes":[
      [
        0.4790425,
        0.4061996,
        0.20533764,
        0.1152149
      ]
    ],
    "labels":[
      "call"
    ],
    "leading_hand":"left",
    "leading_conf":1.0,
    "user_id":"6db2aaa32af26e56675a77829ab43cad"
  },
  "6b5b7172-97dc-4df7-ad90-77475d6cf8dc":{
    "bboxes":[
      [
        0.46237381,
        0.17771374,
        0.18600948,
        0.13283718
      ]
    ],
    "labels":[
      "call"
    ],
    "leading_hand":"left",
    "leading_conf":1.0,
    "user_id":"94394bd2e03cec9f6e8e84ad3ac97c6d"
  },
  "6b5c854c-c228-4be5-b1ad-ada5a45eec00":{
    "bboxes":[
      [
        0.37659568,
        0.32402697,
        0.18152208,
        0.13497891
      ]
    ],
    "labels":[
      "call"
    ],
    "leading_hand":"right",
    "leading_conf":1.0,
    "user_id":"7327d16fa6a52a7447cb748cc533b427"
  },
  "6d6ada5f-824a-4529-94f7-a96f525b748d":{
    "bboxes":[
      [
        0.23079614,
        0.43770106,
        0.12082089,
        0.11011478
      ],
      [
        0.41624498,
        0.48754517,
        0.11204072,
        0.12379559
      ]
    ],
    "labels":[
      "call",
      "no_gesture"
    ],
    "leading_hand":"right",
    "leading_conf":1.0,
    "user_id":"4266f09c0417ca3f56835346411450f6"
  },
  "718064f8-1f12-467a-9a6f-076e1d95c2e1":{
    "bboxes":[
      [
        0.28046947,
        0.56719191,
        0.1448199,
        0.1006004
      ]
    ],
    "labels":[
      "call"
    ],
    "leading_hand":"right",
    "leading_conf":1.0,
    "user_id":"a1a87122db0d24da910e1a9bae4ad5e1"
  },
  "71f034b8-0603-4947-bbaf-16370366a92f":{
    "bboxes":[
      [
        0.35585445,
        0.45590908,
        0.20874285,
        0.15629401
      ]
    ],
    "labels":[
      "call"
    ],
    "leading_hand":"right",
    "leading_conf":1.0,
    "user_id":"288381119e4fb94e9b703fe41eaa7da7"
  },
  "734958c8-d0df-418f-91dd-75c782a1b870":{
    "bboxes":[
      [
        0.42801155,
        0.37557478,
        0.1036255,
        0.13562252
      ]
    ],
    "labels":[
      "call"
    ],
    "leading_hand":"right",
    "leading_conf":1.0,
    "user_id":"0a9d6db1130b28ec80fc0eecd83756a3"
  },
  "74b2e1f2-7071-4683-bd8c-c23c8b8ceccd":{
    "bboxes":[
      [
        0.45270303,
        0.44382514,
        0.14932038,
        0.1807835
      ]
    ],
    "labels":[
      "call"
    ],
    "leading_hand":"left",
    "leading_conf":1.0,
    "user_id":"e237e533a6ca7f8449e48d07136b19ea"
  },
  "761b2708-23a7-41bd-b76b-f32a9e0f2092":{
    "bboxes":[
      [
        0.40600259,
        0.37789979,
        0.13718242,
        0.12090887
      ]
    ],
    "labels":[
      "call"
    ],
    "leading_hand":"right",
    "leading_conf":1.0,
    "user_id":"0ae06f0192585d755f37b4c276ed7397"
  },
  "76edc5a2-1ee4-4136-9a75-737a49cd9124":{
    "bboxes":[
      [
        0.46368366,
        0.36691234,
        0.18586625,
        0.12366665
      ]
    ],
    "labels":[
      "call"
    ],
    "leading_hand":"left",
    "leading_conf":1.0,
    "user_id":"0986034fa603b8a46db93db14e3448b4"
  }
}