{
  "001c6f56-85cf-4e45-bfc1-1af53c0e501b":{
    "bboxes":[
      [
        0.29848959,
        0.56869285,
        0.07580751,
        0.06830282
      ],
      [
        0.47884104,
        0.3353942,
        0.08987013,
        0.09639664
      ]
    ],
    "labels":[
      "no_gesture",
      "dislike"
    ],
    "leading_hand":"left",
    "leading_conf":1.0,
    "user_id":"2d4b023d5ac29d0f53c92d697966fcd8"
  },
  "002b80a7-3292-4202-9a25-d6c8aac83a1e":{
    "bboxes":[
      [
        0.29465646,
        0.84238796,
        0.15554635,
        0.09581099
      ],
      [
        0.47209969,
        0.48938827,
        0.14441872,
        0.10660058
      ]
    ],
    "labels":[
      "no_gesture",
      "dislike"
    ],
    "leading_hand":"left",
    "leading_conf":1.0,
    "user_id":"55d3d105413ed05048088759fc26eb9f"
  },
  "002df411-ccd1-4949-8540-11683821faa3":{
    "bboxes":[
      [
        0.3012859,
        0.20967595,
        0.10979249,
        0.12214336
      ],
      [
        0.66215607,
        0.7327155,
        0.1026638,
        0.13769088
      ]
    ],
    "labels":[
      "dislike",
      "no_gesture"
    ],
    "leading_hand":"right",
    "leading_conf":1.0,
    "user_id":"20bfc437b511c9a4b6c49a6d88fc5a34"
  },
  "002e5485-87dd-4b79-a9ef-c6a1d723e67b":{
    "bboxes":[
      [
        0.23585067,
        0.67519586,
        0.06739478,
        0.08984303
      ],
      [
        0.49861325,
        0.26719229,
        0.08662546,
        0.09429372
      ]
    ],
    "labels":[
      "no_gesture",
      "dislike"
    ],
    "leading_hand":"left",
    "leading_conf":1.0,
    "user_id":"3396a5af296df2cdcf4a597c5da33743"
  },
  "00481821-8795-4011-bc0a-67f99fa53cac":{
    "bboxes":[
      [
        0.44343412,
        0.1741347,
        0.04166024,
        0.13224127
      ],
      [
        0.56478305,
        0.57104644,
        0.03492798,
        0.10973228
      ]
    ],
    "labels":[
      "dislike",
      "no_gesture"
    ],
    "leading_hand":"right",
    "leading_conf":1.0,
    "user_id":"6852e380b15991a353297c3871d2103a"
  },
  "00713c1a-007e-4651-bef5-09c4019f19c6":{
    "bboxes":[
      [
        0.46864302,
        0.42210965,
        0.0878205,
        0.0738237
      ],
      [
        0.53766225,
        0.64271497,
        0.0772895,
        0.04800445
      ]
    ],
    "labels":[
      "dislike",
      "no_gesture"
    ],
    "leading_hand":"right",
    "leading_conf":1.0,
    "user_id":"af12d141c1eccb5c2d9b1366d1efe398"
  },
  "0071b6c0-36d3-4221-a5a3-4409d6305db5":{
    "bboxes":[
      [
        0.176545,
        0.82167276,
        0.12226735,
        0.08321844
      ],
      [
        0.46682447,
        0.46620777,
        0.16360116,
        0.0839065
      ]
    ],
    "labels":[
      "no_gesture",
      "dislike"
    ],
    "leading_hand":"left",
    "leading_conf":1.0,
    "user_id":"057ec4717b390374fd014fcb411370c1"
  },
  "00a5bf41-da88-49cd-88b5-b7d0a4e6158f":{
    "bboxes":[
      [
        0.31853338,
        0.41782081,
        0.1225686,
        0.08401091
      ],
      [
        0.72601175,
        0.80335501,
        0.08017762,
        0.08193379
      ]
    ],
    "labels":[
      "dislike",
      "no_gesture"
    ],
    "leading_hand":"right",
    "leading_conf":1.0,
    "user_id":"d4c38b98df75f0ba4df56ec93789d89b"
  },
  "00a5fd8f-84e6-44df-ac84-f5bd4d4eb5ba":{
    "bboxes":[
      [
        0.33230561,
        0.30011374,
        0.05995564,
        0.06605066
      ],
      [
        0.48470912,
        0.52633208,
        0.04601417,
        0.05628904
      ]
    ],
    "labels":[
      "dislike",
      "no_gesture"
    ],
    "leading_hand":"right",
    "leading_conf":1.0,
    "user_id":"d4b9ec0548d139b2a727906acec12579"
  },
  "00aa11ca-ec30-48f0-91da-bb717bdf8b57":{
    "bboxes":[
      [
        0.17966044,
        0.81410335,
        0.09802167,
        0.08902737
      ],
      [
        0.47449362,
        0.46132643,
        0.11010093,
        0.07382847
      ]
    ],
    "labels":[
      "no_gesture",
      "dislike"
    ],
    "leading_hand":"left",
    "leading_conf":1.0,
    "user_id":"74587681ae2f614787d2bda8e1c6101b"
  },
  "00af742c-20c2-4f9e-a31a-4503ea86a8bb":{
    "bboxes":[
      [
        0.18339196,
        0.78642421,
        0.08661854,
        0.11210721
      ],
      [
        0.5335417,
        0.35038037,
        0.0832283,
        0.10144538
      ]
    ],
    "labels":[
      "no_gesture",
      "dislike"
    ],
    "leading_hand":"left",
    "leading_conf":1.0,
    "user_id":"9cf0cf83e903677df1520626ba0def4f"
  },
  "00b64ffb-daf5-4e70-b28f-e837120a5e87":{
    "bboxes":[
      [
        0.39346371,
        0.73071136,
        0.10811558,
        0.12413142
      ]
    ],
    "labels":[
      "dislike"
    ],
    "leading_hand":"right",
    "leading_conf":1.0,
    "user_id":"69a86982f8a873f9d2b251f97a895f7c"
  },
  "00b957ea-701f-4315-bec3-d907da2f9aa8":{
    "bboxes":[
      [
        0.1066968,
        0.87482793,
        0.25679273,
        0.12415976
      ],
      [
        0.38892119,
        0.46253699,
        0.15113508,
        0.17532393
      ]
    ],
    "labels":[
      "no_gesture",
      "dislike"
    ],
    "leading_hand":"left",
    "leading_conf":1.0,
    "user_id":"0f306c1bf6e652d017fe076ee9300c65"
  },
  "00c6bd08-0c39-44d9-8d90-bc89df46316a":{
    "bboxes":[
      [
        0.34870935,
        0.71893031,
        0.04759481,
        0.04420079
      ],
      [
        0.55129875,
        0.48352282,
        0.07221365,
        0.04730242
      ]
    ],
    "labels":[
      "no_gesture",
      "dislike"
    ],
    "leading_hand":"left",
    "leading_conf":1.0,
    "user_id":"26ee84e399306cea75a22d1cdd65b6e3"
  },
  "00c77059-12b4-4334-93e5-545d100179fb":{
    "bboxes":[
      [
        0.31343099,
        0.80513189,
        0.11744201,
        0.14191766
      ],
      [
        0.42771895,
        0.45491662,
        0.1019818,
        0.09404668
      ]
    ],
    "labels":[
      "no_gesture",
      "dislike"
    ],
    "leading_hand":"left",
    "leading_conf":1.0,
    "user_id":"9a08caf636708c8e3071606541a7465c"
  },
  "00d5944d-922c-4f56-bf60-2d9c4ade51a7":{
    "bboxes":[
      [
        0.4944379,
        0.41448804,
        0.13114116,
        0.1197761
      ],
      [
        0.72820939,
        0.88842583,
        0.08532166,
        0.1110798
      ]
    ],
    "labels":[
      "dislike",
      "no_gesture"
    ],
    "leading_hand":"right",
    "leading_conf":1.0,
    "user_id":"0c984b1ad5c596af3ad8c4709f875e35"
  },
  "00e78371-4696-42e7-a6af-37bee20614cf":{
    "bboxes":[
      [
        0.4695032,
        0.39059312,
        0.16668277,
        0.10998384
      ]
    ],
    "labels":[
      "dislike"
    ],
    "leading_hand":"right",
    "leading_conf":1.0,
    "user_id":"58ea9de288f379f5abc3ca9a4843027d"
  },
  "0107f95c-635e-4038-ba08-e3ce5d4a44a8":{
    "bboxes":[
      [
        0.36666499,
        0.60474369,
        0.06332161,
        0.0595908
      ],
      [
        0.58089394,
        0.32226907,
        0.06415662,
        0.0695741
      ]
    ],
    "labels":[
      "no_gesture",
      "dislike"
    ],
    "leading_hand":"left",
    "leading_conf":1.0,
    "user_id":"cba5ee3d1bd1c4581965f36bec71f397"
  },
  "0109ef7a-a595-412d-8622-05c4cc5eca73":{
    "bboxes":[
      [
        0.29407954,
        0.63915522,
        0.06369535,
        0.0831732
      ],
      [
        0.52630882,
        0.38193478,
        0.09202477,
        0.09763387
      ]
    ],
    "labels":[
      "no_gesture",
      "dislike"
    ],
    "leading_hand":"left",
    "leading_conf":1.0,
    "user_id":"4827776669e52c911c3870ce2cff512e"
  },
  "012210d4-d9d4-423b-bb5a-d014c8e34832":{
    "bboxes":[
      [
        0.06345361,
        0.53341139,
        0.19027088,
        0.24831334
      ]
    ],
    "labels":[
      "dislike"
    ],
    "leading_hand":"right",
    "leading_conf":1.0,
    "user_id":"f6dc8e0e831851382f499cd822caab35"
  },
  "0143a273-46c9-43a2-856e-79386a33e7ec":{
    "bboxes":[
      [
        0.24070718,
        0.35665933,
        0.16191968,
        0.14241103
      ],
      [
        0.76540961,
        0.76072814,
        0.09869726,
        0.12699737
      ]
    ],
    "labels":[
      "dislike",
      "no_gesture"
    ],
    "leading_hand":"right",
    "leading_conf":1.0,
    "user_id":"f98d53b59a2eb3ce1459da9dcd8cd6b1"
  },
  "0148cde9-a86d-47a3-a0bf-ca4659042aab":{
    "bboxes":[
      [
        0.33243498,
        0.24579402,
        0.06045044,
        0.06147423
      ],
      [
        0.55618399,
        0.51118953,
        0.04352022,
        0.06287728
      ]
    ],
    "labels":[
      "dislike",
      "no_gesture"
    ],
    "leading_hand":"right",
    "leading_conf":1.0,
    "user_id":"e31543b785d4742eba6b542d550b9708"
  },
  "016a9ac0-9257-4bb6-8291-d4b206fd4fb9":{
    "bboxes":[
      [
        0.54185802,
        0.23004265,
        0.09245024,
        0.09970054
      ]
    ],
    "labels":[
      "dislike"
    ],
    "leading_hand":"left",
    "leading_conf":1.0,
    "user_id":"7c2b5520a27ed18c7fb2daa628820d8b"
  },
  "0182dc90-3c8f-46f1-8ebb-f7e40cedf8c7":{
    "bboxes":[
      [
        0.46368968,
        0.2630126,
        0.11462228,
        0.21532367
      ],
      [
        0.67690392,
        0.58743465,
        0.11217013,
        0.19486201
      ]
    ],
    "labels":[
      "dislike",
      "no_gesture"
    ],
    "leading_hand":"right",
    "leading_conf":1.0,
    "user_id":"0643167a004769b4c1cbd7955f5d9b83"
  },
  "01883f07-2dc8-4e88-b2da-01e7149b6029":{
    "bboxes":[
      [
        0.65021777,
        0.26591318,
        0.06752584,
        0.13020834
      ]
    ],
    "labels":[
      "dislike"
    ],
    "leading_hand":"left",
    "leading_conf":1.0,
    "user_id":"f28a23e93f045d10b86d61b6ac230963"
  },
  "01a32780-812b-4d8b-90b4-4f0fb902448b":{
    "bboxes":[
      [
        0.39128549,
        0.24376526,
        0.08536763,
        0.08614711
      ],
      [
        0.60091954,
        0.61214597,
        0.07479207,
        0.09369908
      ]
    ],
    "labels":[
      "dislike",
      "no_gesture"
    ],
    "leading_hand":"right",
    "leading_conf":1.0,
    "user_id":"cdc5c9b47f72cc3820c2c9074ed6ac99"
  },
  "01c586e2-c05c-4a10-bca5-c340f69b2443":{
    "bboxes":[
      [
        0.14946896,
        0.22191772,
        0.17843459,
        0.19248085
      ],
      [
        0.79447865,
        0.78440229,
        0.14770403,
        0.18543419
      ]
    ],
    "labels":[
      "dislike",
      "no_gesture"
    ],
    "leading_hand":"right",
    "leading_conf":1.0,
    "user_id":"81c791e10603c09b4270940bdbf92c6e"
  },
  "01c9313e-c0d5-446e-a454-3673d4bc7dae":{
    "bboxes":[
      [
        0.40875917,
        0.81072902,
        0.05566303,
        0.06862189
      ],
      [
        0.54167323,
        0.51563135,
        0.05766073,
        0.07141532
      ]
    ],
    "labels":[
      "no_gesture",
      "dislike"
    ],
    "leading_hand":"left",
    "leading_conf":1.0,
    "user_id":"99ca50795ba367f105e4eb3695a0342e"
  },
  "01cd380c-9e4c-4cba-85e6-cf7e44cbfe5b":{
    "bboxes":[
      [
        0.24721755,
        0.38682171,
        0.15369825,
        0.13878136
      ]
    ],
    "labels":[
      "dislike"
    ],
    "leading_hand":"right",
    "leading_conf":1.0,
    "user_id":"a28cadb56b34a58ad28fed12be509ed2"
  },
  "01ee26d8-fea6-4b81-9117-ddbdc68936d1":{
    "bboxes":[
      [
        0.43194991,
        0.41932325,
        0.09469878,
        0.10494929
      ],
      [
        0.77207576,
        0.8442464,
        0.07923514,
        0.08866477
      ]
    ],
    "labels":[
      "dislike",
      "no_gesture"
    ],
    "leading_hand":"right",
    "leading_conf":1.0,
    "user_id":"013b1148f093a60075d1e33f97fa047c"
  },
  "01f05cf2-fbf8-451d-b7b4-def80b698952":{
    "bboxes":[
      [
        0.18515829,
        0.80265125,
        0.10912573,
        0.09843892
      ],
      [
        0.55863936,
        0.44820956,
        0.13565007,
        0.09396782
      ]
    ],
    "labels":[
      "no_gesture",
      "dislike"
    ],
    "leading_hand":"left",
    "leading_conf":1.0,
    "user_id":"49f78293d9833b724a9184e618626780"
  },
  "01f81861-93cc-402a-9a0b-1f16f1683b09":{
    "bboxes":[
      [
        0.37043094,
        0.53229449,
        0.07389116,
        0.04830752
      ],
      [
        0.60805254,
        0.77230523,
        0.05548458,
        0.05510519
      ]
    ],
    "labels":[
      "dislike",
      "no_gesture"
    ],
    "leading_hand":"right",
    "leading_conf":1.0,
    "user_id":"813779bb45d4abaaf1fe621c2ee0e054"
  },
  "02015171-9f41-4eee-8956-c3e198d23de8":{
    "bboxes":[
      [
        0.57878611,
        0.17438851,
        0.0743591,
        0.08573071
      ],
      [
        0.81713138,
        0.54758498,
        0.0597747,
        0.07544176
      ]
    ],
    "labels":[
      "dislike",
      "no_gesture"
    ],
    "leading_hand":"right",
    "leading_conf":1.0,
    "user_id":"f29fe9c7dce5eac853ed6c61a8238183"
  },
  "02121efb-618f-4a71-9549-0f33b89f08b3":{
    "bboxes":[
      [
        0.35697522,
        0.335872,
        0.11114451,
        0.13435213
      ],
      [
        0.73155905,
        0.8348099,
        0.09647599,
        0.13875936
      ]
    ],
    "labels":[
      "dislike",
      "no_gesture"
    ],
    "leading_hand":"right",
    "leading_conf":1.0,
    "user_id":"0a11105fbfa6d452b86187db53b753e2"
  },
  "02613d4b-1fad-4f32-818a-aaccc0d39f7a":{
    "bboxes":[
      [
        0.48667238,
        0.26897916,
        0.1602759,
        0.15597822
      ]
    ],
    "labels":[
      "dislike"
    ],
    "leading_hand":"left",
    "leading_conf":1.0,
    "user_id":"8b8df767ba579a9be9835b8b8763bbc3"
  },
  "02638b22-b4a8-44d3-b726-ad9858d1f1f5":{
    "bboxes":[
      [
        0.44055805,
        0.56068897,
        0.08330985,
        0.09284403
      ],
      [
        0.66181583,
        0.90305855,
        0.06289102,
        0.08716751
      ]
    ],
    "labels":[
      "dislike",
      "no_gesture"
    ],
    "leading_hand":"right",
    "leading_conf":1.0,
    "user_id":"4c72694b1a627fa4ae0dfca4e8b0d798"
  },
  "0279a7d3-2be1-4e66-b8a2-18fc175fc5a1":{
    "bboxes":[
      [
        0.61328125,
        0.4556326,
        0.12803637,
        0.13986396
      ]
    ],
    "labels":[
      "dislike"
    ],
    "leading_hand":"left",
    "leading_conf":1.0,
    "user_id":"921f9c4d3ef13e4b84a30da031fffeab"
  },
  "0279d968-00d3-4363-8694-0f4299b9a614":{
    "bboxes":[
      [
        0.60023889,
        0.33898858,
        0.09609228,
        0.10849753
      ]
    ],
    "labels":[
      "dislike"
    ],
    "leading_hand":"left",
    "leading_conf":1.0,
    "user_id":"f4d2b6e26138a8a901e38f8f523663ed"
  },
  "02859656-e7e2-4e37-8d43-fa4eb2795f84":{
    "bboxes":[
      [
        0.14690146,
        0.743815,
        0.09902461,
        0.10636155
      ],
      [
        0.47807068,
        0.26010689,
        0.15591131,
        0.1354586
      ]
    ],
    "labels":[
      "no_gesture",
      "dislike"
    ],
    "leading_hand":"left",
    "leading_conf":1.0,
    "user_id":"3ec9ed4234002df51383537178d88332"
  },
  "02887c7f-4bac-411b-aeae-172b2e3d01ef":{
    "bboxes":[
      [
        0.66441,
        0.39842333,
        0.32852,
        0.33622333
      ]
    ],
    "labels":[
      "dislike"
    ],
    "leading_hand":"left",
    "leading_conf":1.0,
    "user_id":"d78be04baea4bd676cf53125c16aa84d"
  },
  "02bf8c95-abfc-4358-a3b0-caa71a8b32cf":{
    "bboxes":[
      [
        0.4769067,
        0.6574785,
        0.05948871,
        0.06729668
      ],
      [
        0.64373111,
        0.8915139,
        0.0460055,
        0.06943367
      ]
    ],
    "labels":[
      "dislike",
      "no_gesture"
    ],
    "leading_hand":"right",
    "leading_conf":1.0,
    "user_id":"6eaf337c0d9f30d84c9e89071e8e50a5"
  },
  "02db8bf6-3fd5-4d69-9e8d-640bc105b44c":{
    "bboxes":[
      [
        0.5632433,
        0.4592795,
        0.13296413,
        0.13051283
      ]
    ],
    "labels":[
      "dislike"
    ],
    "leading_hand":"left",
    "leading_conf":1.0,
    "user_id":"10f9b2ca599b5f6ecfa69cca432ce0b3"
  },
  "02dc8d48-79af-4249-a6fd-4fa3cd75d353":{
    "bboxes":[
      [
        0.43988995,
        0.39072323,
        0.0409338,
        0.10099513
      ],
      [
        0.54934717,
        0.85133376,
        0.02866871,
        0.10377254
      ]
    ],
    "labels":[
      "dislike",
      "no_gesture"
    ],
    "leading_hand":"right",
    "leading_conf":1.0,
    "user_id":"734b7f1354a6c76a37ad9172c35d824e"
  },
  "02dcafaa-4eec-4052-b014-a1d766fc47a5":{
    "bboxes":[
      [
        0.25956859,
        0.57845752,
        0.2787377,
        0.21462489
      ]
    ],
    "labels":[
      "dislike"
    ],
    "leading_hand":"left",
    "leading_conf":1.0,
    "user_id":"304d8bf11f1ab6f4bef391ce66e65595"
  },
  "02e528ad-59fc-4757-9121-ffbfa44c485f":{
    "bboxes":[
      [
        0.31740896,
        0.61476258,
        0.07326148,
        0.0551836
      ],
      [
        0.40436946,
        0.43050793,
        0.09724535,
        0.07867593
      ]
    ],
    "labels":[
      "no_gesture",
      "dislike"
    ],
    "leading_hand":"right",
    "leading_conf":1.0,
    "user_id":"206a8eea4502a075d35e95ba878f7d91"
  },
  "02fab015-7977-4a02-8bd8-5dae467afd28":{
    "bboxes":[
      [
        0.51640833,
        0.60387,
        0.42611833,
        0.39068167
      ]
    ],
    "labels":[
      "dislike"
    ],
    "leading_hand":"left",
    "leading_conf":1.0,
    "user_id":"ae8b7f2aca64b52a3895b1e328c5f845"
  },
  "02ffb2f1-53f7-4f94-8c50-888adf888f22":{
    "bboxes":[
      [
        0.14455675,
        0.25207541,
        0.16003001,
        0.15700631
      ],
      [
        0.67017867,
        0.8241591,
        0.10011788,
        0.13307047
      ]
    ],
    "labels":[
      "dislike",
      "no_gesture"
    ],
    "leading_hand":"right",
    "leading_conf":1.0,
    "user_id":"bcba6c1b21ebd59bce50b045e5dcacc5"
  },
  "03118bdc-9b5d-4f0f-910a-43755d3e862a":{
    "bboxes":[
      [
        0.43869056,
        0.13937182,
        0.06992144,
        0.08902919
      ],
      [
        0.6356681,
        0.52943422,
        0.03693262,
        0.04794467
      ]
    ],
    "labels":[
      "dislike",
      "no_gesture"
    ],
    "leading_hand":"right",
    "leading_conf":1.0,
    "user_id":"515a44d39564d2d7474d93deac344137"
  },
  "03128978-c17d-4af5-a9fd-c230ba41e608":{
    "bboxes":[
      [
        0.22218089,
        0.40435238,
        0.2001762,
        0.25799771
      ]
    ],
    "labels":[
      "dislike"
    ],
    "leading_hand":"right",
    "leading_conf":1.0,
    "user_id":"1dc24cb0dbece00266be0ad0388036d3"
  },
  "0323baad-9da9-4e82-afe7-70ce0fb6eb89":{
    "bboxes":[
      [
        0.31154288,
        0.46630872,
        0.07549231,
        0.15199647
      ]
    ],
    "labels":[
      "dislike"
    ],
    "leading_hand":"right",
    "leading_conf":1.0,
    "user_id":"e5ccc395b60e4a8a78f0ca6a76c2db62"
  },
  "032e257f-54cc-461f-a148-cfca249111d5":{
    "bboxes":[
      [
        0.3848251,
        0.65186077,
        0.0450394,
        0.08387796
      ],
      [
        0.6103206,
        0.28192633,
        0.07553339,
        0.08763213
      ]
    ],
    "labels":[
      "no_gesture",
      "dislike"
    ],
    "leading_hand":"left",
    "leading_conf":1.0,
    "user_id":"36baf6626e2ebdb78c5165ba0f5775cc"
  },
  "0361d2d9-a284-4a19-8790-9cfe5cc85083":{
    "bboxes":[
      [
        0.21673074,
        0.39619939,
        0.05636421,
        0.05831471
      ],
      [
        0.452699,
        0.67434004,
        0.04802787,
        0.06311868
      ]
    ],
    "labels":[
      "dislike",
      "no_gesture"
    ],
    "leading_hand":"right",
    "leading_conf":1.0,
    "user_id":"91d882064c7ad10400e7cc174beb4ec2"
  },
  "0362af28-3832-41b6-a7aa-01c8b9e3299a":{
    "bboxes":[
      [
        0.30425497,
        0.32135013,
        0.10608073,
        0.10408467
      ],
      [
        0.66463316,
        0.68339252,
        0.06857153,
        0.09674678
      ]
    ],
    "labels":[
      "dislike",
      "no_gesture"
    ],
    "leading_hand":"right",
    "leading_conf":1.0,
    "user_id":"7970c2dd76e091324c93c50f799ff30f"
  },
  "03725111-5f59-4e87-854d-ba14b01c8606":{
    "bboxes":[
      [
        0.41858131,
        0.26533723,
        0.07249014,
        0.07659751
      ]
    ],
    "labels":[
      "dislike"
    ],
    "leading_hand":"right",
    "leading_conf":1.0,
    "user_id":"5c911ac6daf440709737ae2743b6ab8c"
  },
  "039cb58d-d9bf-43a8-9cd0-a0fe460202c3":{
    "bboxes":[
      [
        0.63489132,
        0.26300321,
        0.09915372,
        0.19792351
      ]
    ],
    "labels":[
      "dislike"
    ],
    "leading_hand":"left",
    "leading_conf":1.0,
    "user_id":"27472a4c9924294af39f5a7325b0152f"
  },
  "03a5808e-789b-4e30-9f83-47c7ae748d7b":{
    "bboxes":[
      [
        0.62943817,
        0.1703412,
        0.34058769,
        0.42829401
      ]
    ],
    "labels":[
      "dislike"
    ],
    "leading_hand":"left",
    "leading_conf":1.0,
    "user_id":"f10ea01b1fe8f137f45603d0e08c3c9c"
  },
  "03a5f33c-28a9-440b-b184-81bda60999d6":{
    "bboxes":[
      [
        0.34879449,
        0.61165447,
        0.09184084,
        0.16751358
      ]
    ],
    "labels":[
      "dislike"
    ],
    "leading_hand":"right",
    "leading_conf":1.0,
    "user_id":"cdffa92172f689fe52e0e582d8104c7e"
  },
  "03ccc0c2-35ac-46c1-961d-d494fc787fc9":{
    "bboxes":[
      [
        0.09455058,
        0.79802349,
        0.12537952,
        0.08549585
      ],
      [
        0.39744595,
        0.45324609,
        0.1564769,
        0.0873615
      ]
    ],
    "labels":[
      "no_gesture",
      "dislike"
    ],
    "leading_hand":"left",
    "leading_conf":1.0,
    "user_id":"057ec4717b390374fd014fcb411370c1"
  },
  "03ce7f66-2aec-41d0-a02e-527470249c6f":{
    "bboxes":[
      [
        0.56404457,
        0.00687108,
        0.29882676,
        0.71778449
      ]
    ],
    "labels":[
      "dislike"
    ],
    "leading_hand":"left",
    "leading_conf":1.0,
    "user_id":"43375f5695802e3aeb3fe86029ba0fa9"
  },
  "03edcf00-2b0d-4576-bab8-da2bb5da14e2":{
    "bboxes":[
      [
        0.42525962,
        0.44058117,
        0.4597271,
        0.31922614
      ]
    ],
    "labels":[
      "dislike"
    ],
    "leading_hand":"left",
    "leading_conf":1.0,
    "user_id":"be60d6d0399ce5dd7ba263dd113c4f24"
  },
  "03f250af-2699-442c-8f65-830c875acac1":{
    "bboxes":[
      [
        0.20021099,
        0.63388368,
        0.09788367,
        0.11019011
      ],
      [
        0.52768985,
        0.17043275,
        0.11220446,
        0.12890395
      ]
    ],
    "labels":[
      "no_gesture",
      "dislike"
    ],
    "leading_hand":"left",
    "leading_conf":1.0,
    "user_id":"6c23a134d6f7537946c6c267b897d79d"
  },
  "03f2a288-e00f-4683-b41a-6a8f4296013a":{
    "bboxes":[
      [
        0.53233945,
        0.209254,
        0.05131392,
        0.10399596
      ],
      [
        0.67897097,
        0.61169917,
        0.03657721,
        0.1166584
      ]
    ],
    "labels":[
      "dislike",
      "no_gesture"
    ],
    "leading_hand":"right",
    "leading_conf":1.0,
    "user_id":"a25b6a242305b7574a980f8bf9d8ccbe"
  },
  "0401d6f5-ff79-4706-a7c3-3fba8c024cba":{
    "bboxes":[
      [
        0.21756308,
        0.79249094,
        0.06570081,
        0.1429809
      ],
      [
        0.46491606,
        0.36276286,
        0.0855521,
        0.14431648
      ]
    ],
    "labels":[
      "no_gesture",
      "dislike"
    ],
    "leading_hand":"left",
    "leading_conf":1.0,
    "user_id":"6f1ca93fb23e53160efeebec3f48bcea"
  },
  "04225c04-1b83-4d80-ac3b-74b765c43d3e":{
    "bboxes":[
      [
        0.43984231,
        0.21022577,
        0.05734468,
        0.10235391
      ],
      [
        0.61343781,
        0.6095165,
        0.03310835,
        0.08355487
      ]
    ],
    "labels":[
      "dislike",
      "no_gesture"
    ],
    "leading_hand":"right",
    "leading_conf":1.0,
    "user_id":"5e1f1234d77ff405330b11688c3e3f9e"
  },
  "042fa723-00b9-463a-a91b-719e8c5a53c2":{
    "bboxes":[
      [
        0.02210458,
        0.28118233,
        0.4093768,
        0.47111875
      ]
    ],
    "labels":[
      "dislike"
    ],
    "leading_hand":"right",
    "leading_conf":0.8,
    "user_id":"8a1e1e61511e783191ecc1e475ceb4d2"
  },
  "0441a6cf-3f83-4a87-aa31-c875025ed065":{
    "bboxes":[
      [
        0.51927011,
        0.36228623,
        0.1228115,
        0.10843703
      ]
    ],
    "labels":[
      "dislike"
    ],
    "leading_hand":"left",
    "leading_conf":1.0,
    "user_id":"57170bc9300bb5fd51918c9bd711f83d"
  },
  "049130ea-36c7-460e-84cd-811fa0da431e":{
    "bboxes":[
      [
        0.47199047,
        0.44302024,
        0.06809674,
        0.07361388
      ],
      [
        0.5849029,
        0.69876924,
        0.06375398,
        0.05431716
      ]
    ],
    "labels":[
      "dislike",
      "no_gesture"
    ],
    "leading_hand":"right",
    "leading_conf":1.0,
    "user_id":"e1098cee68f9793f2ee2552741b70fc2"
  },
  "04ae3d20-2ba7-4001-af56-a6c5bfa341ab":{
    "bboxes":[
      [
        0.06314333,
        0.558555,
        0.38003167,
        0.34646167
      ]
    ],
    "labels":[
      "dislike"
    ],
    "leading_hand":"right",
    "leading_conf":0.8,
    "user_id":"2aa3e1e6b4aa14cb68604ca174d225c8"
  },
  "04cbf7ed-8e5d-4979-9272-3c5585f77793":{
    "bboxes":[
      [
        0.48913167,
        0.16889167,
        0.50226333,
        0.57678
      ]
    ],
    "labels":[
      "dislike"
    ],
    "leading_hand":"left",
    "leading_conf":1.0,
    "user_id":"1cde99eafc69977d5db9d9046f5d5f38"
  },
  "04d83ce8-93af-4f57-a031-48a05a931b71":{
    "bboxes":[
      [
        0.25473296,
        0.83715008,
        0.07123812,
        0.12590541
      ],
      [
        0.59648433,
        0.39186598,
        0.08521748,
        0.08965461
      ]
    ],
    "labels":[
      "no_gesture",
      "dislike"
    ],
    "leading_hand":"left",
    "leading_conf":1.0,
    "user_id":"5117c7878b6158b0f5086bcc27ee2fc8"
  },
  "04dc1bce-6a52-437d-821f-cf87eca59f13":{
    "bboxes":[
      [
        0.35044863,
        0.43527044,
        0.13007452,
        0.15635239
      ]
    ],
    "labels":[
      "dislike"
    ],
    "leading_hand":"right",
    "leading_conf":1.0,
    "user_id":"a7736f84dfb92d5ed3a813d9db6fad3a"
  },
  "04e82298-d2e3-4944-a6d5-67c4eefc4a80":{
    "bboxes":[
      [
        0.54258916,
        0.26964268,
        0.0570919,
        0.0658496
      ],
      [
        0.68839538,
        0.50581229,
        0.05641599,
        0.04895949
      ]
    ],
    "labels":[
      "dislike",
      "no_gesture"
    ],
    "leading_hand":"right",
    "leading_conf":1.0,
    "user_id":"b04daa3f81101386d9b8fc542b0c14a8"
  },
  "04ea9e7b-7596-422b-b965-83db0b2c8059":{
    "bboxes":[
      [
        0.47314712,
        0.4632675,
        0.14620298,
        0.13648052
      ]
    ],
    "labels":[
      "dislike"
    ],
    "leading_hand":"left",
    "leading_conf":1.0,
    "user_id":"82cccd3c20a56cc89408f91b956c903c"
  },
  "04f93a8c-88d2-4666-882a-b65dac282aef":{
    "bboxes":[
      [
        0.2896866,
        0.30823625,
        0.10883803,
        0.12573769
      ],
      [
        0.6780408,
        0.75282635,
        0.09752471,
        0.11234518
      ]
    ],
    "labels":[
      "dislike",
      "no_gesture"
    ],
    "leading_hand":"right",
    "leading_conf":1.0,
    "user_id":"3bd2c8d9fa1c54bf5bddb586af7c514d"
  },
  "04fef263-5790-4e61-936b-64de8de07ac6":{
    "bboxes":[
      [
        0.33430911,
        0.47821956,
        0.05377109,
        0.05238603
      ],
      [
        0.43348964,
        0.64411215,
        0.05936393,
        0.03124438
      ]
    ],
    "labels":[
      "dislike",
      "no_gesture"
    ],
    "leading_hand":"right",
    "leading_conf":1.0,
    "user_id":"d64260fb7e136401f3376d1c5627a51a"
  },
  "05037a97-c299-434a-b31a-06ca099ac1f7":{
    "bboxes":[
      [
        0.54651316,
        0.41419314,
        0.10699709,
        0.1692073
      ],
      [
        0.85094088,
        0.79408482,
        0.14490245,
        0.13652041
      ]
    ],
    "labels":[
      "dislike",
      "no_gesture"
    ],
    "leading_hand":"right",
    "leading_conf":1.0,
    "user_id":"b9dfe7c47f71adc85a50df6f932b056d"
  },
  "0537ae28-70c7-44ec-96c8-3d985a1cc48f":{
    "bboxes":[
      [
        0.38589389,
        0.22021602,
        0.17825517,
        0.15826476
      ]
    ],
    "labels":[
      "dislike"
    ],
    "leading_hand":"left",
    "leading_conf":1.0,
    "user_id":"ef5a43e2b82c595ea45569a65d0020af"
  },
  "05386ed0-2716-4ee7-8231-b6470bf4de3b":{
    "bboxes":[
      [
        0.56905,
        0.39017833,
        0.33083944,
        0.34582333
      ]
    ],
    "labels":[
      "dislike"
    ],
    "leading_hand":"left",
    "leading_conf":1.0,
    "user_id":"f37a2ee44c38dc3c6d8ab5587449bae8"
  },
  "053a5762-c46d-4fe9-bbc5-f55f2bfb8bb4":{
    "bboxes":[
      [
        0.42128018,
        0.53644763,
        0.13296211,
        0.14352264
      ]
    ],
    "labels":[
      "dislike"
    ],
    "leading_hand":"left",
    "leading_conf":1.0,
    "user_id":"5845152e78e4f36234ecf05e5d137263"
  },
  "053b79ff-31f2-4cd1-a14a-94aa0da3e0dd":{
    "bboxes":[
      [
        0.66747333,
        0.50646,
        0.32293,
        0.32579
      ]
    ],
    "labels":[
      "dislike"
    ],
    "leading_hand":"left",
    "leading_conf":1.0,
    "user_id":"edd84857333533fd1722c7428e7e4e22"
  },
  "05652b5e-a119-484d-8c94-d9fdfaccd9ba":{
    "bboxes":[
      [
        0.4867905,
        0.69548601,
        0.02606996,
        0.05644214
      ],
      [
        0.56716886,
        0.46972669,
        0.03091388,
        0.06068965
      ]
    ],
    "labels":[
      "no_gesture",
      "dislike"
    ],
    "leading_hand":"left",
    "leading_conf":1.0,
    "user_id":"90394f3dbc2d94f9a9513f987958ac2e"
  },
  "056cf07d-31d0-4e2b-805a-69c1826bc45d":{
    "bboxes":[
      [
        0.39367561,
        0.28750996,
        0.11447089,
        0.13343919
      ],
      [
        0.87337411,
        0.70476369,
        0.12134519,
        0.09363079
      ]
    ],
    "labels":[
      "dislike",
      "no_gesture"
    ],
    "leading_hand":"right",
    "leading_conf":1.0,
    "user_id":"5da52deb6e826917af1dd593901c151f"
  },
  "05703d63-4bd3-49b3-a236-e06d7dde5e58":{
    "bboxes":[
      [
        0.31951847,
        0.64023499,
        0.18753617,
        0.20090072
      ]
    ],
    "labels":[
      "dislike"
    ],
    "leading_hand":"left",
    "leading_conf":1.0,
    "user_id":"9f3b5cc272e0689151787eaac952ea68"
  },
  "0591321c-ff2d-480f-bb0d-0c9946a8faca":{
    "bboxes":[
      [
        0.74797703,
        0.526735,
        0.24064222,
        0.37934833
      ]
    ],
    "labels":[
      "dislike"
    ],
    "leading_hand":"left",
    "leading_conf":1.0,
    "user_id":"bf51c8d4244b6bc9ce37e7626d9f5575"
  },
  "0598ef3e-2ea1-449a-9735-f4aa82d5ff2c":{
    "bboxes":[
      [
        0.35856719,
        0.29739235,
        0.07511452,
        0.08136578
      ]
    ],
    "labels":[
      "dislike"
    ],
    "leading_hand":"right",
    "leading_conf":1.0,
    "user_id":"3ced5f447b446fe476cdad0c46207bde"
  },
  "05a52f6e-4e8e-4d02-891f-8ff3913d1117":{
    "bboxes":[
      [
        0.21646209,
        0.78555991,
        0.09645679,
        0.12380146
      ],
      [
        0.42019295,
        0.37264835,
        0.13264933,
        0.11581074
      ]
    ],
    "labels":[
      "no_gesture",
      "dislike"
    ],
    "leading_hand":"left",
    "leading_conf":1.0,
    "user_id":"4db6b6c02bb7751f9b371f78854b6846"
  },
  "05b2befb-c601-421c-b8c6-aee1cdc6125e":{
    "bboxes":[
      [
        0.32970512,
        0.44581049,
        0.13160031,
        0.13320647
      ],
      [
        0.5961207,
        0.8255029,
        0.07318385,
        0.10197204
      ]
    ],
    "labels":[
      "dislike",
      "no_gesture"
    ],
    "leading_hand":"right",
    "leading_conf":1.0,
    "user_id":"16780233eb8025bbfcfd35c106a1cb2f"
  },
  "05f94658-9709-4359-8698-2146238f9799":{
    "bboxes":[
      [
        0.40422889,
        0.334281,
        0.11554642,
        0.12994768
      ],
      [
        0.68133324,
        0.85536364,
        0.09479435,
        0.11103124
      ]
    ],
    "labels":[
      "dislike",
      "no_gesture"
    ],
    "leading_hand":"right",
    "leading_conf":1.0,
    "user_id":"ca08b50fd0f9bbcbb34f013091c057c2"
  },
  "0612d1a1-348b-48f4-b94f-9fa7c173853d":{
    "bboxes":[
      [
        0.5363106,
        0.52182259,
        0.06093656,
        0.1006781
      ],
      [
        0.66538968,
        0.85293283,
        0.04353716,
        0.087086
      ]
    ],
    "labels":[
      "dislike",
      "no_gesture"
    ],
    "leading_hand":"right",
    "leading_conf":1.0,
    "user_id":"636a9543807f6a0d2138cd958e37616e"
  },
  "062704b2-58a6-42d6-866c-97a5564732f0":{
    "bboxes":[
      [
        0.36147743,
        0.84423653,
        0.07226639,
        0.09470284
      ],
      [
        0.57093471,
        0.57072519,
        0.05859242,
        0.12261706
      ]
    ],
    "labels":[
      "no_gesture",
      "dislike"
    ],
    "leading_hand":"left",
    "leading_conf":1.0,
    "user_id":"7b6b82e5f32e02a0aba636635d68b864"
  },
  "0634cc03-455a-4608-b224-057189d5b740":{
    "bboxes":[
      [
        0.18293662,
        0.85716145,
        0.11131739,
        0.14077594
      ],
      [
        0.41343441,
        0.42863532,
        0.12359319,
        0.13081587
      ]
    ],
    "labels":[
      "no_gesture",
      "dislike"
    ],
    "leading_hand":"left",
    "leading_conf":1.0,
    "user_id":"bb41752104bcc34fb79d49f51f75c6b4"
  },
  "0644de5a-1738-44ee-9399-5ca61dc05985":{
    "bboxes":[
      [
        0.44344333,
        0.25051333,
        0.076385,
        0.146155
      ],
      [
        0.70750667,
        0.81913833,
        0.068185,
        0.13757167
      ]
    ],
    "labels":[
      "dislike",
      "no_gesture"
    ],
    "leading_hand":"right",
    "leading_conf":1.0,
    "user_id":"dff168555504f1273c04fecd0be50856"
  },
  "0653fa7b-f5c1-4b1e-a3b9-be64363c2d69":{
    "bboxes":[
      [
        0.7366,
        0.46014667,
        0.25695833,
        0.27950333
      ]
    ],
    "labels":[
      "dislike"
    ],
    "leading_hand":"left",
    "leading_conf":1.0,
    "user_id":"e8f6721442eb2e8a8935f7b3c4e964fb"
  },
  "06629b4e-8975-44a9-9be2-67e48c8cc626":{
    "bboxes":[
      [
        0.51190755,
        0.32846896,
        0.09364597,
        0.26605891
      ]
    ],
    "labels":[
      "dislike"
    ],
    "leading_hand":"left",
    "leading_conf":1.0,
    "user_id":"d79578709615d613579882871b467b13"
  },
  "066680a3-ffca-490e-943c-7938580b05f2":{
    "bboxes":[
      [
        0.25612262,
        0.31304836,
        0.14773329,
        0.16171231
      ],
      [
        0.35181251,
        0.83103288,
        0.1732853,
        0.10335922
      ]
    ],
    "labels":[
      "dislike",
      "no_gesture"
    ],
    "leading_hand":"right",
    "leading_conf":0.8,
    "user_id":"aec5bafa0f52b18ce62eaa0e95cc9c18"
  },
  "06999615-2e93-4f3a-ab24-4538454b597d":{
    "bboxes":[
      [
        0.23066143,
        0.33889286,
        0.10102286,
        0.11394143
      ]
    ],
    "labels":[
      "dislike"
    ],
    "leading_hand":"right",
    "leading_conf":1.0,
    "user_id":"e00babd0c17f4c84c09b7a0f1531a10e"
  },
  "06b0fd08-aedc-4625-9787-d9f5129be574":{
    "bboxes":[
      [
        0.39030576,
        0.21426703,
        0.09581951,
        0.1190994
      ],
      [
        0.64159544,
        0.77314015,
        0.11134341,
        0.13573936
      ]
    ],
    "labels":[
      "dislike",
      "no_gesture"
    ],
    "leading_hand":"right",
    "leading_conf":1.0,
    "user_id":"1c071dd77e1b3c3884d1f7a19502e3dd"
  },
  "06bb328f-e737-4785-b9a7-de19d827d094":{
    "bboxes":[
      [
        0.61390048,
        0.56741701,
        0.08704653,
        0.15118671
      ]
    ],
    "labels":[
      "dislike"
    ],
    "leading_hand":"left",
    "leading_conf":1.0,
    "user_id":"8492625445830e1489db526987870554"
  },
  "06c26e1e-4adb-41e8-a472-d53626255b1c":{
    "bboxes":[
      [
        0.3296562,
        0.4135978,
        0.07661172,
        0.14222495
      ]
    ],
    "labels":[
      "dislike"
    ],
    "leading_hand":"right",
    "leading_conf":1.0,
    "user_id":"98ac033d6d68b6fd9619c125f191f86d"
  },
  "06ca0e75-b6b4-4b97-9afe-a727b0143ea4":{
    "bboxes":[
      [
        0.42657132,
        0.42483791,
        0.10403386,
        0.11129525
      ]
    ],
    "labels":[
      "dislike"
    ],
    "leading_hand":"right",
    "leading_conf":1.0,
    "user_id":"6df97b179ba30025dd9e07c20057e674"
  }
}