{
  "0035fcf9-da92-4167-a914-8cf6ac753160":{
    "bboxes":[
      [
        0.48116749,
        0.2571216,
        0.19981102,
        0.10427412
      ]
    ],
    "labels":[
      "fist"
    ],
    "leading_hand":"left",
    "leading_conf":1.0,
    "user_id":"d5bfbd8885ce2a0131a99e479420076f"
  },
  "003a238e-6ea2-48b0-ad4c-462f9dc655df":{
    "bboxes":[
      [
        0.62957251,
        0.39665797,
        0.20516206,
        0.16012795
      ]
    ],
    "labels":[
      "fist"
    ],
    "leading_hand":"right",
    "leading_conf":0.8,
    "user_id":"88b7d2ed2c703d37c73d9509b493e654"
  },
  "005819fc-7939-4fb1-bbdb-30d3b05726c0":{
    "bboxes":[
      [
        0.09274427,
        0.44809889,
        0.20375871,
        0.13467641
      ]
    ],
    "labels":[
      "fist"
    ],
    "leading_hand":"right",
    "leading_conf":1.0,
    "user_id":"3fa287fafc6cd5d0abb62f3eff44f751"
  },
  "006a26a3-12d2-411b-b980-0345365b560a":{
    "bboxes":[
      [
        0.57675642,
        0.21875143,
        0.17071956,
        0.15190271
      ]
    ],
    "labels":[
      "fist"
    ],
    "leading_hand":"left",
    "leading_conf":1.0,
    "user_id":"e4124f0966dc0dc37b69c32d0fe328ed"
  },
  "00b5aa33-5c4c-4cbf-af40-79b9e9cfc1ea":{
    "bboxes":[
      [
        0.58637552,
        0.56088514,
        0.13957415,
        0.09768032
      ]
    ],
    "labels":[
      "fist"
    ],
    "leading_hand":"left",
    "leading_conf":1.0,
    "user_id":"986a432f7c913efdd80e20218cf93b0b"
  },
  "00c9eb88-34c5-4350-b594-d30659ffb01c":{
    "bboxes":[
      [
        0.28766002,
        0.38833272,
        0.07709145,
        0.06843053
      ]
    ],
    "labels":[
      "fist"
    ],
    "leading_hand":"right",
    "leading_conf":1.0,
    "user_id":"640482580bf52ba8a5e6707717d0c110"
  },
  "00f33929-6855-46b7-93db-4a3d86c91b50":{
    "bboxes":[
      [
        0.38599654,
        0.87753338,
        0.10116921,
        0.04663836
      ],
      [
        0.55235531,
        0.50927987,
        0.08750001,
        0.05141174
      ]
    ],
    "labels":[
      "no_gesture",
      "fist"
    ],
    "leading_hand":"left",
    "leading_conf":1.0,
    "user_id":"f4d2b6e26138a8a901e38f8f523663ed"
  },
  "00fd8914-530c-43b7-9b76-b457caed0160":{
    "bboxes":[
      [
        0.330915,
        0.30654333,
        0.11718667,
        0.15209667
      ]
    ],
    "labels":[
      "fist"
    ],
    "leading_hand":"right",
    "leading_conf":1.0,
    "user_id":"4d46522f1cd4249af59ec04aaaee086c"
  },
  "010123b0-e889-498f-b3d9-fa85a91d6c2c":{
    "bboxes":[
      [
        0.26238096,
        0.30835716,
        0.04739125,
        0.05448143
      ],
      [
        0.49881288,
        0.6914703,
        0.04540738,
        0.08078565
      ]
    ],
    "labels":[
      "fist",
      "no_gesture"
    ],
    "leading_hand":"right",
    "leading_conf":1.0,
    "user_id":"185bd3a81d9d618518d10abebf0d17a8"
  },
  "010264ee-8689-4732-8796-3dc4f05bd659":{
    "bboxes":[
      [
        0.25194167,
        0.19745833,
        0.26954833,
        0.25249
      ]
    ],
    "labels":[
      "fist"
    ],
    "leading_hand":"right",
    "leading_conf":0.8,
    "user_id":"3acb22533e4de3ab6ab0410be9bcf680"
  },
  "010535a4-43ef-43dc-bce2-ea292f513ef0":{
    "bboxes":[
      [
        0.44101942,
        0.87622816,
        0.11668868,
        0.09034714
      ],
      [
        0.57833392,
        0.52345357,
        0.08943284,
        0.05482189
      ]
    ],
    "labels":[
      "no_gesture",
      "fist"
    ],
    "leading_hand":"left",
    "leading_conf":1.0,
    "user_id":"60c0d71b5e12d24b0fe162963678e6d6"
  },
  "01188b38-1f61-4e7d-ae2b-ce89279d99f6":{
    "bboxes":[
      [
        0.17017892,
        0.43342703,
        0.11971461,
        0.08372769
      ],
      [
        0.68698859,
        0.88651317,
        0.09701474,
        0.11042677
      ]
    ],
    "labels":[
      "fist",
      "no_gesture"
    ],
    "leading_hand":"right",
    "leading_conf":1.0,
    "user_id":"eb1b54bcf5b21b6bacab181ec439789e"
  },
  "013a91b7-367b-4e42-af01-316a70e1cc2b":{
    "bboxes":[
      [
        0.21042771,
        0.50670891,
        0.05575807,
        0.07258916
      ],
      [
        0.51774382,
        0.14610704,
        0.06234893,
        0.06256083
      ]
    ],
    "labels":[
      "no_gesture",
      "fist"
    ],
    "leading_hand":"left",
    "leading_conf":1.0,
    "user_id":"4628f159dd4d8f00fcfd9c9a3c6707b5"
  },
  "014c47c8-5631-4e87-b82c-741eaaf6d12b":{
    "bboxes":[
      [
        0.71440553,
        0.52700103,
        0.17458589,
        0.20855676
      ]
    ],
    "labels":[
      "fist"
    ],
    "leading_hand":"left",
    "leading_conf":1.0,
    "user_id":"dccd5f1017ebb5b963e3d8482f0ef3b4"
  },
  "0153a688-8dbf-4b2c-86a9-89f21a9ba276":{
    "bboxes":[
      [
        0.138265,
        0.39327833,
        0.24671667,
        0.180365
      ]
    ],
    "labels":[
      "fist"
    ],
    "leading_hand":"right",
    "leading_conf":1.0,
    "user_id":"c6902c4f5c00b7831f7a6b6b61dda39a"
  },
  "015cb78e-329b-45df-ad85-574da50ab4f6":{
    "bboxes":[
      [
        0.0652203,
        0.41406101,
        0.26855189,
        0.19817813
      ]
    ],
    "labels":[
      "fist"
    ],
    "leading_hand":"right",
    "leading_conf":1.0,
    "user_id":"b07a773bcb10b4f14f33d2b0e8ec58ba"
  },
  "0164d37f-3b98-4434-948f-0ed27a45dd92":{
    "bboxes":[
      [
        0.33077103,
        0.4230582,
        0.07942184,
        0.05459995
      ],
      [
        0.7055321,
        0.78693816,
        0.07049879,
        0.09213947
      ]
    ],
    "labels":[
      "fist",
      "no_gesture"
    ],
    "leading_hand":"right",
    "leading_conf":1.0,
    "user_id":"3215da23b0d1279da508e8170a3f9cfd"
  },
  "018c4815-3f0d-47c2-905a-a72de9420e25":{
    "bboxes":[
      [
        0.58205775,
        0.40875342,
        0.14576745,
        0.06929555
      ]
    ],
    "labels":[
      "fist"
    ],
    "leading_hand":"left",
    "leading_conf":1.0,
    "user_id":"3ac12231cb587ca6a108f3f8734ba977"
  },
  "018f74c8-2ce6-40e4-9b8e-8a114a7dad56":{
    "bboxes":[
      [
        0.57694946,
        0.37480611,
        0.09948909,
        0.07681654
      ]
    ],
    "labels":[
      "fist"
    ],
    "leading_hand":"left",
    "leading_conf":1.0,
    "user_id":"034807f03e112e37a41c52781feaedd0"
  },
  "0192db8f-e734-4fb1-b7b1-5f2a73467432":{
    "bboxes":[
      [
        0.42042394,
        0.28570276,
        0.03700021,
        0.03330425
      ],
      [
        0.59928277,
        0.44947714,
        0.0374195,
        0.04488423
      ]
    ],
    "labels":[
      "fist",
      "no_gesture"
    ],
    "leading_hand":"right",
    "leading_conf":1.0,
    "user_id":"7bb770dbc37c8a5e3dd139f437a54d45"
  },
  "01932a51-ac81-4fde-9e62-d70c79def69f":{
    "bboxes":[
      [
        0.3585947,
        0.23412253,
        0.0680836,
        0.04029995
      ],
      [
        0.70767125,
        0.48157902,
        0.05532069,
        0.05609232
      ]
    ],
    "labels":[
      "fist",
      "no_gesture"
    ],
    "leading_hand":"right",
    "leading_conf":1.0,
    "user_id":"ca39dcf6df74940d06db4db0311877ec"
  },
  "01a4471f-e84a-4985-89df-64b77b112359":{
    "bboxes":[
      [
        0.67435028,
        0.3690122,
        0.1267335,
        0.09108494
      ]
    ],
    "labels":[
      "fist"
    ],
    "leading_hand":"left",
    "leading_conf":1.0,
    "user_id":"580436d5530995cf7da7c0e11a751ae9"
  },
  "01cb61ac-5e2a-4c7a-ba0e-fa18197352f4":{
    "bboxes":[
      [
        0.64074941,
        0.52214474,
        0.10502425,
        0.06810784
      ]
    ],
    "labels":[
      "fist"
    ],
    "leading_hand":"left",
    "leading_conf":1.0,
    "user_id":"87c4ea52fd15302a3c746ffbe66ec71a"
  },
  "01cd940f-d31c-49f6-87a4-dd1f25d73c74":{
    "bboxes":[
      [
        0.66469,
        0.36848333,
        0.13766,
        0.10726167
      ]
    ],
    "labels":[
      "fist"
    ],
    "leading_hand":"left",
    "leading_conf":1.0,
    "user_id":"64ff1134bd9531bddec26f063711a328"
  },
  "01d3dbd9-b391-4167-9e44-9f0d00bcedb3":{
    "bboxes":[
      [
        0.17144212,
        0.6467052,
        0.07826716,
        0.06602289
      ],
      [
        0.61951634,
        0.29959578,
        0.12527183,
        0.06422519
      ]
    ],
    "labels":[
      "no_gesture",
      "fist"
    ],
    "leading_hand":"left",
    "leading_conf":1.0,
    "user_id":"13de9b8fa48daef298c5893f19733848"
  },
  "02059325-0356-448d-acd4-53baeb5816c8":{
    "bboxes":[
      [
        0.74018329,
        0.37252963,
        0.25981671,
        0.199379
      ]
    ],
    "labels":[
      "fist"
    ],
    "leading_hand":"left",
    "leading_conf":1.0,
    "user_id":"1c8e3d71405c1cd23c9e03fc092a2047"
  },
  "022316eb-4858-4077-8032-d85fce03bf1f":{
    "bboxes":[
      [
        0.24439157,
        0.31835496,
        0.07287627,
        0.09399599
      ],
      [
        0.52415336,
        0.8985622,
        0.06633468,
        0.09625342
      ]
    ],
    "labels":[
      "fist",
      "no_gesture"
    ],
    "leading_hand":"right",
    "leading_conf":1.0,
    "user_id":"a822702d8f00840c60fb586423fa3d3a"
  },
  "0237b8e9-f8e8-4fb5-bc74-69d3be5cf2bc":{
    "bboxes":[
      [
        0.34491721,
        0.66286286,
        0.0441664,
        0.06101932
      ]
    ],
    "labels":[
      "fist"
    ],
    "leading_hand":"right",
    "leading_conf":1.0,
    "user_id":"9c30fbc8ea048495bede475680c1f387"
  },
  "024a0d05-c626-4dcb-aeac-7d1cd6ebe065":{
    "bboxes":[
      [
        0.001755,
        0.36242,
        0.19602833,
        0.227535
      ]
    ],
    "labels":[
      "fist"
    ],
    "leading_hand":"right",
    "leading_conf":1.0,
    "user_id":"885edc03b20265ca0bb9ebd2dcfa8b8e"
  },
  "024b2565-e632-42f6-916b-f8435586435d":{
    "bboxes":[
      [
        0.37177569,
        0.27917729,
        0.03794106,
        0.03497073
      ],
      [
        0.49995436,
        0.47988218,
        0.04811886,
        0.04682792
      ]
    ],
    "labels":[
      "fist",
      "no_gesture"
    ],
    "leading_hand":"right",
    "leading_conf":1.0,
    "user_id":"02d4bd7187fb9867c280213a94303c76"
  },
  "0254066e-45c7-4f2c-a33f-c33f24f2d71c":{
    "bboxes":[
      [
        0.737575,
        0.522975,
        0.23085,
        0.15813333
      ]
    ],
    "labels":[
      "fist"
    ],
    "leading_hand":"left",
    "leading_conf":0.8,
    "user_id":"097f963df01fced447c67576f5706407"
  },
  "029829f5-e9ca-4011-b4d1-1736c27df1d8":{
    "bboxes":[
      [
        0.59620167,
        0.35555833,
        0.24503667,
        0.19164667
      ]
    ],
    "labels":[
      "fist"
    ],
    "leading_hand":"left",
    "leading_conf":1.0,
    "user_id":"03b2e30c67a7e797591202e183418097"
  },
  "02a809c0-8c0a-4ded-8ac8-f72ed2b107a8":{
    "bboxes":[
      [
        0.26273545,
        0.82113299,
        0.07653264,
        0.10192809
      ],
      [
        0.62923761,
        0.52308447,
        0.0657038,
        0.06265102
      ]
    ],
    "labels":[
      "no_gesture",
      "fist"
    ],
    "leading_hand":"left",
    "leading_conf":1.0,
    "user_id":"b9dfe7c47f71adc85a50df6f932b056d"
  },
  "02aecf1e-2724-40f6-8a59-5dfd307e0d34":{
    "bboxes":[
      [
        0.14100906,
        0.25014123,
        0.15243195,
        0.11829489
      ]
    ],
    "labels":[
      "fist"
    ],
    "leading_hand":"right",
    "leading_conf":1.0,
    "user_id":"2519f129a354fd716e65738f59046e2c"
  },
  "02af3cf6-a829-43ec-b784-8db4bdd1cde8":{
    "bboxes":[
      [
        0.32065854,
        0.65696568,
        0.05885116,
        0.06321842
      ],
      [
        0.62841278,
        0.37045983,
        0.06554111,
        0.03948845
      ]
    ],
    "labels":[
      "no_gesture",
      "fist"
    ],
    "leading_hand":"left",
    "leading_conf":1.0,
    "user_id":"02d4bd7187fb9867c280213a94303c76"
  },
  "02b06b98-5783-4a70-a3ad-fbe3ac627b05":{
    "bboxes":[
      [
        0.59959533,
        0.62261599,
        0.04095149,
        0.06976907
      ]
    ],
    "labels":[
      "fist"
    ],
    "leading_hand":"left",
    "leading_conf":1.0,
    "user_id":"19923f06f459406d7ba9dc6a69d9d5aa"
  },
  "02b414f7-5d17-47fd-82b1-7b9c236906dd":{
    "bboxes":[
      [
        0.37677066,
        0.25764103,
        0.05583815,
        0.04037107
      ],
      [
        0.70208837,
        0.35266368,
        0.08317979,
        0.03334548
      ]
    ],
    "labels":[
      "fist",
      "no_gesture"
    ],
    "leading_hand":"right",
    "leading_conf":1.0,
    "user_id":"d3f50cb79b5ddab740708f5f2d6b1abe"
  },
  "02bd891b-ba1e-40bd-a9ba-a8620c00aa3f":{
    "bboxes":[
      [
        0.21584833,
        0.65685333,
        0.06882222,
        0.07181
      ],
      [
        0.51778778,
        0.24722,
        0.07602444,
        0.07537833
      ]
    ],
    "labels":[
      "no_gesture",
      "fist"
    ],
    "leading_hand":"left",
    "leading_conf":0.8,
    "user_id":"e0aebbcd230a0027157996be61ac80ee"
  },
  "02c295ab-548e-4339-8f1f-c54f6baaaca5":{
    "bboxes":[
      [
        0.52078028,
        0.85360567,
        0.20302069,
        0.0683937
      ],
      [
        0.75088293,
        0.46973201,
        0.09242814,
        0.07329043
      ]
    ],
    "labels":[
      "no_gesture",
      "fist"
    ],
    "leading_hand":"left",
    "leading_conf":1.0,
    "user_id":"f751c9f49dadf21a1acbd126d1faf0a7"
  },
  "02ca9b3b-d3d2-4dfd-b38a-fd8412c006a5":{
    "bboxes":[
      [
        0.23894709,
        0.43942313,
        0.07541943,
        0.0654692
      ],
      [
        0.45088096,
        0.70781249,
        0.08588391,
        0.10226045
      ]
    ],
    "labels":[
      "fist",
      "no_gesture"
    ],
    "leading_hand":"right",
    "leading_conf":1.0,
    "user_id":"cf3fe5950b43eed3debc24220a386348"
  },
  "03113277-7aa8-4041-af4a-c294344830d1":{
    "bboxes":[
      [
        0.47406495,
        0.40349087,
        0.04457564,
        0.0299381
      ],
      [
        0.60237804,
        0.55738968,
        0.03959567,
        0.03455602
      ]
    ],
    "labels":[
      "fist",
      "no_gesture"
    ],
    "leading_hand":"right",
    "leading_conf":1.0,
    "user_id":"eecb61c1df1f74a843ea55634dd7abd9"
  },
  "031684a6-29bb-426e-8914-302278666570":{
    "bboxes":[
      [
        0.60198049,
        0.43485265,
        0.21091243,
        0.16265608
      ]
    ],
    "labels":[
      "fist"
    ],
    "leading_hand":"left",
    "leading_conf":1.0,
    "user_id":"ecd44c44738761e45db22d3bcf60b8f1"
  },
  "0329ab93-5b22-447c-bcd0-fbd50dabf6c0":{
    "bboxes":[
      [
        0.20335688,
        0.3106306,
        0.14949956,
        0.10221776
      ]
    ],
    "labels":[
      "fist"
    ],
    "leading_hand":"right",
    "leading_conf":1.0,
    "user_id":"a28cadb56b34a58ad28fed12be509ed2"
  },
  "035e96f6-4e47-467f-9d33-5ed09203ddd4":{
    "bboxes":[
      [
        0.12303833,
        0.771595,
        0.10676889,
        0.09485333
      ],
      [
        0.68029556,
        0.25729833,
        0.12583833,
        0.08745833
      ]
    ],
    "labels":[
      "no_gesture",
      "fist"
    ],
    "leading_hand":"left",
    "leading_conf":1.0,
    "user_id":"b4cc2fdd63411d11506a3a5d7811bb01"
  },
  "036cff95-b570-4d6d-9c18-475e01831527":{
    "bboxes":[
      [
        0.18404966,
        0.27332887,
        0.12067456,
        0.08488085
      ],
      [
        0.69167417,
        0.70001919,
        0.08191816,
        0.10215533
      ]
    ],
    "labels":[
      "fist",
      "no_gesture"
    ],
    "leading_hand":"right",
    "leading_conf":1.0,
    "user_id":"57209ea03f053c0955296d01f9a32dda"
  },
  "036e9412-d2f8-4704-a89e-521770664ed1":{
    "bboxes":[
      [
        0.14974603,
        0.91268607,
        0.09303793,
        0.08406059
      ],
      [
        0.58114363,
        0.40808397,
        0.09338963,
        0.07019345
      ]
    ],
    "labels":[
      "no_gesture",
      "fist"
    ],
    "leading_hand":"left",
    "leading_conf":1.0,
    "user_id":"7a959c307e8df5caf435e16dda06fecb"
  },
  "03727ef5-f701-42c6-951f-6c1e4d645358":{
    "bboxes":[
      [
        0.5757693,
        0.25129027,
        0.08813491,
        0.10450233
      ]
    ],
    "labels":[
      "fist"
    ],
    "leading_hand":"left",
    "leading_conf":1.0,
    "user_id":"c42efbce55a2609343778035867ba51e"
  },
  "0381336c-27ee-4036-9b14-bd1519733863":{
    "bboxes":[
      [
        0.08329835,
        0.31210125,
        0.15432371,
        0.09739449
      ],
      [
        0.60340795,
        0.67023334,
        0.09318474,
        0.10126321
      ]
    ],
    "labels":[
      "fist",
      "no_gesture"
    ],
    "leading_hand":"right",
    "leading_conf":1.0,
    "user_id":"59c792bb4e3069e5ac26c1cf4ec2b631"
  },
  "03f737d9-6a5d-423c-9118-79c0f088afdd":{
    "bboxes":[
      [
        0.34074673,
        0.32785486,
        0.09877815,
        0.0779276
      ],
      [
        0.7455062,
        0.83400806,
        0.08835611,
        0.09590505
      ]
    ],
    "labels":[
      "fist",
      "no_gesture"
    ],
    "leading_hand":"right",
    "leading_conf":1.0,
    "user_id":"2fcb25098f961a52fee6312276e05a0a"
  },
  "03f74f79-646a-4f08-a3f7-03778572e2c3":{
    "bboxes":[
      [
        0.41243546,
        0.34138838,
        0.05115393,
        0.04407667
      ],
      [
        0.58184627,
        0.57162304,
        0.06334904,
        0.0580734
      ]
    ],
    "labels":[
      "fist",
      "no_gesture"
    ],
    "leading_hand":"right",
    "leading_conf":1.0,
    "user_id":"33e7dd07a2f2db5cbf51e8d3e8002a5f"
  },
  "03faaaf7-e2a8-4c29-9f99-d69b40bd324e":{
    "bboxes":[
      [
        0.38898139,
        0.53222987,
        0.05288723,
        0.05964256
      ],
      [
        0.63617706,
        0.29129133,
        0.05072302,
        0.04245012
      ]
    ],
    "labels":[
      "no_gesture",
      "fist"
    ],
    "leading_hand":"left",
    "leading_conf":1.0,
    "user_id":"6011b7375560ccb27c905ea7c73b5e5c"
  },
  "0403a3a7-d2c5-4db4-940f-2f47e78e27a6":{
    "bboxes":[
      [
        0.63876611,
        0.36238553,
        0.13652268,
        0.11265146
      ]
    ],
    "labels":[
      "fist"
    ],
    "leading_hand":"left",
    "leading_conf":1.0,
    "user_id":"41ae6ebe5c091c4e5b9d52c94dbe732c"
  },
  "040dd323-4e5a-44db-9ceb-4e4b1ff58e65":{
    "bboxes":[
      [
        0.64730851,
        0.61531925,
        0.0931946,
        0.05212597
      ]
    ],
    "labels":[
      "fist"
    ],
    "leading_hand":"left",
    "leading_conf":1.0,
    "user_id":"8523c739da85d2d883c4065783bac401"
  },
  "04439767-306b-4db5-b8eb-31db36dfb6ba":{
    "bboxes":[
      [
        0.732475,
        0.379145,
        0.26038333,
        0.20374
      ]
    ],
    "labels":[
      "fist"
    ],
    "leading_hand":"left",
    "leading_conf":1.0,
    "user_id":"3a2903343059ca62540b98d8fb0e33c1"
  },
  "044c5cff-6b7a-415b-852e-a8f8fb0b8b39":{
    "bboxes":[
      [
        0.18475176,
        0.20628726,
        0.12084288,
        0.09219575
      ],
      [
        0.65905484,
        0.62381282,
        0.08611654,
        0.11909244
      ]
    ],
    "labels":[
      "fist",
      "no_gesture"
    ],
    "leading_hand":"right",
    "leading_conf":1.0,
    "user_id":"6ab9d68781bc08dc166a1834cd3fef87"
  },
  "0453b63a-8cf9-4b64-894b-e57dc07c5306":{
    "bboxes":[
      [
        0.62961158,
        0.45967323,
        0.08438575,
        0.04437131
      ]
    ],
    "labels":[
      "fist"
    ],
    "leading_hand":"left",
    "leading_conf":1.0,
    "user_id":"64e66a2049c2bd878c0bb6f096e87e12"
  },
  "0477a66a-53ae-4138-982b-c33cf05b3ab1":{
    "bboxes":[
      [
        0.27339219,
        0.78244382,
        0.04226678,
        0.07641865
      ],
      [
        0.60441123,
        0.33654676,
        0.08892289,
        0.06431146
      ]
    ],
    "labels":[
      "no_gesture",
      "fist"
    ],
    "leading_hand":"left",
    "leading_conf":1.0,
    "user_id":"c3546b8caf032d7ea03e5f78983fd1fe"
  },
  "0480aa8b-deb9-4c35-9920-25e7480672c5":{
    "bboxes":[
      [
        0.26364285,
        0.2760128,
        0.09410459,
        0.10702808
      ]
    ],
    "labels":[
      "fist"
    ],
    "leading_hand":"right",
    "leading_conf":1.0,
    "user_id":"a7736f84dfb92d5ed3a813d9db6fad3a"
  },
  "0486fc54-da2a-4f5d-8e10-3aca59b0f378":{
    "bboxes":[
      [
        0.35969611,
        0.2411782,
        0.05770674,
        0.06924529
      ],
      [
        0.56423183,
        0.65910167,
        0.04320252,
        0.08641857
      ]
    ],
    "labels":[
      "fist",
      "no_gesture"
    ],
    "leading_hand":"right",
    "leading_conf":1.0,
    "user_id":"e6b975059ef4b71da5d66f42f12319c6"
  },
  "04b8c795-0815-4cff-bcbc-d10996df3b7f":{
    "bboxes":[
      [
        0.64842253,
        0.16813325,
        0.18112972,
        0.2943985
      ]
    ],
    "labels":[
      "fist"
    ],
    "leading_hand":"left",
    "leading_conf":1.0,
    "user_id":"46ace4671bfbdd706817cd6af6ba62d0"
  },
  "04c22dcf-7659-4232-ab4c-7a2233ef380f":{
    "bboxes":[
      [
        0.29918206,
        0.82606696,
        0.07174537,
        0.10009724
      ],
      [
        0.63604528,
        0.38700818,
        0.0735664,
        0.05544211
      ]
    ],
    "labels":[
      "no_gesture",
      "fist"
    ],
    "leading_hand":"left",
    "leading_conf":1.0,
    "user_id":"227306ddbcbc6876967dc33df66f06ba"
  },
  "04d91ea6-4f5f-49ee-9138-e260a0dffa1b":{
    "bboxes":[
      [
        0.34617591,
        0.26201452,
        0.07155315,
        0.16681787
      ]
    ],
    "labels":[
      "fist"
    ],
    "leading_hand":"right",
    "leading_conf":1.0,
    "user_id":"8a4719c7aedc97e9729ec6c2a3b7b277"
  },
  "05383de6-3220-44c6-a10b-b05a7a8b364e":{
    "bboxes":[
      [
        0.63735495,
        0.25743297,
        0.10594197,
        0.14132744
      ]
    ],
    "labels":[
      "fist"
    ],
    "leading_hand":"left",
    "leading_conf":1.0,
    "user_id":"fb70f7d6c009cf25f89aa9cee9ec4da7"
  },
  "0541ebd7-79f1-4fa6-af58-5e6e78dc9e33":{
    "bboxes":[
      [
        0.20866731,
        0.32990313,
        0.13831373,
        0.08026367
      ],
      [
        0.78697297,
        0.77531572,
        0.09699573,
        0.10288076
      ]
    ],
    "labels":[
      "fist",
      "no_gesture"
    ],
    "leading_hand":"right",
    "leading_conf":1.0,
    "user_id":"54fdee731038d909a6eba724f6bec65c"
  },
  "054623d0-7998-487c-9bd2-4ed9a431f3c9":{
    "bboxes":[
      [
        0.11099833,
        0.49070333,
        0.23097667,
        0.15148167
      ]
    ],
    "labels":[
      "fist"
    ],
    "leading_hand":"right",
    "leading_conf":1.0,
    "user_id":"3852984b95e1527783cb1e5493f2eff6"
  },
  "054d8c29-ea57-4a29-bc31-d3a4d6f938a0":{
    "bboxes":[
      [
        0.41619595,
        0.18440108,
        0.10102407,
        0.0726577
      ],
      [
        0.83909394,
        0.6453581,
        0.07668003,
        0.08570262
      ]
    ],
    "labels":[
      "fist",
      "no_gesture"
    ],
    "leading_hand":"right",
    "leading_conf":1.0,
    "user_id":"e6914165c268823b065bac44ba028216"
  },
  "0567d5bd-69d6-4efb-99bf-e1df9887669d":{
    "bboxes":[
      [
        0.34811255,
        0.39456987,
        0.07552368,
        0.11500833
      ]
    ],
    "labels":[
      "fist"
    ],
    "leading_hand":"right",
    "leading_conf":1.0,
    "user_id":"4c93da07947663213c91bed0219353ca"
  },
  "05793ec6-d810-4795-ae03-a85bde5b29a3":{
    "bboxes":[
      [
        0.18843569,
        0.40828534,
        0.14369534,
        0.10930106
      ]
    ],
    "labels":[
      "fist"
    ],
    "leading_hand":"right",
    "leading_conf":1.0,
    "user_id":"bb670b34860e46878b2dc7b356354aeb"
  },
  "057c366c-78db-4b22-88db-853779fd5863":{
    "bboxes":[
      [
        0.21001425,
        0.42185915,
        0.08126126,
        0.05774933
      ],
      [
        0.52422305,
        0.81321307,
        0.07227777,
        0.0755655
      ]
    ],
    "labels":[
      "fist",
      "no_gesture"
    ],
    "leading_hand":"right",
    "leading_conf":1.0,
    "user_id":"6482b574fdfc9b015a9e1266057c8d6c"
  },
  "05939c7d-e7f6-4fc2-8a15-f79c09a5c9fa":{
    "bboxes":[
      [
        0.09855909,
        0.85759078,
        0.0856461,
        0.1001239
      ],
      [
        0.5509098,
        0.40575275,
        0.09169394,
        0.06713872
      ]
    ],
    "labels":[
      "no_gesture",
      "fist"
    ],
    "leading_hand":"left",
    "leading_conf":1.0,
    "user_id":"3426ad49b27a303d21b6ce83e31ae629"
  },
  "05ba80ab-e6e5-4812-8edf-c56b4565ca14":{
    "bboxes":[
      [
        0.24333733,
        0.60811036,
        0.06955378,
        0.05640401
      ],
      [
        0.59293236,
        0.96665947,
        0.09346486,
        0.03144697
      ]
    ],
    "labels":[
      "fist",
      "no_gesture"
    ],
    "leading_hand":"right",
    "leading_conf":1.0,
    "user_id":"314e013b6243d49e923cba40f5a429c9"
  },
  "05d41ba2-3745-48a4-b783-4f30a898aec0":{
    "bboxes":[
      [
        0.56055108,
        0.54147496,
        0.09768998,
        0.0686684
      ]
    ],
    "labels":[
      "fist"
    ],
    "leading_hand":"left",
    "leading_conf":1.0,
    "user_id":"2944e3dd1d21f3917ac74a5deaebd501"
  },
  "05d584eb-f72d-436a-897e-a28c8478ca6f":{
    "bboxes":[
      [
        0.18544799,
        0.84671664,
        0.10898284,
        0.08718464
      ],
      [
        0.64661166,
        0.30200052,
        0.14052689,
        0.07898751
      ]
    ],
    "labels":[
      "no_gesture",
      "fist"
    ],
    "leading_hand":"left",
    "leading_conf":1.0,
    "user_id":"440c8ebc75603d6b69e42b32da034765"
  },
  "05f0116f-094f-4062-aca0-6789ad40b846":{
    "bboxes":[
      [
        0.22667799,
        0.31999477,
        0.08892262,
        0.11395027
      ]
    ],
    "labels":[
      "fist"
    ],
    "leading_hand":"right",
    "leading_conf":1.0,
    "user_id":"fb85bb7270b8e5c1689ae92ed9087278"
  },
  "05f3f0d3-928f-48c8-ae41-9603aa08c1cf":{
    "bboxes":[
      [
        0.37595143,
        0.45369219,
        0.04021984,
        0.03253533
      ],
      [
        0.5507984,
        0.68055992,
        0.03390649,
        0.04990515
      ]
    ],
    "labels":[
      "fist",
      "no_gesture"
    ],
    "leading_hand":"right",
    "leading_conf":1.0,
    "user_id":"4792fa20e533c8224abd8492f45f0b29"
  },
  "05fe4c51-43c2-4749-9f02-8043a66481e4":{
    "bboxes":[
      [
        0.10148183,
        0.41649106,
        0.13537326,
        0.12107234
      ]
    ],
    "labels":[
      "fist"
    ],
    "leading_hand":"right",
    "leading_conf":1.0,
    "user_id":"01586ba9cd51bb9ed01d2d8dd9afad01"
  },
  "062b0c5d-e05b-4b2e-9aab-2f098bb53cd4":{
    "bboxes":[
      [
        0.44232981,
        0.30949752,
        0.14060121,
        0.11558861
      ],
      [
        0.60840152,
        0.20379386,
        0.09745463,
        0.06925107
      ]
    ],
    "labels":[
      "no_gesture",
      "fist"
    ],
    "leading_hand":"left",
    "leading_conf":0.9,
    "user_id":"a799d8668e34d44e6713943d6af8c833"
  },
  "063bb81b-8890-4687-84e8-b4968b7e69cb":{
    "bboxes":[
      [
        0.26353347,
        0.45120287,
        0.08435857,
        0.06793472
      ],
      [
        0.66459789,
        0.89114029,
        0.08056922,
        0.1053421
      ]
    ],
    "labels":[
      "fist",
      "no_gesture"
    ],
    "leading_hand":"right",
    "leading_conf":1.0,
    "user_id":"c995f71aa4d7ef6aa42b429e7508f23e"
  },
  "064ba466-ecde-4897-a13d-decca23c0d7d":{
    "bboxes":[
      [
        0.28446859,
        0.76101777,
        0.06272797,
        0.0918406
      ],
      [
        0.59214581,
        0.4947921,
        0.08105154,
        0.06104455
      ]
    ],
    "labels":[
      "no_gesture",
      "fist"
    ],
    "leading_hand":"left",
    "leading_conf":1.0,
    "user_id":"b994789b41cb6937500b07cc26a0615e"
  },
  "065fbc48-ff88-4d69-9716-c85b8eb4f34f":{
    "bboxes":[
      [
        0.62982,
        0.37196833,
        0.36444167,
        0.24902
      ]
    ],
    "labels":[
      "fist"
    ],
    "leading_hand":"left",
    "leading_conf":0.8,
    "user_id":"e54e07467395c7dd612d6aa99d483344"
  },
  "0671beb1-2eec-4635-ad4c-e84c412fcedb":{
    "bboxes":[
      [
        0.38941804,
        0.30442919,
        0.04646679,
        0.03321702
      ],
      [
        0.61042133,
        0.51019289,
        0.03956713,
        0.03852084
      ]
    ],
    "labels":[
      "fist",
      "no_gesture"
    ],
    "leading_hand":"right",
    "leading_conf":1.0,
    "user_id":"54296f50b190cacabea1d007117e03bb"
  },
  "0683f64b-c14b-4416-8e28-80e9dcf09ecf":{
    "bboxes":[
      [
        0.37805766,
        0.63598517,
        0.05394455,
        0.08516719
      ],
      [
        0.62628276,
        0.29036852,
        0.06645239,
        0.05484975
      ]
    ],
    "labels":[
      "no_gesture",
      "fist"
    ],
    "leading_hand":"left",
    "leading_conf":1.0,
    "user_id":"d64260fb7e136401f3376d1c5627a51a"
  },
  "06856d23-2213-461d-a504-b19c7ca15967":{
    "bboxes":[
      [
        0.25020451,
        0.33225484,
        0.10325067,
        0.08320952
      ],
      [
        0.67954244,
        0.87961344,
        0.09942615,
        0.11986166
      ]
    ],
    "labels":[
      "fist",
      "no_gesture"
    ],
    "leading_hand":"right",
    "leading_conf":1.0,
    "user_id":"430a5341111477e394c3d23f5de1860e"
  },
  "068a9650-dd35-41b7-bd2b-58978159e7da":{
    "bboxes":[
      [
        0.64311059,
        0.46910082,
        0.09183837,
        0.04459231
      ]
    ],
    "labels":[
      "fist"
    ],
    "leading_hand":"left",
    "leading_conf":1.0,
    "user_id":"43eb9b25dfe67300a224d6ab8a30e275"
  },
  "068fef3b-3aac-4238-95ea-34c1f48a72aa":{
    "bboxes":[
      [
        0.43458366,
        0.41270746,
        0.17693288,
        0.12404312
      ],
      [
        0.56646816,
        0.84269729,
        0.24917762,
        0.15690604
      ]
    ],
    "labels":[
      "fist",
      "no_gesture"
    ],
    "leading_hand":"right",
    "leading_conf":0.8,
    "user_id":"38cd8f5f1f2b441f0b0c5994e0554e6a"
  },
  "069ce1c5-70fb-4dbf-8f7b-83a4037e79c2":{
    "bboxes":[
      [
        0.61376609,
        0.14476748,
        0.19886914,
        0.16169679
      ]
    ],
    "labels":[
      "fist"
    ],
    "leading_hand":"left",
    "leading_conf":1.0,
    "user_id":"ad360667dc4d19e25562bc98872f66d5"
  },
  "06a11bff-1ab9-4941-bf58-a6c1d9232f7f":{
    "bboxes":[
      [
        0.36010999,
        0.39539378,
        0.07759208,
        0.09655156
      ],
      [
        0.5234603,
        0.75958022,
        0.066782,
        0.09259785
      ]
    ],
    "labels":[
      "fist",
      "no_gesture"
    ],
    "leading_hand":"right",
    "leading_conf":1.0,
    "user_id":"a21c7d2815bfbfd1ef7222a9e773527a"
  },
  "06a41c67-754a-43d6-b39f-7753cf40d110":{
    "bboxes":[
      [
        0.32620276,
        0.51692933,
        0.05248361,
        0.07635118
      ]
    ],
    "labels":[
      "fist"
    ],
    "leading_hand":"right",
    "leading_conf":1.0,
    "user_id":"81cecdd78557c23c0095a56e93ae72a4"
  },
  "06bd4b76-30f6-4d0b-940f-fa5ae800e503":{
    "bboxes":[
      [
        0.35111707,
        0.43384686,
        0.03966315,
        0.03176345
      ],
      [
        0.51461771,
        0.56634782,
        0.03756237,
        0.04311835
      ]
    ],
    "labels":[
      "fist",
      "no_gesture"
    ],
    "leading_hand":"right",
    "leading_conf":1.0,
    "user_id":"4b534c17cb082b6ac259f8069dad85be"
  },
  "06c958d4-88bd-4946-9632-151c7f7a91c4":{
    "bboxes":[
      [
        0.31720395,
        0.83446205,
        0.06289209,
        0.07113567
      ],
      [
        0.55457598,
        0.50012799,
        0.05558937,
        0.0407714
      ]
    ],
    "labels":[
      "no_gesture",
      "fist"
    ],
    "leading_hand":"left",
    "leading_conf":1.0,
    "user_id":"90f76720b7867e36063b7c4584a2b9e4"
  },
  "06d5a1dd-1867-41a6-ad7c-60d3bfc4dc7f":{
    "bboxes":[
      [
        0.36197902,
        0.51352584,
        0.06649382,
        0.04771553
      ],
      [
        0.64346492,
        0.8394003,
        0.06011758,
        0.09460684
      ]
    ],
    "labels":[
      "fist",
      "no_gesture"
    ],
    "leading_hand":"right",
    "leading_conf":1.0,
    "user_id":"945c3a7067c483eb06d2e4110a28cf6e"
  },
  "07113fb9-c714-49f2-855c-d68d08737bb5":{
    "bboxes":[
      [
        0.14709735,
        0.27045692,
        0.10541133,
        0.07345124
      ]
    ],
    "labels":[
      "fist"
    ],
    "leading_hand":"right",
    "leading_conf":1.0,
    "user_id":"12129546a9fc8bd1f925418d22241dd3"
  },
  "0720d489-2404-4806-8f3e-f77558a1399e":{
    "bboxes":[
      [
        0.24456896,
        0.19638186,
        0.14184591,
        0.09868932
      ],
      [
        0.78033577,
        0.70945431,
        0.11787562,
        0.13354398
      ]
    ],
    "labels":[
      "fist",
      "no_gesture"
    ],
    "leading_hand":"right",
    "leading_conf":1.0,
    "user_id":"0a11105fbfa6d452b86187db53b753e2"
  },
  "072edfbe-2400-4af2-91dd-d8ab668a17a3":{
    "bboxes":[
      [
        0.64749806,
        0.46971134,
        0.23621037,
        0.16877986
      ]
    ],
    "labels":[
      "fist"
    ],
    "leading_hand":"left",
    "leading_conf":1.0,
    "user_id":"891c41429de76234aa56aa23cde9c764"
  },
  "07394233-d3df-48dd-80de-60749920c67e":{
    "bboxes":[
      [
        0.2474361,
        0.75609998,
        0.06408153,
        0.05504993
      ],
      [
        0.50615714,
        0.39750718,
        0.06136107,
        0.05264898
      ]
    ],
    "labels":[
      "no_gesture",
      "fist"
    ],
    "leading_hand":"left",
    "leading_conf":1.0,
    "user_id":"76b4c0f15d27e198ebf6f93bfb8dd8f3"
  },
  "077473f2-c6f5-49a4-9a65-8c56723a0c49":{
    "bboxes":[
      [
        0.11849116,
        0.30146737,
        0.17555084,
        0.12462159
      ],
      [
        0.66938769,
        0.65699821,
        0.16910211,
        0.09153279
      ]
    ],
    "labels":[
      "fist",
      "no_gesture"
    ],
    "leading_hand":"right",
    "leading_conf":1.0,
    "user_id":"74ff33c83c88ac8d499a89ece86ede3c"
  },
  "078f509f-e8ba-43ff-b0e5-5c40192c945e":{
    "bboxes":[
      [
        0.77021413,
        0.33475995,
        0.10400841,
        0.14418913
      ]
    ],
    "labels":[
      "fist"
    ],
    "leading_hand":"left",
    "leading_conf":1.0,
    "user_id":"63e9aa6474e70a63452ac9264583d228"
  },
  "07bbb77f-7720-441e-a521-aacc42736794":{
    "bboxes":[
      [
        0.484595,
        0.14115333,
        0.31658667,
        0.22957333
      ]
    ],
    "labels":[
      "fist"
    ],
    "leading_hand":"left",
    "leading_conf":1.0,
    "user_id":"9820f6dff0d63b4608b2fe933201da9f"
  },
  "07eb3863-6caa-40e5-a7b2-162014d02c3f":{
    "bboxes":[
      [
        0.22043645,
        0.71731301,
        0.07177558,
        0.05839243
      ]
    ],
    "labels":[
      "fist"
    ],
    "leading_hand":"right",
    "leading_conf":1.0,
    "user_id":"a2a4122b98702dab9ec583cad300d53d"
  },
  "080ae570-0229-4497-a2d6-db286ee14813":{
    "bboxes":[
      [
        0.45793667,
        0.66053167,
        0.12202667,
        0.16601667
      ]
    ],
    "labels":[
      "fist"
    ],
    "leading_hand":"left",
    "leading_conf":1.0,
    "user_id":"19923f06f459406d7ba9dc6a69d9d5aa"
  }
}