{
  "0002c188-b1bf-4509-a078-3bb6048bb5c6":{
    "bboxes":[
      [
        0.26645764,
        0.4283714,
        0.11775938,
        0.09428936
      ]
    ],
    "labels":[
      "four"
    ],
    "leading_hand":"right",
    "leading_conf":1.0,
    "user_id":"158f1884f516d12ec4ee909838f0021d"
  },
  "0014f118-ac28-4438-a72e-01b185dafc72":{
    "bboxes":[
      [
        0.17016397,
        0.65358767,
        0.05865394,
        0.07599285
      ],
      [
        0.38291205,
        0.34480743,
        0.08195794,
        0.08343222
      ]
    ],
    "labels":[
      "no_gesture",
      "four"
    ],
    "leading_hand":"left",
    "leading_conf":1.0,
    "user_id":"a07b23e0d96baa07d950e2a8a4a22392"
  },
  "002c0132-25cc-4ff6-b832-03fa82818e8a":{
    "bboxes":[
      [
        0.31078993,
        0.24335387,
        0.12646876,
        0.14476495
      ],
      [
        0.78237097,
        0.71491993,
        0.08978445,
        0.13027457
      ]
    ],
    "labels":[
      "four",
      "no_gesture"
    ],
    "leading_hand":"right",
    "leading_conf":1.0,
    "user_id":"66d044f5b1010961c12bb02a423775f8"
  },
  "005731ed-cab2-44c5-8fbc-384005cee981":{
    "bboxes":[
      [
        0.28580762,
        0.23508022,
        0.29957347,
        0.43437167
      ]
    ],
    "labels":[
      "four"
    ],
    "leading_hand":"right",
    "leading_conf":1.0,
    "user_id":"e84c3c680692b1a28f843c40b50bd601"
  },
  "0063a387-65f5-4158-a745-f6f77bebdc43":{
    "bboxes":[
      [
        0.51231121,
        0.21273911,
        0.07114179,
        0.08055276
      ]
    ],
    "labels":[
      "four"
    ],
    "leading_hand":"right",
    "leading_conf":1.0,
    "user_id":"b07a773bcb10b4f14f33d2b0e8ec58ba"
  },
  "006fb54f-a44a-49d2-916e-9c24425329ff":{
    "bboxes":[
      [
        0.33262491,
        0.21118244,
        0.09636413,
        0.09636568
      ],
      [
        0.57649992,
        0.52047148,
        0.04351601,
        0.07250517
      ]
    ],
    "labels":[
      "four",
      "no_gesture"
    ],
    "leading_hand":"right",
    "leading_conf":1.0,
    "user_id":"3c596b6651095da4915613058443495e"
  },
  "00736dda-248d-4662-9f92-daf4686ddac7":{
    "bboxes":[
      [
        0.21419547,
        0.25762362,
        0.16303566,
        0.16297233
      ],
      [
        0.74153557,
        0.7628691,
        0.11945591,
        0.11329688
      ]
    ],
    "labels":[
      "four",
      "no_gesture"
    ],
    "leading_hand":"right",
    "leading_conf":0.857143,
    "user_id":"3a8a535882e9055e13605840627e13e3"
  },
  "0074ca68-c276-4e0a-8447-facb2628c317":{
    "bboxes":[
      [
        0.2190195,
        0.82278358,
        0.09018626,
        0.10514143
      ],
      [
        0.52291389,
        0.44147724,
        0.10400973,
        0.11011644
      ]
    ],
    "labels":[
      "no_gesture",
      "four"
    ],
    "leading_hand":"left",
    "leading_conf":1.0,
    "user_id":"b292bd3570f53cc186db19cf3c5141b5"
  },
  "007b12c5-3a31-4a4e-89cd-a9ab2fa82c07":{
    "bboxes":[
      [
        0.18537036,
        0.25552337,
        0.06937503,
        0.08109408
      ],
      [
        0.38301728,
        0.42456462,
        0.06476444,
        0.03675116
      ]
    ],
    "labels":[
      "four",
      "no_gesture"
    ],
    "leading_hand":"right",
    "leading_conf":1.0,
    "user_id":"b07a773bcb10b4f14f33d2b0e8ec58ba"
  },
  "00952e09-59f1-444c-a2cf-4d2a05931e01":{
    "bboxes":[
      [
        0.21918586,
        0.67005837,
        0.07184176,
        0.1033337
      ],
      [
        0.5589714,
        0.25070978,
        0.14231665,
        0.15693559
      ]
    ],
    "labels":[
      "no_gesture",
      "four"
    ],
    "leading_hand":"left",
    "leading_conf":1.0,
    "user_id":"4827776669e52c911c3870ce2cff512e"
  },
  "00c7d5f3-ff27-455c-8b6e-cdc54aaaf427":{
    "bboxes":[
      [
        0.32086037,
        0.81209083,
        0.06153854,
        0.05742435
      ],
      [
        0.66154106,
        0.57566893,
        0.09381363,
        0.06847722
      ]
    ],
    "labels":[
      "no_gesture",
      "four"
    ],
    "leading_hand":"left",
    "leading_conf":1.0,
    "user_id":"61863450e2dd81f4885cbdc233cde151"
  },
  "00d3fcac-b592-43bd-b4bc-9243025563fb":{
    "bboxes":[
      [
        0.33458949,
        0.13840214,
        0.11833235,
        0.12588497
      ],
      [
        0.72205157,
        0.58508371,
        0.05247756,
        0.07350211
      ]
    ],
    "labels":[
      "four",
      "no_gesture"
    ],
    "leading_hand":"right",
    "leading_conf":1.0,
    "user_id":"33e7dd07a2f2db5cbf51e8d3e8002a5f"
  },
  "00d6fb49-ac72-4f60-9c22-6f4e501b27bc":{
    "bboxes":[
      [
        0.28285815,
        0.9491983,
        0.08428648,
        0.0506767
      ],
      [
        0.63865482,
        0.44132142,
        0.13596373,
        0.14797329
      ]
    ],
    "labels":[
      "no_gesture",
      "four"
    ],
    "leading_hand":"left",
    "leading_conf":1.0,
    "user_id":"6aa94d4fe541b9e46733ea2a366aea1a"
  },
  "00fd370a-863e-47c9-b463-e2ebd864eb81":{
    "bboxes":[
      [
        0.0466982,
        0.77096888,
        0.09731052,
        0.11510423
      ],
      [
        0.57322338,
        0.15900791,
        0.16007797,
        0.17884547
      ]
    ],
    "labels":[
      "no_gesture",
      "four"
    ],
    "leading_hand":"left",
    "leading_conf":1.0,
    "user_id":"4f166e65fd7f8ef8929b1db43e137464"
  },
  "0105a25e-6221-41b5-9336-89737250c401":{
    "bboxes":[
      [
        0.22827895,
        0.2307848,
        0.10937755,
        0.1376706
      ],
      [
        0.67793153,
        0.73085758,
        0.08047735,
        0.11534068
      ]
    ],
    "labels":[
      "four",
      "no_gesture"
    ],
    "leading_hand":"right",
    "leading_conf":1.0,
    "user_id":"4db6b6c02bb7751f9b371f78854b6846"
  },
  "0108da19-0cf5-48ac-9b07-0145e4a2aa41":{
    "bboxes":[
      [
        0.33350902,
        0.26079814,
        0.06879801,
        0.12589691
      ],
      [
        0.56477956,
        0.72382654,
        0.04826523,
        0.11095515
      ]
    ],
    "labels":[
      "four",
      "no_gesture"
    ],
    "leading_hand":"right",
    "leading_conf":1.0,
    "user_id":"3bd2c8d9fa1c54bf5bddb586af7c514d"
  },
  "01164f08-4a7a-4816-8518-aafc3685162e":{
    "bboxes":[
      [
        0.32739315,
        0.43174502,
        0.10579337,
        0.12724551
      ],
      [
        0.76021542,
        0.84338822,
        0.08903774,
        0.110541
      ]
    ],
    "labels":[
      "four",
      "no_gesture"
    ],
    "leading_hand":"right",
    "leading_conf":1.0,
    "user_id":"fe30486d7316d1befe79cc2bfaad28a3"
  },
  "012d61ab-4619-4804-b263-a24c956f56b7":{
    "bboxes":[
      [
        0.32960974,
        0.31683334,
        0.15491775,
        0.10931226
      ]
    ],
    "labels":[
      "four"
    ],
    "leading_hand":"right",
    "leading_conf":1.0,
    "user_id":"9128615283cac4e060fbd9065a0ca5c9"
  },
  "01344aef-0d9a-4c31-a780-304d7254cbb1":{
    "bboxes":[
      [
        0.2631668,
        0.83305243,
        0.05763241,
        0.06943756
      ],
      [
        0.51968009,
        0.48527343,
        0.08204464,
        0.08534494
      ]
    ],
    "labels":[
      "no_gesture",
      "four"
    ],
    "leading_hand":"left",
    "leading_conf":0.8,
    "user_id":"bc79fe60dd19dac53b38acc1f12a613d"
  },
  "014a91ae-4f29-4369-8bbf-8c366d623ed0":{
    "bboxes":[
      [
        0.08630016,
        0.42637591,
        0.14410759,
        0.15571478
      ]
    ],
    "labels":[
      "four"
    ],
    "leading_hand":"right",
    "leading_conf":1.0,
    "user_id":"2ceebe7bb0662c9bcc618b7536316df5"
  },
  "0157a949-ba7b-4783-9c1d-7b71c1507e1f":{
    "bboxes":[
      [
        0.30158761,
        0.44926418,
        0.11095762,
        0.10274102
      ],
      [
        0.65882965,
        0.90610473,
        0.09129571,
        0.09344384
      ]
    ],
    "labels":[
      "four",
      "no_gesture"
    ],
    "leading_hand":"right",
    "leading_conf":1.0,
    "user_id":"c4271b64628a54243d92ee34276c87af"
  },
  "015c0f0f-f76d-4602-a8a8-ffb74434c73f":{
    "bboxes":[
      [
        0.24793019,
        0.38973854,
        0.09149085,
        0.06490995
      ],
      [
        0.5868262,
        0.64815676,
        0.06545364,
        0.06001151
      ]
    ],
    "labels":[
      "four",
      "no_gesture"
    ],
    "leading_hand":"right",
    "leading_conf":1.0,
    "user_id":"186e2788b6edca93729500cd071e821a"
  },
  "019f9c83-94d0-4e1a-abda-c6e43b1d6e8a":{
    "bboxes":[
      [
        0.18376912,
        0.77259342,
        0.08351702,
        0.0999669
      ],
      [
        0.62131923,
        0.38889025,
        0.11345437,
        0.11531397
      ]
    ],
    "labels":[
      "no_gesture",
      "four"
    ],
    "leading_hand":"left",
    "leading_conf":1.0,
    "user_id":"61bd21d3daace82dde809df007757fe8"
  },
  "02021cd2-8a70-4e8a-86bd-2bc236bd8885":{
    "bboxes":[
      [
        0.21886645,
        0.57309617,
        0.0704317,
        0.08860809
      ],
      [
        0.56631307,
        0.19160065,
        0.08641773,
        0.09379044
      ]
    ],
    "labels":[
      "no_gesture",
      "four"
    ],
    "leading_hand":"left",
    "leading_conf":1.0,
    "user_id":"7c2b5520a27ed18c7fb2daa628820d8b"
  },
  "0209442f-77e0-4aef-8cec-e837a9e7ac3b":{
    "bboxes":[
      [
        0.65276207,
        0.31934035,
        0.15787635,
        0.16906727
      ]
    ],
    "labels":[
      "four"
    ],
    "leading_hand":"left",
    "leading_conf":1.0,
    "user_id":"c99650456fb12676f4b4c4df338b1920"
  },
  "021913ac-06f1-4283-a566-fc4c27c52f9b":{
    "bboxes":[
      [
        0.11135469,
        0.54768873,
        0.09939768,
        0.1179349
      ],
      [
        0.57574068,
        0.10594728,
        0.16138311,
        0.15005352
      ]
    ],
    "labels":[
      "no_gesture",
      "four"
    ],
    "leading_hand":"left",
    "leading_conf":1.0,
    "user_id":"8fb8c37239a496efc451aa701c81c979"
  },
  "021b8892-981e-43e9-8ebb-09717be78feb":{
    "bboxes":[
      [
        0.3112493,
        0.3371864,
        0.10571279,
        0.08579261
      ],
      [
        0.70706045,
        0.66234939,
        0.06382101,
        0.05054595
      ]
    ],
    "labels":[
      "four",
      "no_gesture"
    ],
    "leading_hand":"right",
    "leading_conf":0.8,
    "user_id":"9128615283cac4e060fbd9065a0ca5c9"
  },
  "02433469-6e39-47f3-aea2-2b1fd786209b":{
    "bboxes":[
      [
        0.64593121,
        0.46145942,
        0.18174269,
        0.2092298
      ]
    ],
    "labels":[
      "four"
    ],
    "leading_hand":"left",
    "leading_conf":1.0,
    "user_id":"90355f8b002368700c1bfee399eeee54"
  },
  "0260ec35-710a-4225-ad6f-f776452e7b83":{
    "bboxes":[
      [
        0.22941162,
        0.5765718,
        0.10793676,
        0.06726296
      ],
      [
        0.59208877,
        0.75379075,
        0.06990751,
        0.05260256
      ]
    ],
    "labels":[
      "four",
      "no_gesture"
    ],
    "leading_hand":"right",
    "leading_conf":1.0,
    "user_id":"1649d40aa3270d8b2ed5ff87273da2c0"
  },
  "029eb062-eff1-4971-85cb-ede347dc5bfa":{
    "bboxes":[
      [
        0.6010113,
        0.1935103,
        0.10601492,
        0.12482266
      ]
    ],
    "labels":[
      "four"
    ],
    "leading_hand":"left",
    "leading_conf":1.0,
    "user_id":"114b9a16906c586acb44687fd3b77ca0"
  },
  "02b6d1fb-16ac-4e0d-a7fd-1397da6d54f1":{
    "bboxes":[
      [
        0.22106624,
        0.1162377,
        0.14433661,
        0.17403385
      ],
      [
        0.75459983,
        0.68223193,
        0.09299273,
        0.12591407
      ]
    ],
    "labels":[
      "four",
      "no_gesture"
    ],
    "leading_hand":"right",
    "leading_conf":1.0,
    "user_id":"9e5a45851413fd96d4f9caa373e63de2"
  },
  "02c48caa-5f36-4d54-ac27-23536df4e6ca":{
    "bboxes":[
      [
        0.32193126,
        0.14310976,
        0.04928185,
        0.05547759
      ],
      [
        0.42394625,
        0.19047394,
        0.04968067,
        0.04054324
      ]
    ],
    "labels":[
      "four",
      "no_gesture"
    ],
    "leading_hand":"right",
    "leading_conf":0.857143,
    "user_id":"d3f50cb79b5ddab740708f5f2d6b1abe"
  },
  "02d24a11-4c33-4a56-9f93-4d9cc79c85e8":{
    "bboxes":[
      [
        0.298931,
        0.39943044,
        0.13492954,
        0.13178182
      ],
      [
        0.49662396,
        0.85704103,
        0.17402588,
        0.13224233
      ]
    ],
    "labels":[
      "four",
      "no_gesture"
    ],
    "leading_hand":"right",
    "leading_conf":1.0,
    "user_id":"605c73c4f52acd1fb2587abf1a602a74"
  },
  "0307c81f-1489-4b3a-b456-fe0481d1ed62":{
    "bboxes":[
      [
        0.156635,
        0.331985,
        0.15138889,
        0.15105
      ],
      [
        0.45320778,
        0.34739,
        0.16642778,
        0.14665833
      ]
    ],
    "labels":[
      "four",
      "no_gesture"
    ],
    "leading_hand":"right",
    "leading_conf":1.0,
    "user_id":"463677a18f67cab6c8a75c491b5b99fc"
  },
  "0310fda4-0ec0-4035-8187-89d1f6fbff1d":{
    "bboxes":[
      [
        0.31179151,
        0.63140445,
        0.07365089,
        0.07535004
      ],
      [
        0.55065385,
        0.22085022,
        0.09535901,
        0.14492779
      ]
    ],
    "labels":[
      "no_gesture",
      "four"
    ],
    "leading_hand":"left",
    "leading_conf":1.0,
    "user_id":"9fd30ebe683e9f52d067e1732606ade5"
  },
  "033cdc3b-56db-45b5-b7ca-999884bbb341":{
    "bboxes":[
      [
        0.00872735,
        0.62713432,
        0.0974788,
        0.11531518
      ],
      [
        0.42049287,
        0.22216355,
        0.12248469,
        0.13392055
      ]
    ],
    "labels":[
      "no_gesture",
      "four"
    ],
    "leading_hand":"left",
    "leading_conf":1.0,
    "user_id":"491d096e43747574d724fafd31b9ed8f"
  },
  "0345e52b-6241-4a88-96ff-b642f1854158":{
    "bboxes":[
      [
        0.16700833,
        0.31868592,
        0.21140533,
        0.22303865
      ]
    ],
    "labels":[
      "four"
    ],
    "leading_hand":"right",
    "leading_conf":1.0,
    "user_id":"e16238fd61ca071e5d6f80a7c0f1d490"
  },
  "03643c20-5e0b-4a4c-aaab-843f3cbd846a":{
    "bboxes":[
      [
        0.4889991,
        0.43931594,
        0.07094842,
        0.08962444
      ],
      [
        0.71863787,
        0.63415262,
        0.09194366,
        0.05537476
      ]
    ],
    "labels":[
      "four",
      "no_gesture"
    ],
    "leading_hand":"right",
    "leading_conf":1.0,
    "user_id":"f6025e556f0abbb521dd2264ef43ed9e"
  },
  "0365c560-23a3-4138-b8c5-52ba6de13caf":{
    "bboxes":[
      [
        0.26058475,
        0.6128375,
        0.09812919,
        0.1064842
      ]
    ],
    "labels":[
      "four"
    ],
    "leading_hand":"right",
    "leading_conf":1.0,
    "user_id":"e2b87d7b98ed20aa9dcf46f2726b145e"
  },
  "036c44ca-1592-4b6a-9a3a-e2717899b499":{
    "bboxes":[
      [
        0.38831749,
        0.25757571,
        0.1131232,
        0.10585356
      ],
      [
        0.75177344,
        0.61945045,
        0.05579422,
        0.08288916
      ]
    ],
    "labels":[
      "four",
      "no_gesture"
    ],
    "leading_hand":"right",
    "leading_conf":1.0,
    "user_id":"35f31b3eee083e898ca95aaf597334f9"
  },
  "03700f99-bbc8-4093-9320-f3fe8b10401e":{
    "bboxes":[
      [
        0.43674978,
        0.32893555,
        0.05880431,
        0.06741439
      ],
      [
        0.55857566,
        0.52392875,
        0.04763177,
        0.03683552
      ]
    ],
    "labels":[
      "four",
      "no_gesture"
    ],
    "leading_hand":"right",
    "leading_conf":1.0,
    "user_id":"a25b6a242305b7574a980f8bf9d8ccbe"
  },
  "0393890a-85d3-45b7-827b-a59dd61c21b9":{
    "bboxes":[
      [
        0.31204846,
        0.34669885,
        0.07074022,
        0.07619893
      ]
    ],
    "labels":[
      "four"
    ],
    "leading_hand":"right",
    "leading_conf":1.0,
    "user_id":"185abed531787fa4e421c067e2bf2645"
  },
  "03b19a5c-17c1-40ee-8f7f-5f85942baed3":{
    "bboxes":[
      [
        0.01160595,
        0.63382292,
        0.11969973,
        0.13026963
      ],
      [
        0.50812444,
        0.19386355,
        0.13874641,
        0.12768639
      ]
    ],
    "labels":[
      "no_gesture",
      "four"
    ],
    "leading_hand":"left",
    "leading_conf":1.0,
    "user_id":"9b703967f032dfe9702e90461e3ed293"
  },
  "03b3cfb0-8e76-41a1-91f3-a34527c8b461":{
    "bboxes":[
      [
        0.34257889,
        0.30688338,
        0.08300498,
        0.10008572
      ],
      [
        0.43341361,
        0.53766075,
        0.0771449,
        0.05482002
      ]
    ],
    "labels":[
      "four",
      "no_gesture"
    ],
    "leading_hand":"right",
    "leading_conf":1.0,
    "user_id":"b60dc89a23c512e8d4b8845f6c0bd871"
  },
  "03cd470a-d82c-4a74-8faf-feabcd1c558b":{
    "bboxes":[
      [
        0.28261546,
        0.86560626,
        0.07545356,
        0.13359708
      ],
      [
        0.57611254,
        0.26739551,
        0.09209135,
        0.19788415
      ]
    ],
    "labels":[
      "no_gesture",
      "four"
    ],
    "leading_hand":"left",
    "leading_conf":1.0,
    "user_id":"27472a4c9924294af39f5a7325b0152f"
  },
  "03ddb335-d077-4bf4-9800-975fb79bc41c":{
    "bboxes":[
      [
        0.31650533,
        0.46632006,
        0.09894484,
        0.07799214
      ],
      [
        0.73512947,
        0.76671461,
        0.05774238,
        0.07379234
      ]
    ],
    "labels":[
      "four",
      "no_gesture"
    ],
    "leading_hand":"right",
    "leading_conf":1.0,
    "user_id":"64e66a2049c2bd878c0bb6f096e87e12"
  },
  "03e8b3d0-3b1c-45f6-8896-b405ae8d9eb0":{
    "bboxes":[
      [
        0.29513622,
        0.83569866,
        0.07348228,
        0.15395018
      ],
      [
        0.64095551,
        0.15792748,
        0.10539345,
        0.20679215
      ]
    ],
    "labels":[
      "no_gesture",
      "four"
    ],
    "leading_hand":"left",
    "leading_conf":0.8,
    "user_id":"bac0b4a5973b2863121d8f6e7fb92601"
  },
  "04054728-f85c-436b-8a47-44e4fb2a7565":{
    "bboxes":[
      [
        0.34007643,
        0.78181482,
        0.04968582,
        0.14268793
      ],
      [
        0.52501891,
        0.23123196,
        0.07773132,
        0.13955645
      ]
    ],
    "labels":[
      "no_gesture",
      "four"
    ],
    "leading_hand":"left",
    "leading_conf":1.0,
    "user_id":"a0ddd4923524341f97711bc457de0799"
  },
  "042ba721-ddb3-4ea3-8baf-f758f29f065c":{
    "bboxes":[
      [
        0.271618,
        0.17638767,
        0.14184301,
        0.16357081
      ],
      [
        0.79833508,
        0.66383751,
        0.09580627,
        0.12511486
      ]
    ],
    "labels":[
      "four",
      "no_gesture"
    ],
    "leading_hand":"right",
    "leading_conf":1.0,
    "user_id":"0a11105fbfa6d452b86187db53b753e2"
  },
  "043031bd-b8c7-4309-a165-4cdbcec8d5e8":{
    "bboxes":[
      [
        0.45381273,
        0.28834624,
        0.0937103,
        0.10515648
      ]
    ],
    "labels":[
      "four"
    ],
    "leading_hand":"right",
    "leading_conf":1.0,
    "user_id":"a0d8b73aa3e2b2b700bb4e329dc8f820"
  },
  "044b8e31-bc7f-429d-971d-8e162afbc5aa":{
    "bboxes":[
      [
        0.49575116,
        0.70687198,
        0.06139938,
        0.07104336
      ],
      [
        0.48604979,
        0.49929971,
        0.10666325,
        0.12479154
      ]
    ],
    "labels":[
      "no_gesture",
      "four"
    ],
    "leading_hand":"left",
    "leading_conf":1.0,
    "user_id":"447ac39c015f9b50c39a838059fc7012"
  },
  "044c9bda-0f30-48a7-a306-f6cac789036f":{
    "bboxes":[
      [
        0.02635374,
        0.7182925,
        0.09246234,
        0.14763577
      ],
      [
        0.51836713,
        0.24179465,
        0.14030825,
        0.154063
      ]
    ],
    "labels":[
      "no_gesture",
      "four"
    ],
    "leading_hand":"left",
    "leading_conf":1.0,
    "user_id":"f034fe59aa0f92b6324f66d7ad39758c"
  },
  "04559fa4-3139-4095-b01d-bc9806df2e31":{
    "bboxes":[
      [
        0.30107008,
        0.509821,
        0.0915866,
        0.09806263
      ],
      [
        0.5951779,
        0.89776563,
        0.06243,
        0.08542598
      ]
    ],
    "labels":[
      "four",
      "no_gesture"
    ],
    "leading_hand":"right",
    "leading_conf":1.0,
    "user_id":"c7d1fb9aae251d4b292b7882207c3cdc"
  },
  "0460a741-bbe2-427a-9183-9b4241b6ea81":{
    "bboxes":[
      [
        0.21945751,
        0.44253848,
        0.12396674,
        0.14084996
      ],
      [
        0.75610446,
        0.90620274,
        0.07268089,
        0.09348088
      ]
    ],
    "labels":[
      "four",
      "no_gesture"
    ],
    "leading_hand":"right",
    "leading_conf":1.0,
    "user_id":"0a44a24e5b1c985897f82a98ac67d16a"
  },
  "04615f31-0af3-4d00-b7f6-484fc76b9a1c":{
    "bboxes":[
      [
        0.6222052,
        0.48775205,
        0.19855035,
        0.17955046
      ]
    ],
    "labels":[
      "four"
    ],
    "leading_hand":"left",
    "leading_conf":1.0,
    "user_id":"0efc919342d05b3a5d0f4904f86b82a2"
  },
  "0464c869-19bf-4df6-a852-11ba85bc1fe7":{
    "bboxes":[
      [
        0.36788127,
        0.53081232,
        0.08385101,
        0.11462541
      ],
      [
        0.68114439,
        0.91093699,
        0.07649065,
        0.08756765
      ]
    ],
    "labels":[
      "four",
      "no_gesture"
    ],
    "leading_hand":"right",
    "leading_conf":1.0,
    "user_id":"bcad3a4c6fb16e043d83ef97037f09a8"
  },
  "04698b1d-f06f-4cb8-a443-1b94c2870210":{
    "bboxes":[
      [
        0.14389405,
        0.34575445,
        0.05941685,
        0.06688839
      ],
      [
        0.31634371,
        0.55505707,
        0.04290975,
        0.05225076
      ]
    ],
    "labels":[
      "four",
      "no_gesture"
    ],
    "leading_hand":"right",
    "leading_conf":1.0,
    "user_id":"77cd12a8cc2416e551ea800a759033f2"
  },
  "0483d8e0-94e0-456c-9467-6fd1245bb3e2":{
    "bboxes":[
      [
        0.43683268,
        0.260216,
        0.14511095,
        0.17298187
      ],
      [
        0.72670584,
        0.78771853,
        0.10554788,
        0.12081281
      ]
    ],
    "labels":[
      "four",
      "no_gesture"
    ],
    "leading_hand":"right",
    "leading_conf":1.0,
    "user_id":"d3f50cb79b5ddab740708f5f2d6b1abe"
  },
  "049ad4e7-7612-4d49-8ec6-b45765a74f4e":{
    "bboxes":[
      [
        0.30687911,
        0.31990425,
        0.11513216,
        0.12206125
      ],
      [
        0.68722303,
        0.71360973,
        0.07300131,
        0.10734842
      ]
    ],
    "labels":[
      "four",
      "no_gesture"
    ],
    "leading_hand":"right",
    "leading_conf":1.0,
    "user_id":"ccf0f5f9edaaa995c062d769c91d9a5e"
  },
  "04baa7b6-1048-4e9a-af8c-4d3975e7c887":{
    "bboxes":[
      [
        0.21935817,
        0.69354751,
        0.07603138,
        0.09452819
      ],
      [
        0.5495723,
        0.2787535,
        0.08283482,
        0.10826665
      ]
    ],
    "labels":[
      "no_gesture",
      "four"
    ],
    "leading_hand":"left",
    "leading_conf":1.0,
    "user_id":"bdb98fbd9547475c3bfabab7754aad85"
  },
  "04c35717-1f9f-4075-aafc-d02ad6b0a970":{
    "bboxes":[
      [
        0.20602722,
        0.69285971,
        0.08096719,
        0.13011148
      ],
      [
        0.64984874,
        0.21943588,
        0.12134477,
        0.12812819
      ]
    ],
    "labels":[
      "no_gesture",
      "four"
    ],
    "leading_hand":"left",
    "leading_conf":1.0,
    "user_id":"9cf0cf83e903677df1520626ba0def4f"
  },
  "04c38b9b-902e-432c-96d2-9d386c504bf5":{
    "bboxes":[
      [
        0.30353512,
        0.40138885,
        0.14583679,
        0.1307417
      ],
      [
        0.82830937,
        0.85642494,
        0.0849934,
        0.10234627
      ]
    ],
    "labels":[
      "four",
      "no_gesture"
    ],
    "leading_hand":"right",
    "leading_conf":1.0,
    "user_id":"54fdee731038d909a6eba724f6bec65c"
  },
  "04c91d30-4927-4bca-845c-baa768e2ebf9":{
    "bboxes":[
      [
        0.39000227,
        0.35666697,
        0.07422816,
        0.07927431
      ],
      [
        0.60865038,
        0.65417875,
        0.07759719,
        0.06347913
      ]
    ],
    "labels":[
      "four",
      "no_gesture"
    ],
    "leading_hand":"right",
    "leading_conf":1.0,
    "user_id":"c26c90ea5badd5659ced3a6f7e3186ab"
  },
  "04d05385-1c03-43ef-9fd3-54d005246619":{
    "bboxes":[
      [
        0.26300042,
        0.31686544,
        0.11714841,
        0.13036492
      ],
      [
        0.7604239,
        0.78630306,
        0.0740853,
        0.12455136
      ]
    ],
    "labels":[
      "four",
      "no_gesture"
    ],
    "leading_hand":"right",
    "leading_conf":1.0,
    "user_id":"bdb98fbd9547475c3bfabab7754aad85"
  },
  "050328dc-8b7e-4a3f-9487-1252c57ad75b":{
    "bboxes":[
      [
        0.67707613,
        0.30281977,
        0.18177266,
        0.22911492
      ]
    ],
    "labels":[
      "four"
    ],
    "leading_hand":"left",
    "leading_conf":1.0,
    "user_id":"bceb767c2b9ba80327783ca3060cfadf"
  },
  "0515eb14-fdc5-48b7-9869-3de47f8eb768":{
    "bboxes":[
      [
        0.22927402,
        0.82684008,
        0.07044009,
        0.08086563
      ],
      [
        0.45582254,
        0.56248606,
        0.0596912,
        0.0776076
      ]
    ],
    "labels":[
      "no_gesture",
      "four"
    ],
    "leading_hand":"left",
    "leading_conf":1.0,
    "user_id":"a0ddd4923524341f97711bc457de0799"
  },
  "051d6c50-75f8-4afc-9526-09b6cca2ffe4":{
    "bboxes":[
      [
        0.22416569,
        0.25879351,
        0.15579394,
        0.15991057
      ],
      [
        0.73573559,
        0.89267183,
        0.10141284,
        0.10615444
      ]
    ],
    "labels":[
      "four",
      "no_gesture"
    ],
    "leading_hand":"right",
    "leading_conf":1.0,
    "user_id":"65d19c5646b51c6629fda4d156ca333c"
  },
  "058b3a93-e191-4d61-a509-db84b292905a":{
    "bboxes":[
      [
        0.27247314,
        0.45982402,
        0.08578864,
        0.10221984
      ],
      [
        0.69186501,
        0.8337821,
        0.05243915,
        0.08790107
      ]
    ],
    "labels":[
      "four",
      "no_gesture"
    ],
    "leading_hand":"right",
    "leading_conf":1.0,
    "user_id":"0e8a148a83b2c9a65ad7918074c17da5"
  },
  "05946b89-2c91-4ed1-91fd-0f572cf43701":{
    "bboxes":[
      [
        0.35661129,
        0.49237126,
        0.11698138,
        0.09268584
      ],
      [
        0.65070405,
        0.73965278,
        0.0751719,
        0.07834701
      ]
    ],
    "labels":[
      "four",
      "no_gesture"
    ],
    "leading_hand":"right",
    "leading_conf":0.857143,
    "user_id":"efee296b69fd4dd98d75de1ec19abc77"
  },
  "05b514a2-19b5-4535-8ef0-44660649b289":{
    "bboxes":[
      [
        0.5196308,
        0.5423816,
        0.08870054,
        0.15167423
      ]
    ],
    "labels":[
      "four"
    ],
    "leading_hand":"left",
    "leading_conf":1.0,
    "user_id":"80c2ff30882e01d1d5ee3008bc20052a"
  },
  "05b97c20-fbb8-4172-8488-fdddfa356a96":{
    "bboxes":[
      [
        0.304284,
        0.52790182,
        0.04995703,
        0.10655875
      ],
      [
        0.68023111,
        0.07067969,
        0.10610303,
        0.13011891
      ]
    ],
    "labels":[
      "no_gesture",
      "four"
    ],
    "leading_hand":"left",
    "leading_conf":1.0,
    "user_id":"4a33992b7a6fcda90f9d5ed7a40f3d5d"
  },
  "05c70758-d8e1-48cd-82c6-28fec6226b66":{
    "bboxes":[
      [
        0.45852362,
        0.48450877,
        0.11262348,
        0.12615637
      ]
    ],
    "labels":[
      "four"
    ],
    "leading_hand":"right",
    "leading_conf":1.0,
    "user_id":"e1bb00445f43414e842ddf289443af39"
  },
  "05e071ec-7c27-473f-b4a0-67ef165e4039":{
    "bboxes":[
      [
        0.18236154,
        0.2895112,
        0.13021508,
        0.09183579
      ],
      [
        0.62933549,
        0.54397794,
        0.06063146,
        0.05636241
      ]
    ],
    "labels":[
      "four",
      "no_gesture"
    ],
    "leading_hand":"right",
    "leading_conf":1.0,
    "user_id":"0372c580d96808a563249afe14f25a19"
  },
  "05ee250e-2b12-420c-964f-2e9bb4db3744":{
    "bboxes":[
      [
        0.41017721,
        0.22136852,
        0.21918858,
        0.10930284
      ],
      [
        0.69534246,
        0.17651793,
        0.20580071,
        0.13842376
      ]
    ],
    "labels":[
      "no_gesture",
      "four"
    ],
    "leading_hand":"left",
    "leading_conf":0.8,
    "user_id":"3cebd0065c19a0bbfde44e4a8f5e0f7c"
  },
  "05f150c9-e1a1-41e0-9e7c-592c3ecb178c":{
    "bboxes":[
      [
        0.39632506,
        0.67099683,
        0.04317505,
        0.06939012
      ],
      [
        0.64572503,
        0.36730274,
        0.08273171,
        0.07878683
      ]
    ],
    "labels":[
      "no_gesture",
      "four"
    ],
    "leading_hand":"left",
    "leading_conf":1.0,
    "user_id":"08096666ea4ae5f1145812820e4d0d3a"
  },
  "05f74d6b-0053-48c0-9b99-363f344358e3":{
    "bboxes":[
      [
        0.28840255,
        0.49084016,
        0.10530415,
        0.11478154
      ]
    ],
    "labels":[
      "four"
    ],
    "leading_hand":"right",
    "leading_conf":1.0,
    "user_id":"a7c1b48033bcd949f7dd26e4c6231926"
  },
  "05faf28a-dd85-4190-b2f8-00c14ab10d05":{
    "bboxes":[
      [
        0.17170625,
        0.77310015,
        0.09112055,
        0.09001712
      ],
      [
        0.57787949,
        0.37277306,
        0.09286333,
        0.11008837
      ]
    ],
    "labels":[
      "no_gesture",
      "four"
    ],
    "leading_hand":"left",
    "leading_conf":1.0,
    "user_id":"adb1525f89c64ee6a13f640f93c35c21"
  },
  "05fc4fa1-1aa2-415a-a0eb-90a66b740403":{
    "bboxes":[
      [
        0.39960607,
        0.3243027,
        0.04489482,
        0.04991278
      ],
      [
        0.46671516,
        0.35861622,
        0.04710398,
        0.03693364
      ]
    ],
    "labels":[
      "four",
      "no_gesture"
    ],
    "leading_hand":"right",
    "leading_conf":0.8,
    "user_id":"d3f50cb79b5ddab740708f5f2d6b1abe"
  },
  "0601000d-0d31-4627-bc00-87b597185e66":{
    "bboxes":[
      [
        0.12164939,
        0.76819704,
        0.14173223,
        0.15810987
      ],
      [
        0.62305201,
        0.232847,
        0.17373614,
        0.17983674
      ]
    ],
    "labels":[
      "no_gesture",
      "four"
    ],
    "leading_hand":"left",
    "leading_conf":1.0,
    "user_id":"24a759aab118bbc81f2d7a48b05206eb"
  },
  "0607c790-9bb6-4e9a-8622-9027c82c4863":{
    "bboxes":[
      [
        0.27454499,
        0.10299557,
        0.29182707,
        0.33409079
      ]
    ],
    "labels":[
      "four"
    ],
    "leading_hand":"right",
    "leading_conf":1.0,
    "user_id":"0233035be4c6e60b7536c6aac44ecf36"
  },
  "0608d591-36c0-48cc-9855-dba52fa5e94c":{
    "bboxes":[
      [
        0.72215585,
        0.15182613,
        0.14230976,
        0.14775255
      ]
    ],
    "labels":[
      "four"
    ],
    "leading_hand":"left",
    "leading_conf":1.0,
    "user_id":"5eb666b8daf7366c0bfdc4af947b0167"
  },
  "0617b61a-215a-486a-bd78-aba9368e19c0":{
    "bboxes":[
      [
        0.25766272,
        0.32400215,
        0.13868843,
        0.13566467
      ],
      [
        0.71702836,
        0.78629172,
        0.07446375,
        0.12864194
      ]
    ],
    "labels":[
      "four",
      "no_gesture"
    ],
    "leading_hand":"right",
    "leading_conf":1.0,
    "user_id":"75edc85d01e2b2a7666f35318d12db47"
  },
  "06358daf-c33c-44db-a867-6224e08f2907":{
    "bboxes":[
      [
        0.4184245,
        0.25153653,
        0.10043335,
        0.10858969
      ],
      [
        0.80516243,
        0.65027091,
        0.11743219,
        0.07676478
      ]
    ],
    "labels":[
      "four",
      "no_gesture"
    ],
    "leading_hand":"right",
    "leading_conf":1.0,
    "user_id":"33e7dd07a2f2db5cbf51e8d3e8002a5f"
  },
  "063f7413-7478-4c19-a005-a27a72c98061":{
    "bboxes":[
      [
        0.18274172,
        0.3750819,
        0.19722292,
        0.21273109
      ]
    ],
    "labels":[
      "four"
    ],
    "leading_hand":"right",
    "leading_conf":1.0,
    "user_id":"0fb60607e93b82d70c6da0aff9edaa9f"
  },
  "064774f1-fcdb-467c-b642-0fd2387b8281":{
    "bboxes":[
      [
        0.31025093,
        0.89652552,
        0.06292413,
        0.07182531
      ],
      [
        0.57768173,
        0.58386155,
        0.07138916,
        0.07880555
      ]
    ],
    "labels":[
      "no_gesture",
      "four"
    ],
    "leading_hand":"left",
    "leading_conf":1.0,
    "user_id":"d3578931a47138b136bf81bda5a2743f"
  },
  "064d81d6-7b23-4378-913d-432430621594":{
    "bboxes":[
      [
        0.25606918,
        0.15927039,
        0.06697661,
        0.14801897
      ],
      [
        0.49888422,
        0.7351224,
        0.04603273,
        0.0924415
      ]
    ],
    "labels":[
      "four",
      "no_gesture"
    ],
    "leading_hand":"right",
    "leading_conf":0.8,
    "user_id":"bb6cf7dc9374d9c0e8af3939c321d92c"
  },
  "06568698-ee1a-45d2-9c54-4f3138937834":{
    "bboxes":[
      [
        0.20983965,
        0.47940361,
        0.15639742,
        0.11267703
      ],
      [
        0.68443798,
        0.89621329,
        0.08910249,
        0.09333979
      ]
    ],
    "labels":[
      "four",
      "no_gesture"
    ],
    "leading_hand":"right",
    "leading_conf":1.0,
    "user_id":"206a8eea4502a075d35e95ba878f7d91"
  },
  "0661e3c3-5b54-43f6-818b-3440476a8ebe":{
    "bboxes":[
      [
        0.00083333,
        0.80999261,
        0.13271571,
        0.12859207
      ],
      [
        0.51920968,
        0.42670142,
        0.18394734,
        0.11163323
      ]
    ],
    "labels":[
      "no_gesture",
      "four"
    ],
    "leading_hand":"left",
    "leading_conf":1.0,
    "user_id":"ae9bc64dc543aae5a80b80b140391e51"
  },
  "066dfd6d-0c94-4e97-9db7-5eb10b01d885":{
    "bboxes":[
      [
        0.26747664,
        0.55014614,
        0.05460085,
        0.10077327
      ],
      [
        0.62218986,
        0.10138262,
        0.11084864,
        0.12420541
      ]
    ],
    "labels":[
      "no_gesture",
      "four"
    ],
    "leading_hand":"left",
    "leading_conf":1.0,
    "user_id":"4a33992b7a6fcda90f9d5ed7a40f3d5d"
  },
  "0671eb1b-8e39-4727-bee6-18ff8c53c1ca":{
    "bboxes":[
      [
        0.32121362,
        0.31100248,
        0.09115191,
        0.08403622
      ],
      [
        0.56637385,
        0.68729707,
        0.04919247,
        0.07787827
      ]
    ],
    "labels":[
      "four",
      "no_gesture"
    ],
    "leading_hand":"right",
    "leading_conf":1.0,
    "user_id":"23d9187d61738676031a57531680f447"
  },
  "0675b913-aba4-451f-b326-ce93ed1f1c9e":{
    "bboxes":[
      [
        0.11925969,
        0.69561602,
        0.07844607,
        0.07562146
      ],
      [
        0.4651299,
        0.38673794,
        0.0923812,
        0.0926445
      ]
    ],
    "labels":[
      "no_gesture",
      "four"
    ],
    "leading_hand":"left",
    "leading_conf":1.0,
    "user_id":"f78e9bbfba802079f50b3f0c5b7861ed"
  },
  "067b0078-1256-4c06-a18c-160e7eec7a9b":{
    "bboxes":[
      [
        0.40941069,
        0.34307434,
        0.08103053,
        0.09413949
      ]
    ],
    "labels":[
      "four"
    ],
    "leading_hand":"right",
    "leading_conf":1.0,
    "user_id":"c8d02f96f963c5b31613d4b151b1bc8a"
  },
  "06ad0a42-ea5e-4c19-81d6-4976771d950f":{
    "bboxes":[
      [
        0.30533171,
        0.38538,
        0.1086312,
        0.10718203
      ],
      [
        0.71981555,
        0.81832878,
        0.07115311,
        0.09646529
      ]
    ],
    "labels":[
      "four",
      "no_gesture"
    ],
    "leading_hand":"right",
    "leading_conf":1.0,
    "user_id":"bdb98fbd9547475c3bfabab7754aad85"
  },
  "06cf2846-61c0-4105-b8fb-567e67a56cc3":{
    "bboxes":[
      [
        0.32942457,
        0.67599029,
        0.0776076,
        0.08805556
      ],
      [
        0.59817962,
        0.23172266,
        0.12258058,
        0.10626497
      ]
    ],
    "labels":[
      "no_gesture",
      "four"
    ],
    "leading_hand":"left",
    "leading_conf":0.8,
    "user_id":"e7e1152e393c1783d1b5fb73d68c55d9"
  },
  "06f152b4-6b85-48d3-a01a-01089898c768":{
    "bboxes":[
      [
        0.25229445,
        0.7909777,
        0.05935163,
        0.08188444
      ],
      [
        0.56560338,
        0.39195192,
        0.09849601,
        0.10265865
      ]
    ],
    "labels":[
      "no_gesture",
      "four"
    ],
    "leading_hand":"left",
    "leading_conf":1.0,
    "user_id":"d9a0042fb8416ba31b3bf5611f42c99b"
  },
  "06fe040e-7ec9-4a69-bb38-487aaa93f549":{
    "bboxes":[
      [
        0.31101919,
        0.36359258,
        0.06809672,
        0.13359636
      ],
      [
        0.49656294,
        0.84608719,
        0.04803703,
        0.1253459
      ]
    ],
    "labels":[
      "four",
      "no_gesture"
    ],
    "leading_hand":"right",
    "leading_conf":1.0,
    "user_id":"13c86b8d8b8b4dc10d3fcd0cd693d32f"
  },
  "0725f2af-7623-4e2c-9178-ca4e511072dc":{
    "bboxes":[
      [
        0.20949382,
        0.62275227,
        0.1764687,
        0.09620107
      ],
      [
        0.62810777,
        0.27332338,
        0.18046263,
        0.11510558
      ]
    ],
    "labels":[
      "no_gesture",
      "four"
    ],
    "leading_hand":"left",
    "leading_conf":1.0,
    "user_id":"a1bcb0e85e5e74bb0b4dd12286c80dde"
  },
  "07261193-3063-40b9-972b-ec605636d7a6":{
    "bboxes":[
      [
        0.55623309,
        0.12938228,
        0.11127087,
        0.24439319
      ]
    ],
    "labels":[
      "four"
    ],
    "leading_hand":"left",
    "leading_conf":1.0,
    "user_id":"fb70f7d6c009cf25f89aa9cee9ec4da7"
  },
  "07290fbc-6565-47ed-8879-8e2fdc5e8f28":{
    "bboxes":[
      [
        0.3070764,
        0.39513355,
        0.0888546,
        0.1138081
      ],
      [
        0.67682242,
        0.76699009,
        0.0645089,
        0.10328617
      ]
    ],
    "labels":[
      "four",
      "no_gesture"
    ],
    "leading_hand":"right",
    "leading_conf":1.0,
    "user_id":"7220fba5205b3053167a57ae99d9a687"
  },
  "07507a64-f92b-46c2-9d6a-7b1248304791":{
    "bboxes":[
      [
        0.28105793,
        0.687098,
        0.05973138,
        0.09183249
      ],
      [
        0.66712968,
        0.20841505,
        0.10768792,
        0.13282698
      ]
    ],
    "labels":[
      "no_gesture",
      "four"
    ],
    "leading_hand":"left",
    "leading_conf":1.0,
    "user_id":"827d37380855ebbc684e06e2cf2e412d"
  }
}