{
  "000484ab-5fd0-49b8-9253-23a22b71d7b1":{
    "bboxes":[
      [
        0.34835416,
        0.86326408,
        0.25937015,
        0.12973758
      ],
      [
        0.5818777,
        0.44759481,
        0.16477829,
        0.16282391
      ]
    ],
    "labels":[
      "no_gesture",
      "like"
    ],
    "leading_hand":"left",
    "leading_conf":1.0,
    "user_id":"4d5563fab555d17ab3a4347a95e56928"
  },
  "002f1d76-250f-4322-b1c3-4dd4906780d4":{
    "bboxes":[
      [
        0.55225514,
        0.33492246,
        0.09403981,
        0.11901535
      ]
    ],
    "labels":[
      "like"
    ],
    "leading_hand":"right",
    "leading_conf":1.0,
    "user_id":"6482b574fdfc9b015a9e1266057c8d6c"
  },
  "004ae8d7-e079-4665-a5cf-0d9b3fbc9398":{
    "bboxes":[
      [
        0.43224354,
        0.51627491,
        0.15802391,
        0.14294289
      ]
    ],
    "labels":[
      "like"
    ],
    "leading_hand":"left",
    "leading_conf":1.0,
    "user_id":"ac9c02a767da7ce06e14dc63f0cbe328"
  },
  "005762c1-ddc8-4ea3-becd-05f3ec326b03":{
    "bboxes":[
      [
        0.24161821,
        0.73023515,
        0.05084192,
        0.06952259
      ],
      [
        0.39485972,
        0.48697063,
        0.06491999,
        0.07252923
      ]
    ],
    "labels":[
      "no_gesture",
      "like"
    ],
    "leading_hand":"left",
    "leading_conf":1.0,
    "user_id":"6eaf337c0d9f30d84c9e89071e8e50a5"
  },
  "007e3be7-4095-469b-81aa-427c13454d77":{
    "bboxes":[
      [
        0.20471245,
        0.65267217,
        0.1374869,
        0.09706409
      ],
      [
        0.56139546,
        0.22094444,
        0.13669846,
        0.16534935
      ]
    ],
    "labels":[
      "no_gesture",
      "like"
    ],
    "leading_hand":"left",
    "leading_conf":1.0,
    "user_id":"d240c2e3156244ec9984432dbe54194e"
  },
  "00b0135c-b2ed-439a-9bc1-8db448a0c451":{
    "bboxes":[
      [
        0.70553311,
        0.36784212,
        0.28556505,
        0.62950334
      ]
    ],
    "labels":[
      "like"
    ],
    "leading_hand":"left",
    "leading_conf":1.0,
    "user_id":"5d831324725f6a1cea705c16948f31d8"
  },
  "00bc44f3-0284-4a6a-892f-2131f68faf3d":{
    "bboxes":[
      [
        0.37875602,
        0.56510446,
        0.08734974,
        0.17152936
      ],
      [
        0.46557083,
        0.33499774,
        0.1037169,
        0.15423802
      ]
    ],
    "labels":[
      "like",
      "no_gesture"
    ],
    "leading_hand":"right",
    "leading_conf":1.0,
    "user_id":"4d46522f1cd4249af59ec04aaaee086c"
  },
  "00bea9e7-add1-4cc3-b4bc-bcf234966a77":{
    "bboxes":[
      [
        0.34258039,
        0.27383551,
        0.11112897,
        0.12042015
      ],
      [
        0.69848283,
        0.6396801,
        0.06343015,
        0.13032828
      ]
    ],
    "labels":[
      "like",
      "no_gesture"
    ],
    "leading_hand":"right",
    "leading_conf":1.0,
    "user_id":"65922ff799c01efc2a5917dcc25256ca"
  },
  "00bf711f-e2cc-4cb5-b0ac-573198cd6455":{
    "bboxes":[
      [
        0.32369747,
        0.54091418,
        0.11421507,
        0.12234949
      ],
      [
        0.59147623,
        0.87560417,
        0.13760348,
        0.09844989
      ]
    ],
    "labels":[
      "like",
      "no_gesture"
    ],
    "leading_hand":"right",
    "leading_conf":1.0,
    "user_id":"ca11265fbe3963a8022354c2be77b955"
  },
  "00cda552-8720-4165-b2a7-1b5e539ba8b2":{
    "bboxes":[
      [
        0.39627151,
        0.91962482,
        0.1042363,
        0.07872278
      ],
      [
        0.45241416,
        0.58579379,
        0.08139027,
        0.13591092
      ]
    ],
    "labels":[
      "no_gesture",
      "like"
    ],
    "leading_hand":"left",
    "leading_conf":1.0,
    "user_id":"3af198e82bc14aefffb54eef8d94520b"
  },
  "00cf039d-fe5f-49cb-b158-aa437f6c568a":{
    "bboxes":[
      [
        0.5371325,
        0.50424258,
        0.19865534,
        0.37585077
      ]
    ],
    "labels":[
      "like"
    ],
    "leading_hand":"left",
    "leading_conf":1.0,
    "user_id":"673a03c5d6ab80367dacb7ca67553551"
  },
  "00dd7dc8-343d-4e7a-90e4-fd11b42e126a":{
    "bboxes":[
      [
        0.34514201,
        0.64091519,
        0.11131802,
        0.11386945
      ]
    ],
    "labels":[
      "like"
    ],
    "leading_hand":"right",
    "leading_conf":1.0,
    "user_id":"d7c4a377c45b290ae68b6f3ec20f276f"
  },
  "00dfdf77-4b8b-4213-80b7-16f2b492fe4d":{
    "bboxes":[
      [
        0.42855696,
        0.32324996,
        0.08920794,
        0.09878587
      ],
      [
        0.63153478,
        0.5784626,
        0.06683612,
        0.08356149
      ]
    ],
    "labels":[
      "like",
      "no_gesture"
    ],
    "leading_hand":"right",
    "leading_conf":1.0,
    "user_id":"2fb5a1deed96fa10b723a9578227cd74"
  },
  "00f91ea6-5ff4-4a61-99dd-6035c19bd7e3":{
    "bboxes":[
      [
        0.33717949,
        0.40053398,
        0.09292461,
        0.09965445
      ],
      [
        0.43567718,
        0.6356671,
        0.09888048,
        0.06832067
      ]
    ],
    "labels":[
      "like",
      "no_gesture"
    ],
    "leading_hand":"right",
    "leading_conf":0.8,
    "user_id":"9fb42168c06635b2493e02ba676fd653"
  },
  "0100d24f-7881-465b-aed2-6a8d93ae2416":{
    "bboxes":[
      [
        0.50947714,
        0.42384876,
        0.06174565,
        0.11076429
      ],
      [
        0.60322417,
        0.7201334,
        0.06037308,
        0.1025549
      ]
    ],
    "labels":[
      "like",
      "no_gesture"
    ],
    "leading_hand":"right",
    "leading_conf":1.0,
    "user_id":"2284f23a5d91164dde38590f75bc13fc"
  },
  "01083636-1053-4abf-8b3a-f6f38b5491ce":{
    "bboxes":[
      [
        0.40538045,
        0.46140219,
        0.16694386,
        0.19687302
      ]
    ],
    "labels":[
      "like"
    ],
    "leading_hand":"left",
    "leading_conf":1.0,
    "user_id":"b46013b201703ccc7db4109a864c048d"
  },
  "012d89fa-33f7-4922-932b-6971ce8a7a96":{
    "bboxes":[
      [
        0.25147256,
        0.45234437,
        0.28161821,
        0.48937778
      ]
    ],
    "labels":[
      "like"
    ],
    "leading_hand":"right",
    "leading_conf":1.0,
    "user_id":"3843fbe5fa92d0824edf7247ea3902e2"
  },
  "0131e46b-a984-45d6-9e06-e750c58ad7fa":{
    "bboxes":[
      [
        0.1488617,
        0.57685498,
        0.19034939,
        0.35431501
      ]
    ],
    "labels":[
      "like"
    ],
    "leading_hand":"right",
    "leading_conf":1.0,
    "user_id":"277d60f42f29f24a0f7e27bbbc842133"
  },
  "01628eb2-125b-4a0d-958d-792d4ad61c5b":{
    "bboxes":[
      [
        0.24011684,
        0.39903859,
        0.120928,
        0.12179755
      ]
    ],
    "labels":[
      "like"
    ],
    "leading_hand":"right",
    "leading_conf":1.0,
    "user_id":"8899fe418dbfb351679d42266771c32f"
  },
  "01819d06-7d2d-4b03-b8d6-f4cba19f99e3":{
    "bboxes":[
      [
        0.13782222,
        0.61523833,
        0.30686056,
        0.32641333
      ]
    ],
    "labels":[
      "like"
    ],
    "leading_hand":"right",
    "leading_conf":1.0,
    "user_id":"e0fdf14a958ecb221b1ea5f1d3a5fb6b"
  },
  "01be7af5-6529-480e-8727-b55a5608c863":{
    "bboxes":[
      [
        0.32756878,
        0.85661602,
        0.08884766,
        0.10504967
      ],
      [
        0.61314473,
        0.50912313,
        0.10715641,
        0.11598372
      ]
    ],
    "labels":[
      "no_gesture",
      "like"
    ],
    "leading_hand":"left",
    "leading_conf":1.0,
    "user_id":"4fd4eb4f6b60de17cb51a035ef67c864"
  },
  "01cab403-225e-4f97-a80c-1ff9de828beb":{
    "bboxes":[
      [
        0.39818957,
        0.49863575,
        0.1232999,
        0.13379023
      ]
    ],
    "labels":[
      "like"
    ],
    "leading_hand":"right",
    "leading_conf":1.0,
    "user_id":"9159afc20d875d8b0ba4a1ae9a45e793"
  },
  "01cd681c-a51b-493e-990e-d99ad96f63d0":{
    "bboxes":[
      [
        0.39605141,
        0.63910891,
        0.05102405,
        0.06218987
      ],
      [
        0.58562947,
        0.35156228,
        0.06774965,
        0.06769332
      ]
    ],
    "labels":[
      "no_gesture",
      "like"
    ],
    "leading_hand":"left",
    "leading_conf":1.0,
    "user_id":"08096666ea4ae5f1145812820e4d0d3a"
  },
  "020cd45b-a632-4bd1-b769-c66c8806fc00":{
    "bboxes":[
      [
        0.29118285,
        0.60590813,
        0.07213023,
        0.07939167
      ],
      [
        0.44227805,
        0.39871444,
        0.08567825,
        0.08299162
      ]
    ],
    "labels":[
      "no_gesture",
      "like"
    ],
    "leading_hand":"left",
    "leading_conf":1.0,
    "user_id":"bb9556db660466b00200a6645f714e66"
  },
  "02115e99-917a-4784-80a4-b0ae81f3f725":{
    "bboxes":[
      [
        0.38038473,
        0.90541261,
        0.05661682,
        0.09375405
      ],
      [
        0.60156077,
        0.37988268,
        0.07262036,
        0.13270813
      ]
    ],
    "labels":[
      "no_gesture",
      "like"
    ],
    "leading_hand":"left",
    "leading_conf":1.0,
    "user_id":"27472a4c9924294af39f5a7325b0152f"
  },
  "0219dd8f-3c30-4afe-8397-8a53090bfb69":{
    "bboxes":[
      [
        0.33486834,
        0.70447154,
        0.06561077,
        0.07637948
      ],
      [
        0.64668236,
        0.45200741,
        0.07311536,
        0.08452715
      ]
    ],
    "labels":[
      "no_gesture",
      "like"
    ],
    "leading_hand":"left",
    "leading_conf":1.0,
    "user_id":"75edc85d01e2b2a7666f35318d12db47"
  },
  "023bff3c-b953-4b7e-adc8-2dd8adf26a70":{
    "bboxes":[
      [
        0.44391264,
        0.50000044,
        0.13253916,
        0.09024109
      ],
      [
        0.76109004,
        0.78051458,
        0.12533227,
        0.07674283
      ]
    ],
    "labels":[
      "like",
      "no_gesture"
    ],
    "leading_hand":"right",
    "leading_conf":1.0,
    "user_id":"a372267d9811650a8438a40d7158c6f8"
  },
  "0266d308-b686-44d2-9633-3d7433b8a536":{
    "bboxes":[
      [
        0.43831738,
        0.6417431,
        0.22650353,
        0.14750694
      ]
    ],
    "labels":[
      "like"
    ],
    "leading_hand":"right",
    "leading_conf":1.0,
    "user_id":"d3edb05d09f200428fa8673ea2e834c6"
  },
  "026e78fd-899b-4bf2-8d8c-aa020e5f40e9":{
    "bboxes":[
      [
        0.33332762,
        0.67832888,
        0.05210529,
        0.07425535
      ],
      [
        0.51096752,
        0.36827316,
        0.07639787,
        0.07693192
      ]
    ],
    "labels":[
      "no_gesture",
      "like"
    ],
    "leading_hand":"left",
    "leading_conf":1.0,
    "user_id":"a279cb400c9a06df41abda288d23da79"
  },
  "029ad35c-610b-4389-8a5a-f5b7f676d19b":{
    "bboxes":[
      [
        0.50678732,
        0.40046037,
        0.29089557,
        0.27377221
      ]
    ],
    "labels":[
      "like"
    ],
    "leading_hand":"left",
    "leading_conf":1.0,
    "user_id":"cb393dd21908800455f69444243e1cfc"
  },
  "02ba56e8-c565-410d-9768-b556c6ef719e":{
    "bboxes":[
      [
        0.38456716,
        0.55381716,
        0.08377048,
        0.08631211
      ],
      [
        0.60137728,
        0.81961578,
        0.06698502,
        0.0569807
      ]
    ],
    "labels":[
      "like",
      "no_gesture"
    ],
    "leading_hand":"right",
    "leading_conf":1.0,
    "user_id":"e52c25e0afdf6bb0ffd3cda300af53de"
  },
  "02f9cbb9-15bb-413e-a47d-ffc39189ebc5":{
    "bboxes":[
      [
        0.35815687,
        0.42171883,
        0.07203732,
        0.09108498
      ],
      [
        0.7150397,
        0.54869455,
        0.11632586,
        0.06750841
      ]
    ],
    "labels":[
      "like",
      "no_gesture"
    ],
    "leading_hand":"right",
    "leading_conf":1.0,
    "user_id":"185abed531787fa4e421c067e2bf2645"
  },
  "031a643e-ee00-4ecf-bada-daca0aa5c0c7":{
    "bboxes":[
      [
        0.47316696,
        0.63502838,
        0.08933846,
        0.08800073
      ]
    ],
    "labels":[
      "like"
    ],
    "leading_hand":"right",
    "leading_conf":1.0,
    "user_id":"036f71795a542e954706d86aadf7b5ac"
  },
  "0337edd6-1cb2-4093-a290-dc5f6f8ef2bd":{
    "bboxes":[
      [
        0.45595449,
        0.58759283,
        0.05217267,
        0.05787436
      ],
      [
        0.59361287,
        0.75254585,
        0.04457148,
        0.05120172
      ]
    ],
    "labels":[
      "like",
      "no_gesture"
    ],
    "leading_hand":"right",
    "leading_conf":1.0,
    "user_id":"48fcf550c4cd2ac5adf3d4c3848c2f6b"
  },
  "035b7ce4-0521-4b5a-ae58-291b1e7c4644":{
    "bboxes":[
      [
        0.41880251,
        0.60130437,
        0.04766962,
        0.06345784
      ],
      [
        0.61073689,
        0.34942372,
        0.06438769,
        0.06368718
      ]
    ],
    "labels":[
      "no_gesture",
      "like"
    ],
    "leading_hand":"left",
    "leading_conf":1.0,
    "user_id":"eff934538c841db309f1445ec065a1c3"
  },
  "03dcd6c5-6f97-4cb8-8310-2bbaa3f7c6bb":{
    "bboxes":[
      [
        0.46744906,
        0.44283746,
        0.14787937,
        0.16878368
      ]
    ],
    "labels":[
      "like"
    ],
    "leading_hand":"right",
    "leading_conf":1.0,
    "user_id":"ddb88959340c37c1e523b920a2fc8db5"
  },
  "03e40ec7-00c2-49b3-822d-e06ff51f6691":{
    "bboxes":[
      [
        0.42732418,
        0.54757101,
        0.08822064,
        0.06837462
      ],
      [
        0.72048636,
        0.81135474,
        0.05688414,
        0.06179522
      ]
    ],
    "labels":[
      "like",
      "no_gesture"
    ],
    "leading_hand":"right",
    "leading_conf":1.0,
    "user_id":"64e66a2049c2bd878c0bb6f096e87e12"
  },
  "03f01bbe-2b82-4bc3-9b10-5afb83b1f260":{
    "bboxes":[
      [
        0.35004795,
        0.56361893,
        0.22927056,
        0.22700833
      ]
    ],
    "labels":[
      "like"
    ],
    "leading_hand":"left",
    "leading_conf":1.0,
    "user_id":"eac51dd36383470fda640c4cfb71688b"
  },
  "03ff19aa-ea35-49c4-bd6e-ab5e915dac21":{
    "bboxes":[
      [
        0.4055511,
        0.46073404,
        0.15724139,
        0.14688438
      ],
      [
        0.72059953,
        0.79603385,
        0.08703441,
        0.12015509
      ]
    ],
    "labels":[
      "like",
      "no_gesture"
    ],
    "leading_hand":"right",
    "leading_conf":1.0,
    "user_id":"57209ea03f053c0955296d01f9a32dda"
  },
  "03ff9362-2531-4900-8870-993c6231ae28":{
    "bboxes":[
      [
        0.15336668,
        0.79253399,
        0.08516246,
        0.0895742
      ],
      [
        0.36435579,
        0.5587966,
        0.11293738,
        0.09146641
      ]
    ],
    "labels":[
      "no_gesture",
      "like"
    ],
    "leading_hand":"left",
    "leading_conf":1.0,
    "user_id":"85780a8afe3985d3c62e5b7386baaa2d"
  },
  "04042884-b6f2-489d-86f0-95753a605f91":{
    "bboxes":[
      [
        0.5592945,
        0.65309812,
        0.11517617,
        0.11229232
      ]
    ],
    "labels":[
      "like"
    ],
    "leading_hand":"left",
    "leading_conf":1.0,
    "user_id":"d1a078392be61e073dd149075e6c5091"
  },
  "042c535a-45fe-4c81-be1e-71a0b4348554":{
    "bboxes":[
      [
        0.36724128,
        0.45507128,
        0.08975899,
        0.10510136
      ],
      [
        0.80055327,
        0.71850158,
        0.11123948,
        0.13184276
      ]
    ],
    "labels":[
      "like",
      "no_gesture"
    ],
    "leading_hand":"right",
    "leading_conf":1.0,
    "user_id":"d3f50cb79b5ddab740708f5f2d6b1abe"
  },
  "0435ef27-e7f2-40f3-abff-ccebf1b423f1":{
    "bboxes":[
      [
        0.00183018,
        0.84975169,
        0.11717185,
        0.14902998
      ],
      [
        0.49224706,
        0.5079394,
        0.10697301,
        0.28837041
      ]
    ],
    "labels":[
      "no_gesture",
      "like"
    ],
    "leading_hand":"left",
    "leading_conf":1.0,
    "user_id":"6128907a35c596d36bbd37f9cbd30ea8"
  },
  "04378653-b318-43e4-8934-c05b2dfdfab2":{
    "bboxes":[
      [
        0.37776059,
        0.4779865,
        0.09750578,
        0.10120798
      ],
      [
        0.69918987,
        0.85542193,
        0.07215133,
        0.10645387
      ]
    ],
    "labels":[
      "like",
      "no_gesture"
    ],
    "leading_hand":"right",
    "leading_conf":1.0,
    "user_id":"db6075753cd04089a1ecc7969565c34c"
  },
  "0445d444-dff5-42db-a7ec-dcac25faabde":{
    "bboxes":[
      [
        0.41405518,
        0.34341052,
        0.0677475,
        0.0749366
      ]
    ],
    "labels":[
      "like"
    ],
    "leading_hand":"right",
    "leading_conf":1.0,
    "user_id":"6482b574fdfc9b015a9e1266057c8d6c"
  },
  "04594c34-7c21-40e9-bdb9-932b5198bf8e":{
    "bboxes":[
      [
        0.483704,
        0.39010975,
        0.03903491,
        0.04307068
      ]
    ],
    "labels":[
      "like"
    ],
    "leading_hand":"left",
    "leading_conf":1.0,
    "user_id":"ec07b89da75e49763c38c961b0303e25"
  },
  "0487d1d7-2dac-48b6-979e-656c9dcf13f5":{
    "bboxes":[
      [
        0.47066305,
        0.39937448,
        0.086246,
        0.09613428
      ],
      [
        0.69712426,
        0.70701291,
        0.06505578,
        0.07885184
      ]
    ],
    "labels":[
      "like",
      "no_gesture"
    ],
    "leading_hand":"right",
    "leading_conf":1.0,
    "user_id":"c03b3bfa57ee101df6084b6e7724170b"
  },
  "048cb375-6ed6-42ce-ad37-032bba2cc27e":{
    "bboxes":[
      [
        0.32948967,
        0.32490285,
        0.05279457,
        0.09136675
      ],
      [
        0.5925389,
        0.68287663,
        0.0369711,
        0.07123442
      ]
    ],
    "labels":[
      "like",
      "no_gesture"
    ],
    "leading_hand":"right",
    "leading_conf":1.0,
    "user_id":"636a9543807f6a0d2138cd958e37616e"
  },
  "0493f82c-1578-4acc-ba3e-4884b7c9783c":{
    "bboxes":[
      [
        0.33568212,
        0.56575526,
        0.09211192,
        0.10216808
      ],
      [
        0.58786907,
        0.82712604,
        0.11365905,
        0.07024424
      ]
    ],
    "labels":[
      "like",
      "no_gesture"
    ],
    "leading_hand":"right",
    "leading_conf":1.0,
    "user_id":"c7f58a5e5b8b7a6ed2667e35af5bbe76"
  },
  "04a37951-611c-4404-bd5f-106c0bc2586a":{
    "bboxes":[
      [
        0.47768354,
        0.38721356,
        0.10218885,
        0.11080632
      ],
      [
        0.64275225,
        0.67809546,
        0.07401518,
        0.07356479
      ]
    ],
    "labels":[
      "like",
      "no_gesture"
    ],
    "leading_hand":"right",
    "leading_conf":1.0,
    "user_id":"adb1525f89c64ee6a13f640f93c35c21"
  },
  "04a737d8-adad-452c-9ddd-9913e64677b7":{
    "bboxes":[
      [
        0.40513485,
        0.64219732,
        0.0546371,
        0.0727517
      ],
      [
        0.63938007,
        0.36171888,
        0.07985943,
        0.08276825
      ]
    ],
    "labels":[
      "no_gesture",
      "like"
    ],
    "leading_hand":"left",
    "leading_conf":1.0,
    "user_id":"36baf6626e2ebdb78c5165ba0f5775cc"
  },
  "04ba263b-3d25-4dc9-9918-7a6075280718":{
    "bboxes":[
      [
        0.37535949,
        0.55240092,
        0.05340853,
        0.05334298
      ],
      [
        0.50972648,
        0.33153226,
        0.05930282,
        0.06206771
      ]
    ],
    "labels":[
      "no_gesture",
      "like"
    ],
    "leading_hand":"left",
    "leading_conf":1.0,
    "user_id":"dcc4b3ccafa91491b2caea6634adcab8"
  },
  "04cbe892-abae-4813-a102-04e66526b3a4":{
    "bboxes":[
      [
        0.29585891,
        0.76179029,
        0.04381666,
        0.06340449
      ],
      [
        0.50562953,
        0.51265502,
        0.05453693,
        0.06560324
      ]
    ],
    "labels":[
      "no_gesture",
      "like"
    ],
    "leading_hand":"left",
    "leading_conf":1.0,
    "user_id":"419d7cc07929c1cd12ba0023b4dde574"
  },
  "04d93bd3-5d74-4c10-b8b3-80885219077c":{
    "bboxes":[
      [
        0.32011586,
        0.40525731,
        0.15292548,
        0.16255815
      ]
    ],
    "labels":[
      "like"
    ],
    "leading_hand":"right",
    "leading_conf":1.0,
    "user_id":"6acc345a2574df7dd7017e48a8c4599a"
  },
  "04ed14a5-5518-4df2-bf19-524d265ad747":{
    "bboxes":[
      [
        0.32015892,
        0.86366395,
        0.0681401,
        0.06566403
      ],
      [
        0.44975594,
        0.6257857,
        0.07323494,
        0.07056568
      ]
    ],
    "labels":[
      "no_gesture",
      "like"
    ],
    "leading_hand":"left",
    "leading_conf":1.0,
    "user_id":"a07b23e0d96baa07d950e2a8a4a22392"
  },
  "04f67146-3c0b-4b4a-9fa1-13b0b9a1b234":{
    "bboxes":[
      [
        0.45679621,
        0.71921502,
        0.1763885,
        0.18388655
      ]
    ],
    "labels":[
      "like"
    ],
    "leading_hand":"right",
    "leading_conf":1.0,
    "user_id":"89568575b92b8fbd6abb63c64404a35e"
  },
  "04f86251-9ed7-4161-8fce-dc8d5d68d897":{
    "bboxes":[
      [
        0.38310444,
        0.38059167,
        0.15990944,
        0.14630333
      ]
    ],
    "labels":[
      "like"
    ],
    "leading_hand":"right",
    "leading_conf":1.0,
    "user_id":"9f7723e2d5b36235f8f9fa86fcfb450a"
  },
  "050e7192-2e54-4f66-91af-5a6ac7a31dea":{
    "bboxes":[
      [
        0.48678901,
        0.20369213,
        0.16941514,
        0.19140603
      ]
    ],
    "labels":[
      "like"
    ],
    "leading_hand":"left",
    "leading_conf":1.0,
    "user_id":"f3ca3ea9c9a701fa50d9eae63201c3f7"
  },
  "051a711c-2d60-4e08-b86e-a3c6a7fdc73e":{
    "bboxes":[
      [
        0.39381538,
        0.80858974,
        0.11998514,
        0.1382617
      ],
      [
        0.44243827,
        0.39018193,
        0.09348724,
        0.15819254
      ]
    ],
    "labels":[
      "no_gesture",
      "like"
    ],
    "leading_hand":"left",
    "leading_conf":1.0,
    "user_id":"3af198e82bc14aefffb54eef8d94520b"
  },
  "052b7fcf-84c6-4fb4-aaca-9bb1cbb27c73":{
    "bboxes":[
      [
        0.177444,
        0.78910563,
        0.11326591,
        0.15319473
      ],
      [
        0.37985171,
        0.49278382,
        0.12983441,
        0.13958162
      ]
    ],
    "labels":[
      "no_gesture",
      "like"
    ],
    "leading_hand":"left",
    "leading_conf":1.0,
    "user_id":"a863240507fb988162b07469c3159c0a"
  },
  "052f9ac6-c6f5-4674-98dc-b61897dbd1a1":{
    "bboxes":[
      [
        0.44229945,
        0.56519638,
        0.11930566,
        0.12696599
      ],
      [
        0.45998656,
        0.81900038,
        0.12047222,
        0.08043979
      ]
    ],
    "labels":[
      "like",
      "no_gesture"
    ],
    "leading_hand":"left",
    "leading_conf":1.0,
    "user_id":"00fdc6e541ea91bb6172c2312f744c4c"
  },
  "05423551-c73d-4e91-aa45-a6446da873f3":{
    "bboxes":[
      [
        0.24396142,
        0.39749272,
        0.13353149,
        0.13387423
      ]
    ],
    "labels":[
      "like"
    ],
    "leading_hand":"right",
    "leading_conf":1.0,
    "user_id":"5dae8c82196c7cfab3793acb002349b2"
  },
  "0545a256-7a74-4653-935e-273fd4c1f89c":{
    "bboxes":[
      [
        0.41934312,
        0.71708492,
        0.03986665,
        0.03797479
      ],
      [
        0.53633203,
        0.55926884,
        0.04106575,
        0.04105848
      ]
    ],
    "labels":[
      "no_gesture",
      "like"
    ],
    "leading_hand":"left",
    "leading_conf":1.0,
    "user_id":"99972c298390b1bd61235e6273b0b876"
  },
  "054993e9-b994-4809-b6b5-d959243b29a8":{
    "bboxes":[
      [
        0.35062132,
        0.2945918,
        0.08769799,
        0.17462394
      ],
      [
        0.68283235,
        0.82848959,
        0.07990794,
        0.17003612
      ]
    ],
    "labels":[
      "like",
      "no_gesture"
    ],
    "leading_hand":"right",
    "leading_conf":1.0,
    "user_id":"f6db86dfb51096ee3e67720a0224658a"
  },
  "0565d072-43a3-4bd5-94a6-261967785dfa":{
    "bboxes":[
      [
        0.47065484,
        0.22651337,
        0.08164512,
        0.0820572
      ],
      [
        0.62603779,
        0.46528184,
        0.04264515,
        0.06670818
      ]
    ],
    "labels":[
      "like",
      "no_gesture"
    ],
    "leading_hand":"right",
    "leading_conf":1.0,
    "user_id":"4e440f5dcb40c38bec53162a74a64d24"
  },
  "057ef8cc-dc91-4455-a267-0a39b71faf51":{
    "bboxes":[
      [
        0.60565074,
        0.45628777,
        0.11717201,
        0.10361231
      ]
    ],
    "labels":[
      "like"
    ],
    "leading_hand":"left",
    "leading_conf":1.0,
    "user_id":"6dd9f588db0c44e1ed1cf740e459b67c"
  },
  "0583a7e4-d4a3-4a5a-bdd2-66ae2170279c":{
    "bboxes":[
      [
        0.29848475,
        0.91340876,
        0.08820596,
        0.08591624
      ],
      [
        0.61432667,
        0.47164787,
        0.09325489,
        0.10847157
      ]
    ],
    "labels":[
      "no_gesture",
      "like"
    ],
    "leading_hand":"left",
    "leading_conf":1.0,
    "user_id":"42da6c0afdd4278a3a82556254257f4a"
  },
  "0583dd64-f274-4533-99b2-4c47bf562b30":{
    "bboxes":[
      [
        0.54128313,
        0.75914571,
        0.0780048,
        0.05207873
      ],
      [
        0.79671498,
        0.94181099,
        0.06429481,
        0.04883733
      ]
    ],
    "labels":[
      "like",
      "no_gesture"
    ],
    "leading_hand":"right",
    "leading_conf":1.0,
    "user_id":"0372c580d96808a563249afe14f25a19"
  },
  "0593b9f4-74a6-494f-95c4-f186ef10da57":{
    "bboxes":[
      [
        0.20738524,
        0.85985395,
        0.09359698,
        0.12264007
      ],
      [
        0.62408922,
        0.37788173,
        0.12128875,
        0.12580113
      ]
    ],
    "labels":[
      "no_gesture",
      "like"
    ],
    "leading_hand":"left",
    "leading_conf":1.0,
    "user_id":"719bc37615d8e28bdb1c8988be41218f"
  },
  "05a03461-338f-4b4e-9b41-06e0dd052f6c":{
    "bboxes":[
      [
        0.30548419,
        0.34892992,
        0.14387455,
        0.1165671
      ],
      [
        0.68176455,
        0.75857683,
        0.07591815,
        0.07925243
      ]
    ],
    "labels":[
      "like",
      "no_gesture"
    ],
    "leading_hand":"right",
    "leading_conf":1.0,
    "user_id":"d323590abd8fb7eb4609e9ebded13e82"
  },
  "05b2fd16-d43d-4e14-bfa6-cfb9d5706ef2":{
    "bboxes":[
      [
        0.35938307,
        0.55321392,
        0.05883253,
        0.08104758
      ],
      [
        0.71514509,
        0.91015267,
        0.06079869,
        0.07451256
      ]
    ],
    "labels":[
      "like",
      "no_gesture"
    ],
    "leading_hand":"right",
    "leading_conf":1.0,
    "user_id":"32591429412c913e7efdc189eb4b9392"
  },
  "05b40519-a5e1-47fb-b68b-2c45c19b7805":{
    "bboxes":[
      [
        0.37149974,
        0.30793595,
        0.0991119,
        0.1110638
      ],
      [
        0.57568769,
        0.69734463,
        0.09852798,
        0.09177542
      ]
    ],
    "labels":[
      "like",
      "no_gesture"
    ],
    "leading_hand":"right",
    "leading_conf":1.0,
    "user_id":"633b2bfbcb73f81d5345e3dab2b35451"
  },
  "05b7f77a-971c-451a-9af1-92947e6227c2":{
    "bboxes":[
      [
        0.27694816,
        0.81961984,
        0.07052841,
        0.08767515
      ],
      [
        0.4419544,
        0.58159488,
        0.07702584,
        0.08754149
      ]
    ],
    "labels":[
      "no_gesture",
      "like"
    ],
    "leading_hand":"left",
    "leading_conf":1.0,
    "user_id":"542e907e3e208a16c9e199d45ab9ae04"
  },
  "05c5af2c-3035-47c1-bef9-7960e73f9fbb":{
    "bboxes":[
      [
        0.38140607,
        0.47201116,
        0.03441619,
        0.07745707
      ],
      [
        0.43504507,
        0.69443509,
        0.02978544,
        0.07779141
      ]
    ],
    "labels":[
      "like",
      "no_gesture"
    ],
    "leading_hand":"right",
    "leading_conf":1.0,
    "user_id":"13c86b8d8b8b4dc10d3fcd0cd693d32f"
  },
  "05c80991-7d6c-42cb-b8ba-528cd942ca23":{
    "bboxes":[
      [
        0.47547347,
        0.41026971,
        0.04561607,
        0.14121197
      ],
      [
        0.57631876,
        0.73000124,
        0.03929767,
        0.11440058
      ]
    ],
    "labels":[
      "like",
      "no_gesture"
    ],
    "leading_hand":"right",
    "leading_conf":1.0,
    "user_id":"6852e380b15991a353297c3871d2103a"
  },
  "05e18863-138d-481c-9196-2806664dce12":{
    "bboxes":[
      [
        0.45930716,
        0.5501335,
        0.18326156,
        0.19404463
      ]
    ],
    "labels":[
      "like"
    ],
    "leading_hand":"left",
    "leading_conf":1.0,
    "user_id":"b75fde751d6e497692c62a5c74b2d857"
  },
  "060e140b-97a3-4700-94d1-e95c1ef598fb":{
    "bboxes":[
      [
        0.51724198,
        0.51676481,
        0.0762566,
        0.06130263
      ],
      [
        0.65915711,
        0.67288036,
        0.04957778,
        0.05382093
      ]
    ],
    "labels":[
      "like",
      "no_gesture"
    ],
    "leading_hand":"right",
    "leading_conf":1.0,
    "user_id":"f4d9891e0ac1282dced4d9e43008bbb1"
  },
  "06151a5f-c40b-4134-a081-420324c89942":{
    "bboxes":[
      [
        0.400739,
        0.39147384,
        0.06366395,
        0.06051329
      ],
      [
        0.62024122,
        0.65590049,
        0.04091954,
        0.05134816
      ]
    ],
    "labels":[
      "like",
      "no_gesture"
    ],
    "leading_hand":"right",
    "leading_conf":1.0,
    "user_id":"bb9556db660466b00200a6645f714e66"
  },
  "062ba42e-035a-4088-adbd-bee3a08da9cb":{
    "bboxes":[
      [
        0.42965012,
        0.5086729,
        0.15865136,
        0.10012967
      ],
      [
        0.80172773,
        0.75220968,
        0.10470863,
        0.10171693
      ]
    ],
    "labels":[
      "like",
      "no_gesture"
    ],
    "leading_hand":"right",
    "leading_conf":1.0,
    "user_id":"91f2fdea5e683b872ee718cba49aa351"
  },
  "0651e2dc-b593-4007-bc06-2b7db9da0b18":{
    "bboxes":[
      [
        0.37785109,
        0.38697285,
        0.08272893,
        0.16063015
      ],
      [
        0.57181881,
        0.79570701,
        0.07780965,
        0.11242974
      ]
    ],
    "labels":[
      "like",
      "no_gesture"
    ],
    "leading_hand":"right",
    "leading_conf":1.0,
    "user_id":"e6b975059ef4b71da5d66f42f12319c6"
  },
  "069c5f2d-ef83-4339-955f-8c661ce48ea2":{
    "bboxes":[
      [
        0.39242485,
        0.46657738,
        0.10237571,
        0.0736307
      ]
    ],
    "labels":[
      "like"
    ],
    "leading_hand":"left",
    "leading_conf":0.8,
    "user_id":"2950834d0f171c7a2d2e4dac32d2071f"
  },
  "069f9cca-dca1-4ee0-97cb-13d507b0b48a":{
    "bboxes":[
      [
        0.64219712,
        0.31955215,
        0.11230559,
        0.21483888
      ]
    ],
    "labels":[
      "like"
    ],
    "leading_hand":"left",
    "leading_conf":1.0,
    "user_id":"8618c6c584ecffef861a9a12e5186ed5"
  },
  "06b88a7f-fb2c-464c-8c20-7612cfeed344":{
    "bboxes":[
      [
        0.48272095,
        0.42012519,
        0.09247013,
        0.17694074
      ]
    ],
    "labels":[
      "like"
    ],
    "leading_hand":"right",
    "leading_conf":1.0,
    "user_id":"e6b975059ef4b71da5d66f42f12319c6"
  },
  "06bf18e1-3288-4647-9d3e-97f79d061392":{
    "bboxes":[
      [
        0.57100259,
        0.50283614,
        0.29989973,
        0.27671998
      ]
    ],
    "labels":[
      "like"
    ],
    "leading_hand":"left",
    "leading_conf":1.0,
    "user_id":"6105b862e884f588618f8aa46e646d76"
  },
  "06c45baf-365e-49ec-afc5-33bbbdc67aba":{
    "bboxes":[
      [
        0.25948338,
        0.22495816,
        0.11595855,
        0.14320991
      ],
      [
        0.65266666,
        0.72034317,
        0.10243127,
        0.13410068
      ]
    ],
    "labels":[
      "like",
      "no_gesture"
    ],
    "leading_hand":"right",
    "leading_conf":1.0,
    "user_id":"9c2fd7b25a06d3c7fef800397cce73d6"
  },
  "06d66a9d-bfbd-4a8a-a0ff-6c0f7e641118":{
    "bboxes":[
      [
        0.4943083,
        0.4249832,
        0.08457607,
        0.17272516
      ]
    ],
    "labels":[
      "like"
    ],
    "leading_hand":"left",
    "leading_conf":1.0,
    "user_id":"c42efbce55a2609343778035867ba51e"
  },
  "06f0d24b-5490-4bb4-9041-0e690acd3e90":{
    "bboxes":[
      [
        0.46484072,
        0.41239149,
        0.06342441,
        0.10670737
      ],
      [
        0.64369854,
        0.68905648,
        0.04809824,
        0.08750044
      ]
    ],
    "labels":[
      "like",
      "no_gesture"
    ],
    "leading_hand":"right",
    "leading_conf":1.0,
    "user_id":"6f1ca93fb23e53160efeebec3f48bcea"
  },
  "073503d5-918a-41f6-ae02-6a67e6c8de27":{
    "bboxes":[
      [
        0.4791402,
        0.44894824,
        0.06719031,
        0.13923825
      ],
      [
        0.60339233,
        0.89784825,
        0.07065601,
        0.10010502
      ]
    ],
    "labels":[
      "like",
      "no_gesture"
    ],
    "leading_hand":"right",
    "leading_conf":1.0,
    "user_id":"d9a0042fb8416ba31b3bf5611f42c99b"
  },
  "073ed106-bc1b-446d-9223-379b4233b544":{
    "bboxes":[
      [
        0.47135871,
        0.36792912,
        0.0565912,
        0.06239403
      ]
    ],
    "labels":[
      "like"
    ],
    "leading_hand":"right",
    "leading_conf":1.0,
    "user_id":"5e26499c8c6b0d7ee7c5b52d5d7d15dc"
  },
  "07525e27-dfe9-4748-8431-06c73a7cfd03":{
    "bboxes":[
      [
        0.51350862,
        0.37741659,
        0.24486683,
        0.26179066
      ]
    ],
    "labels":[
      "like"
    ],
    "leading_hand":"left",
    "leading_conf":0.8,
    "user_id":"3697b0a1685f42fdd24d0bc0a398b524"
  },
  "076e0e49-8129-49fb-86bd-2c260ddba632":{
    "bboxes":[
      [
        0.34071262,
        0.28271954,
        0.0829062,
        0.09757077
      ],
      [
        0.6714505,
        0.6844395,
        0.075177,
        0.10226591
      ]
    ],
    "labels":[
      "like",
      "no_gesture"
    ],
    "leading_hand":"right",
    "leading_conf":1.0,
    "user_id":"bcf5a67e65444f6c1d3119b5d6c3558b"
  },
  "076fc491-c8ca-4612-a9e8-bb46f432bf3c":{
    "bboxes":[
      [
        0.58674018,
        0.33793477,
        0.41084111,
        0.56958833
      ]
    ],
    "labels":[
      "like"
    ],
    "leading_hand":"left",
    "leading_conf":0.8,
    "user_id":"6ca18377b0431517c28ca68a9b927aaa"
  },
  "0788f4c2-6e58-4f99-8228-8126aa124379":{
    "bboxes":[
      [
        0.44956619,
        0.52291105,
        0.13199745,
        0.15137549
      ]
    ],
    "labels":[
      "like"
    ],
    "leading_hand":"left",
    "leading_conf":1.0,
    "user_id":"c0c0e467570dc8f73e23dcac6fcf7684"
  },
  "07cbe4bd-e5eb-4e20-a3af-9cfb55a833ff":{
    "bboxes":[
      [
        0.37639486,
        0.569715,
        0.07155525,
        0.07606853
      ],
      [
        0.63994965,
        0.89018387,
        0.06495997,
        0.0529752
      ]
    ],
    "labels":[
      "like",
      "no_gesture"
    ],
    "leading_hand":"right",
    "leading_conf":1.0,
    "user_id":"e52c25e0afdf6bb0ffd3cda300af53de"
  },
  "07dfefcf-b667-497e-aac3-53a600dd7457":{
    "bboxes":[
      [
        0.36663544,
        0.42387475,
        0.07351343,
        0.15527839
      ]
    ],
    "labels":[
      "like"
    ],
    "leading_hand":"right",
    "leading_conf":1.0,
    "user_id":"6e7c2b6b5e2f4300576f495239f8a295"
  },
  "07fdd88e-180a-4311-aa44-52208a618918":{
    "bboxes":[
      [
        0.30723677,
        0.29579972,
        0.09823519,
        0.11105158
      ],
      [
        0.64301131,
        0.76662837,
        0.08424927,
        0.12026413
      ]
    ],
    "labels":[
      "like",
      "no_gesture"
    ],
    "leading_hand":"right",
    "leading_conf":1.0,
    "user_id":"65d19c5646b51c6629fda4d156ca333c"
  },
  "08102c7e-abd4-4514-a73c-029fc2ad5415":{
    "bboxes":[
      [
        0.23436021,
        0.81638548,
        0.12688287,
        0.14657201
      ],
      [
        0.41900305,
        0.45595593,
        0.14401344,
        0.14034454
      ]
    ],
    "labels":[
      "no_gesture",
      "like"
    ],
    "leading_hand":"left",
    "leading_conf":1.0,
    "user_id":"25451a9d0b37de4bbb7ae4c846512548"
  },
  "0824f2f9-c590-4b73-b9eb-d6d00fca791a":{
    "bboxes":[
      [
        0.34915103,
        0.35313693,
        0.12881396,
        0.13354381
      ],
      [
        0.62101919,
        0.80723394,
        0.14247209,
        0.14080997
      ]
    ],
    "labels":[
      "like",
      "no_gesture"
    ],
    "leading_hand":"right",
    "leading_conf":1.0,
    "user_id":"efee296b69fd4dd98d75de1ec19abc77"
  },
  "084ec62d-b27e-4bb7-b836-975edb892a32":{
    "bboxes":[
      [
        0.28009146,
        0.65952106,
        0.27788773,
        0.28399461
      ]
    ],
    "labels":[
      "like"
    ],
    "leading_hand":"left",
    "leading_conf":1.0,
    "user_id":"9f2c9b7e9f0bae4c5e7f70fc0e7467ce"
  },
  "085abd8c-bb77-49f0-a2f0-30164ae67441":{
    "bboxes":[
      [
        0.5029077,
        0.5504761,
        0.05747289,
        0.15260579
      ]
    ],
    "labels":[
      "like"
    ],
    "leading_hand":"right",
    "leading_conf":1.0,
    "user_id":"74e25779158c14d648e853a57685c0d0"
  }
}