{
  "000b9a1b-d3a5-459f-8326-31235348b807":{
    "bboxes":[
      [
        0.48372246,
        0.51778145,
        0.04780773,
        0.10586212
      ],
      [
        0.57970344,
        0.87207215,
        0.04023932,
        0.09406977
      ]
    ],
    "labels":[
      "mute",
      "no_gesture"
    ],
    "leading_hand":"right",
    "leading_conf":1.0,
    "user_id":"9b581bb5709118a01a4d4702ea4fa1db"
  },
  "000d3f03-ca4b-44cc-8d8c-cdd12735e35b":{
    "bboxes":[
      [
        0.30495339,
        0.57481334,
        0.52472458,
        0.40485008
      ]
    ],
    "labels":[
      "mute"
    ],
    "leading_hand":"right",
    "leading_conf":1.0,
    "user_id":"3a1f3a700fc625915134efa52d1cfd5d"
  },
  "0018e992-f88e-4dd3-89c4-83d933e6b063":{
    "bboxes":[
      [
        0.50047942,
        0.61563948,
        0.11658545,
        0.15381207
      ]
    ],
    "labels":[
      "mute"
    ],
    "leading_hand":"right",
    "leading_conf":1.0,
    "user_id":"afea41fa55adc565966c6c9756577ba9"
  },
  "00283157-0fa8-4931-9ec1-a85ed9feac9b":{
    "bboxes":[
      [
        0.43165491,
        0.28045531,
        0.03996719,
        0.11383058
      ],
      [
        0.5165756,
        0.68412187,
        0.03426013,
        0.09778769
      ]
    ],
    "labels":[
      "mute",
      "no_gesture"
    ],
    "leading_hand":"right",
    "leading_conf":1.0,
    "user_id":"13c86b8d8b8b4dc10d3fcd0cd693d32f"
  },
  "002b2e3b-9d21-4921-a418-8435bc65fa59":{
    "bboxes":[
      [
        0.44529762,
        0.24427071,
        0.1457059,
        0.2161295
      ],
      [
        0.82127502,
        0.85311459,
        0.17027579,
        0.08650578
      ]
    ],
    "labels":[
      "mute",
      "no_gesture"
    ],
    "leading_hand":"right",
    "leading_conf":1.0,
    "user_id":"d82152a7361d896a1b8619545f2b5492"
  },
  "002f3c49-9d32-48dc-a43c-ea558bd7a662":{
    "bboxes":[
      [
        0.47840157,
        0.3522046,
        0.03902718,
        0.05323352
      ],
      [
        0.55084867,
        0.51586072,
        0.03594418,
        0.040352
      ]
    ],
    "labels":[
      "mute",
      "no_gesture"
    ],
    "leading_hand":"right",
    "leading_conf":1.0,
    "user_id":"a1fa79b217009436a1360b0203509ad4"
  },
  "00301ce6-2aed-4fc8-8fe3-e01e0ac037ce":{
    "bboxes":[
      [
        0.54109833,
        0.69113315,
        0.07529851,
        0.09833629
      ]
    ],
    "labels":[
      "mute"
    ],
    "leading_hand":"right",
    "leading_conf":1.0,
    "user_id":"c3fb2cef39b099e9f8e86794c12fc1b3"
  },
  "0037d2aa-e6e5-4e55-bb6a-6c8a4418e628":{
    "bboxes":[
      [
        0.34567019,
        0.52677152,
        0.27402815,
        0.43931681
      ]
    ],
    "labels":[
      "mute"
    ],
    "leading_hand":"right",
    "leading_conf":1.0,
    "user_id":"5ce35d30856f9246427e326bf2a5f2e5"
  },
  "005a09d1-e64f-4eb8-8592-6085867e97da":{
    "bboxes":[
      [
        0.43556428,
        0.77030277,
        0.08155453,
        0.1860411
      ]
    ],
    "labels":[
      "mute"
    ],
    "leading_hand":"right",
    "leading_conf":1.0,
    "user_id":"036f71795a542e954706d86aadf7b5ac"
  },
  "005f4bb7-c569-438a-a11a-140d60f6679b":{
    "bboxes":[
      [
        0.281805,
        0.511685,
        0.626435,
        0.46436
      ]
    ],
    "labels":[
      "mute"
    ],
    "leading_hand":"left",
    "leading_conf":0.8,
    "user_id":"eba52a9f54544cd398fe420d52724248"
  },
  "0068e886-bd7f-47bd-bc03-910c0a7fe2fe":{
    "bboxes":[
      [
        0.24661622,
        0.90828692,
        0.08008949,
        0.09088288
      ],
      [
        0.45722995,
        0.49832006,
        0.0927657,
        0.10879812
      ]
    ],
    "labels":[
      "no_gesture",
      "mute"
    ],
    "leading_hand":"left",
    "leading_conf":1.0,
    "user_id":"94394bd2e03cec9f6e8e84ad3ac97c6d"
  },
  "0079a195-197e-4866-989b-d180e97c9513":{
    "bboxes":[
      [
        0.34166422,
        0.41570239,
        0.03043816,
        0.05575454
      ],
      [
        0.39587918,
        0.60950213,
        0.02457411,
        0.04480693
      ]
    ],
    "labels":[
      "mute",
      "no_gesture"
    ],
    "leading_hand":"right",
    "leading_conf":1.0,
    "user_id":"575f932a174e97355bb9ca2afaf170ad"
  },
  "00879247-2d8c-4af5-bad4-e92e6ab0bd3a":{
    "bboxes":[
      [
        0.43240606,
        0.65992668,
        0.29491951,
        0.33798832
      ]
    ],
    "labels":[
      "mute"
    ],
    "leading_hand":"left",
    "leading_conf":1.0,
    "user_id":"f5eb97545c97b0c6907619c1c5ad72eb"
  },
  "008a8fd6-7848-4f31-89a4-9291fa866298":{
    "bboxes":[
      [
        0.23931074,
        0.4394106,
        0.40070755,
        0.35222333
      ]
    ],
    "labels":[
      "mute"
    ],
    "leading_hand":"left",
    "leading_conf":1.0,
    "user_id":"70b4d58b3922f2c41cff517ba0a9ee34"
  },
  "008e539c-9f59-454f-8547-e710cc3a2d05":{
    "bboxes":[
      [
        0.29700941,
        0.70629903,
        0.254706,
        0.28916596
      ]
    ],
    "labels":[
      "mute"
    ],
    "leading_hand":"left",
    "leading_conf":0.8,
    "user_id":"ec4c02fe66d35448738694ed0eaa12a8"
  },
  "00a4dd61-5c15-4cfd-a514-545fcb4371d4":{
    "bboxes":[
      [
        0.30313317,
        0.33321827,
        0.05095951,
        0.06605171
      ],
      [
        0.40635607,
        0.5727196,
        0.04667805,
        0.05887149
      ]
    ],
    "labels":[
      "mute",
      "no_gesture"
    ],
    "leading_hand":"right",
    "leading_conf":1.0,
    "user_id":"d64260fb7e136401f3376d1c5627a51a"
  },
  "00bf5116-5a56-4790-b84a-27888c250892":{
    "bboxes":[
      [
        0.49009062,
        0.38625317,
        0.03839274,
        0.09246081
      ],
      [
        0.58178919,
        0.7584857,
        0.02950997,
        0.09192758
      ]
    ],
    "labels":[
      "mute",
      "no_gesture"
    ],
    "leading_hand":"right",
    "leading_conf":1.0,
    "user_id":"ae5d7a220ec6f5696b369061c87f1dab"
  },
  "00cc46c6-80a4-4759-8a67-e0dd19b99e17":{
    "bboxes":[
      [
        0.46328898,
        0.40692531,
        0.05162508,
        0.16029166
      ]
    ],
    "labels":[
      "mute"
    ],
    "leading_hand":"right",
    "leading_conf":1.0,
    "user_id":"3e4b5e0e11671fe0d64531149c2ceab5"
  },
  "00df8fd8-6550-4b5b-b66d-67d257b1eb85":{
    "bboxes":[
      [
        0.44838401,
        0.38179288,
        0.10542348,
        0.20747914
      ]
    ],
    "labels":[
      "mute"
    ],
    "leading_hand":"right",
    "leading_conf":1.0,
    "user_id":"0ce579795b00b6462ed8abe1a04ed6c1"
  },
  "00e95ea8-1ae2-40f7-9a7a-fcbee7f4b33a":{
    "bboxes":[
      [
        0.12019523,
        0.77903734,
        0.1287873,
        0.14275196
      ],
      [
        0.41106483,
        0.32365949,
        0.10852855,
        0.13006832
      ]
    ],
    "labels":[
      "no_gesture",
      "mute"
    ],
    "leading_hand":"left",
    "leading_conf":1.0,
    "user_id":"5b0bdd73fe25e89713613b8766381736"
  },
  "01119e43-ed43-4703-9a77-9a58f843ee3c":{
    "bboxes":[
      [
        0.39500329,
        0.40269597,
        0.05913027,
        0.12801905
      ]
    ],
    "labels":[
      "mute"
    ],
    "leading_hand":"left",
    "leading_conf":1.0,
    "user_id":"e6914165c268823b065bac44ba028216"
  },
  "013838d8-bc49-40bf-8071-8449318382de":{
    "bboxes":[
      [
        0.39691167,
        0.47394667,
        0.19145333,
        0.37971333
      ]
    ],
    "labels":[
      "mute"
    ],
    "leading_hand":"left",
    "leading_conf":1.0,
    "user_id":"4d46522f1cd4249af59ec04aaaee086c"
  },
  "0139a36a-f96a-4a8c-baaa-268167380209":{
    "bboxes":[
      [
        0.39134,
        0.249585,
        0.10710375,
        0.15364875
      ],
      [
        0.45614,
        0.67645,
        0.0971375,
        0.1144725
      ]
    ],
    "labels":[
      "mute",
      "no_gesture"
    ],
    "leading_hand":"right",
    "leading_conf":1.0,
    "user_id":"3d336ea4bd4108a00cee9f146a6ce489"
  },
  "013da6a3-bb26-4f89-b775-0e745ca34ecd":{
    "bboxes":[
      [
        0.28394111,
        0.39424167,
        0.39912056,
        0.42716167
      ]
    ],
    "labels":[
      "mute"
    ],
    "leading_hand":"left",
    "leading_conf":1.0,
    "user_id":"fd512927a0c9466912e9a39f6758d2fa"
  },
  "016ea69e-5831-4450-8c07-6d0bbfd2644a":{
    "bboxes":[
      [
        0.5639254,
        0.3464073,
        0.04645754,
        0.08412417
      ]
    ],
    "labels":[
      "mute"
    ],
    "leading_hand":"right",
    "leading_conf":1.0,
    "user_id":"185bd3a81d9d618518d10abebf0d17a8"
  },
  "0172caf8-0ab1-4f53-8db9-422037f4ebb3":{
    "bboxes":[
      [
        0.44573106,
        0.34478772,
        0.30762589,
        0.33984875
      ]
    ],
    "labels":[
      "mute"
    ],
    "leading_hand":"left",
    "leading_conf":1.0,
    "user_id":"6e88fdb296f5715bc418490eb328653b"
  },
  "018b3f14-2244-41d0-9fde-ae2ffebc659c":{
    "bboxes":[
      [
        0.52449087,
        0.14918977,
        0.0990025,
        0.23841167
      ]
    ],
    "labels":[
      "mute"
    ],
    "leading_hand":"right",
    "leading_conf":1.0,
    "user_id":"39d8ac1895b73a12ae677296abe169fc"
  },
  "01a1e62e-6de2-405d-989c-2305838ad72c":{
    "bboxes":[
      [
        0.43905141,
        0.50598737,
        0.12089618,
        0.14411571
      ]
    ],
    "labels":[
      "mute"
    ],
    "leading_hand":"left",
    "leading_conf":1.0,
    "user_id":"c596e3545af26c23f5490117136a22ea"
  },
  "01b7f0a5-7c41-4b55-b604-8da5d41e72e9":{
    "bboxes":[
      [
        0.44216473,
        0.62916661,
        0.07169319,
        0.03922946
      ],
      [
        0.45206651,
        0.35132674,
        0.0601512,
        0.09164794
      ]
    ],
    "labels":[
      "no_gesture",
      "mute"
    ],
    "leading_hand":"right",
    "leading_conf":1.0,
    "user_id":"c7784d3f727091a6bc4fdb53a1a13904"
  },
  "01b96736-12f6-4f61-a181-3d421998fd04":{
    "bboxes":[
      [
        0.22308,
        0.31444333,
        0.64621667,
        0.67299333
      ]
    ],
    "labels":[
      "mute"
    ],
    "leading_hand":"left",
    "leading_conf":0.8,
    "user_id":"95abf297be47bbe17cfbba92b70905bc"
  },
  "01d3a6d9-9510-4c8f-9376-24ef081a7b90":{
    "bboxes":[
      [
        0.37017667,
        0.472205,
        0.19254,
        0.41794333
      ]
    ],
    "labels":[
      "mute"
    ],
    "leading_hand":"left",
    "leading_conf":1.0,
    "user_id":"bb959ff5e0d978ffc611dcd37f69b020"
  },
  "01dd0219-bc80-42b9-8a9a-5967cae6cf69":{
    "bboxes":[
      [
        0.47863712,
        0.41269751,
        0.18108898,
        0.23305995
      ]
    ],
    "labels":[
      "mute"
    ],
    "leading_hand":"right",
    "leading_conf":1.0,
    "user_id":"7bfd3501208be0012417e73355c214a9"
  },
  "01dfb25d-547a-4ee0-a78c-dd58a361df82":{
    "bboxes":[
      [
        0.4720425,
        0.36656625,
        0.1718825,
        0.292515
      ]
    ],
    "labels":[
      "mute"
    ],
    "leading_hand":"left",
    "leading_conf":1.0,
    "user_id":"0264de0c6f3702bda914aa36d1f79c0b"
  },
  "01fac68c-99d2-4779-a03c-8a4f96ccc150":{
    "bboxes":[
      [
        0.43553762,
        0.39462359,
        0.11570689,
        0.12421619
      ]
    ],
    "labels":[
      "mute"
    ],
    "leading_hand":"left",
    "leading_conf":1.0,
    "user_id":"25451a9d0b37de4bbb7ae4c846512548"
  },
  "020788b4-5a12-4528-a6c9-e013434560e9":{
    "bboxes":[
      [
        0.30322333,
        0.80280166,
        0.07036944,
        0.05072167
      ],
      [
        0.39502333,
        0.560795,
        0.06137,
        0.06791667
      ]
    ],
    "labels":[
      "no_gesture",
      "mute"
    ],
    "leading_hand":"left",
    "leading_conf":1.0,
    "user_id":"1451d8a676c0fd70829fe0e0285f458c"
  },
  "020d20da-bd66-4709-9b7a-a37fe7cda6c2":{
    "bboxes":[
      [
        0.30226788,
        0.41728316,
        0.33053013,
        0.28206784
      ]
    ],
    "labels":[
      "mute"
    ],
    "leading_hand":"right",
    "leading_conf":1.0,
    "user_id":"4b91c04f4c91b2d1457c8cb5c09a0cff"
  },
  "021d16d2-1553-497e-abe7-9a37c3d53afb":{
    "bboxes":[
      [
        0.38368528,
        0.31341814,
        0.14851665,
        0.191575
      ]
    ],
    "labels":[
      "mute"
    ],
    "leading_hand":"left",
    "leading_conf":1.0,
    "user_id":"b54981f68a359c44295048a7cfb954cb"
  },
  "0229de01-e5d9-4fc4-a0e2-0dd0a4b7bff7":{
    "bboxes":[
      [
        0.22316052,
        0.80813366,
        0.11717504,
        0.0838476
      ],
      [
        0.34053427,
        0.44014877,
        0.09992967,
        0.08806212
      ]
    ],
    "labels":[
      "no_gesture",
      "mute"
    ],
    "leading_hand":"left",
    "leading_conf":1.0,
    "user_id":"48cce8adf10b5a533c7eb07ab8238c6e"
  },
  "022d1cd8-a618-47f4-9b9d-d3abd6746e86":{
    "bboxes":[
      [
        0.56982667,
        0.11679,
        0.05625667,
        0.12012333
      ],
      [
        0.670335,
        0.53930333,
        0.04867667,
        0.11242333
      ]
    ],
    "labels":[
      "mute",
      "no_gesture"
    ],
    "leading_hand":"right",
    "leading_conf":1.0,
    "user_id":"80c2ff30882e01d1d5ee3008bc20052a"
  },
  "023f0a31-a8a4-40f1-ba7e-ae86f7d0ba70":{
    "bboxes":[
      [
        0.33385167,
        0.64918167,
        0.26830333,
        0.28888167
      ]
    ],
    "labels":[
      "mute"
    ],
    "leading_hand":"right",
    "leading_conf":1.0,
    "user_id":"78f6f354f2bdf36b401ef335bcfe4da1"
  },
  "02763ee6-f00a-476b-92d2-ac707a51f36f":{
    "bboxes":[
      [
        0.20647214,
        0.86653781,
        0.08041555,
        0.12756828
      ],
      [
        0.37788034,
        0.42459107,
        0.08943318,
        0.11435016
      ]
    ],
    "labels":[
      "no_gesture",
      "mute"
    ],
    "leading_hand":"left",
    "leading_conf":1.0,
    "user_id":"9061cd7dad55f6a5218103cec914ff8f"
  },
  "028930ac-4eec-4468-89ce-5fc1af2bfd23":{
    "bboxes":[
      [
        0.40252875,
        0.39218849,
        0.15579617,
        0.19192358
      ]
    ],
    "labels":[
      "mute"
    ],
    "leading_hand":"right",
    "leading_conf":1.0,
    "user_id":"8415b2993ec6c1b28d972e06b493cb54"
  },
  "02993c44-c3f5-44ff-a46d-259fc7a5a59a":{
    "bboxes":[
      [
        0.33102071,
        0.7257155,
        0.05658655,
        0.0815475
      ],
      [
        0.49980332,
        0.38393512,
        0.06215929,
        0.0823222
      ]
    ],
    "labels":[
      "no_gesture",
      "mute"
    ],
    "leading_hand":"left",
    "leading_conf":1.0,
    "user_id":"75edc85d01e2b2a7666f35318d12db47"
  },
  "02aa936d-4531-4579-b6a0-2755f7f6f2e5":{
    "bboxes":[
      [
        0.30682707,
        0.84412741,
        0.08256892,
        0.11366581
      ],
      [
        0.49990737,
        0.40229464,
        0.09259593,
        0.11141942
      ]
    ],
    "labels":[
      "no_gesture",
      "mute"
    ],
    "leading_hand":"left",
    "leading_conf":0.8,
    "user_id":"36baf6626e2ebdb78c5165ba0f5775cc"
  },
  "02d4a5ec-56fa-4e12-ab93-1df2f2d9c73b":{
    "bboxes":[
      [
        0.31057368,
        0.274832,
        0.27157556,
        0.25629
      ]
    ],
    "labels":[
      "mute"
    ],
    "leading_hand":"left",
    "leading_conf":1.0,
    "user_id":"8ba1d0f3346150d24cf811d162c6d8fc"
  },
  "02da8b60-e28c-41c2-a290-f77e3d0043f9":{
    "bboxes":[
      [
        0.48343977,
        0.23897883,
        0.03196538,
        0.07158416
      ]
    ],
    "labels":[
      "mute"
    ],
    "leading_hand":"left",
    "leading_conf":0.8,
    "user_id":"7f4dd4f796b87abe28aefc860286630b"
  },
  "02eac8bf-ed77-4bf0-a34c-f52224d285b3":{
    "bboxes":[
      [
        0.45224344,
        0.3937094,
        0.08361409,
        0.1016897
      ]
    ],
    "labels":[
      "mute"
    ],
    "leading_hand":"right",
    "leading_conf":1.0,
    "user_id":"96b9c96a2726c4f61222f5ec8dd8836d"
  },
  "02ebaa86-e5e5-47e7-bab5-d0d1b39bc0de":{
    "bboxes":[
      [
        0.46975901,
        0.60058583,
        0.11672589,
        0.34970611
      ]
    ],
    "labels":[
      "mute"
    ],
    "leading_hand":"left",
    "leading_conf":1.0,
    "user_id":"0ad0bd947af0acc5363a586a9bb97a94"
  },
  "0304afac-ddac-4aa4-b172-6a1368adf025":{
    "bboxes":[
      [
        0.27774697,
        0.88273236,
        0.06470418,
        0.10891677
      ],
      [
        0.48286517,
        0.51431243,
        0.0740663,
        0.09686834
      ]
    ],
    "labels":[
      "no_gesture",
      "mute"
    ],
    "leading_hand":"left",
    "leading_conf":1.0,
    "user_id":"5117c7878b6158b0f5086bcc27ee2fc8"
  },
  "0304bd5d-e138-4802-9298-e101105c7e55":{
    "bboxes":[
      [
        0.42280987,
        0.37040467,
        0.09347808,
        0.12442938
      ]
    ],
    "labels":[
      "mute"
    ],
    "leading_hand":"left",
    "leading_conf":1.0,
    "user_id":"ca6779e0abc31bdeda1db2af59e04ba5"
  },
  "030eaffe-0992-4841-9c96-b3dfb9e44a88":{
    "bboxes":[
      [
        0.53663557,
        0.54377873,
        0.04637699,
        0.07571667
      ],
      [
        0.62391348,
        0.863541,
        0.04446913,
        0.08062976
      ]
    ],
    "labels":[
      "mute",
      "no_gesture"
    ],
    "leading_hand":"right",
    "leading_conf":1.0,
    "user_id":"185bd3a81d9d618518d10abebf0d17a8"
  },
  "03146d8f-15d9-406f-9934-61d869a97e0d":{
    "bboxes":[
      [
        0.28281577,
        0.92565679,
        0.08435452,
        0.07384178
      ],
      [
        0.40909815,
        0.54210793,
        0.09232226,
        0.11140527
      ]
    ],
    "labels":[
      "no_gesture",
      "mute"
    ],
    "leading_hand":"left",
    "leading_conf":1.0,
    "user_id":"0195478b47e3c74313b5c2669d6d9259"
  },
  "0318f283-f7c2-4dba-87f4-194f5fbc570b":{
    "bboxes":[
      [
        0.46525014,
        0.61927389,
        0.17157269,
        0.21932843
      ]
    ],
    "labels":[
      "mute"
    ],
    "leading_hand":"right",
    "leading_conf":1.0,
    "user_id":"a7c1b48033bcd949f7dd26e4c6231926"
  },
  "0320f1b3-9d82-4490-9bc8-0fbcdfc98193":{
    "bboxes":[
      [
        0.39554007,
        0.17537377,
        0.12056414,
        0.14426241
      ],
      [
        0.38224115,
        0.40933109,
        0.22294596,
        0.16083103
      ]
    ],
    "labels":[
      "mute",
      "no_gesture"
    ],
    "leading_hand":"right",
    "leading_conf":1.0,
    "user_id":"f5a9008aca033f3f5b57491a10656693"
  },
  "03283f41-bb12-4ef5-a3f3-792b2117317d":{
    "bboxes":[
      [
        0.38184387,
        0.87565095,
        0.22578965,
        0.12322707
      ],
      [
        0.40240602,
        0.34440203,
        0.16988336,
        0.19116098
      ]
    ],
    "labels":[
      "no_gesture",
      "mute"
    ],
    "leading_hand":"left",
    "leading_conf":1.0,
    "user_id":"884420b9db2b9b728af35314811a9bf5"
  },
  "034bb647-4e1a-460c-85db-b62482c101a1":{
    "bboxes":[
      [
        0.56445008,
        0.68621712,
        0.10436339,
        0.08584945
      ],
      [
        0.58151716,
        0.40194224,
        0.08613287,
        0.098393
      ]
    ],
    "labels":[
      "no_gesture",
      "mute"
    ],
    "leading_hand":"left",
    "leading_conf":0.8,
    "user_id":"d881ce7fab285cbf0145014996d89ef2"
  },
  "03563dfa-3a3e-492c-b73b-aa6bb670d263":{
    "bboxes":[
      [
        0.32666035,
        0.57724137,
        0.27030464,
        0.3360355
      ]
    ],
    "labels":[
      "mute"
    ],
    "leading_hand":"left",
    "leading_conf":1.0,
    "user_id":"039a3fe8b4bc6c877a4a807534c016bc"
  },
  "035ccef9-19b2-4300-b348-42faccce5e35":{
    "bboxes":[
      [
        0.49556457,
        0.30811928,
        0.0660697,
        0.08998329
      ],
      [
        0.65260719,
        0.62853394,
        0.0471682,
        0.09193333
      ]
    ],
    "labels":[
      "mute",
      "no_gesture"
    ],
    "leading_hand":"right",
    "leading_conf":1.0,
    "user_id":"64f7b4acf9ccd530acbc150e6f3865cc"
  },
  "0383e2a1-e8ea-4fb1-8fb8-d585b6cf280a":{
    "bboxes":[
      [
        0.46648152,
        0.50522456,
        0.11150867,
        0.12439446
      ]
    ],
    "labels":[
      "mute"
    ],
    "leading_hand":"right",
    "leading_conf":1.0,
    "user_id":"0a44a24e5b1c985897f82a98ac67d16a"
  },
  "0386da99-5ffd-494c-b3d9-f4e05cdcba99":{
    "bboxes":[
      [
        0.43020109,
        0.60959628,
        0.03250709,
        0.07826938
      ]
    ],
    "labels":[
      "mute"
    ],
    "leading_hand":"right",
    "leading_conf":1.0,
    "user_id":"9c30fbc8ea048495bede475680c1f387"
  },
  "039017d8-8f8d-44e5-a7cf-40c09fa48efc":{
    "bboxes":[
      [
        0.46573353,
        0.40439619,
        0.09257859,
        0.10611383
      ],
      [
        0.75772605,
        0.88056045,
        0.05507933,
        0.1108632
      ]
    ],
    "labels":[
      "mute",
      "no_gesture"
    ],
    "leading_hand":"right",
    "leading_conf":1.0,
    "user_id":"f51058801c15ed576b6d6115dde8d27a"
  },
  "03adc695-e3a8-448a-9674-27f1d3c288b8":{
    "bboxes":[
      [
        0.52641256,
        0.56314844,
        0.08018683,
        0.10073672
      ],
      [
        0.77695382,
        0.87640413,
        0.13437164,
        0.05408473
      ]
    ],
    "labels":[
      "mute",
      "no_gesture"
    ],
    "leading_hand":"right",
    "leading_conf":1.0,
    "user_id":"b5f88efb882cf7129d74f24aa1a2fd49"
  },
  "03bcae5e-5358-4ca6-ae03-ef390e5f9225":{
    "bboxes":[
      [
        0.18260381,
        0.76454088,
        0.09658867,
        0.11874985
      ],
      [
        0.3821953,
        0.30108408,
        0.09986302,
        0.13112806
      ]
    ],
    "labels":[
      "no_gesture",
      "mute"
    ],
    "leading_hand":"left",
    "leading_conf":1.0,
    "user_id":"4db6b6c02bb7751f9b371f78854b6846"
  },
  "03c45817-1f5a-4639-94c2-21e898dd7028":{
    "bboxes":[
      [
        0.2365383,
        0.63065543,
        0.1202442,
        0.09452767
      ],
      [
        0.50079097,
        0.25355363,
        0.12177411,
        0.10397834
      ]
    ],
    "labels":[
      "no_gesture",
      "mute"
    ],
    "leading_hand":"left",
    "leading_conf":1.0,
    "user_id":"84c6fa906e9d2f8caba660665df0e062"
  },
  "03e4f1db-1058-4027-806b-c64c044f52f6":{
    "bboxes":[
      [
        0.465238,
        0.67805647,
        0.06286314,
        0.09174407
      ]
    ],
    "labels":[
      "mute"
    ],
    "leading_hand":"left",
    "leading_conf":1.0,
    "user_id":"5169f9a0d23abe47b3a647e52507ded6"
  },
  "03ee58c0-069a-4de4-8943-8658078ca925":{
    "bboxes":[
      [
        0.44372569,
        0.59710679,
        0.13469159,
        0.14698915
      ]
    ],
    "labels":[
      "mute"
    ],
    "leading_hand":"right",
    "leading_conf":1.0,
    "user_id":"5091ad79aae6b0f218216e9e8eec4712"
  },
  "040de292-dde9-4367-8581-8ae3f49474a4":{
    "bboxes":[
      [
        0.42788114,
        0.34580393,
        0.27287155,
        0.28632525
      ]
    ],
    "labels":[
      "mute"
    ],
    "leading_hand":"left",
    "leading_conf":1.0,
    "user_id":"ef7addf73e58ab8af3d488f7addf4ef3"
  },
  "0412e2ba-1587-4674-ae01-ea07e40e65c4":{
    "bboxes":[
      [
        0.41601666,
        0.27736181,
        0.09759039,
        0.12586375
      ],
      [
        0.56616246,
        0.71804959,
        0.06993828,
        0.11564296
      ]
    ],
    "labels":[
      "mute",
      "no_gesture"
    ],
    "leading_hand":"right",
    "leading_conf":1.0,
    "user_id":"406ddc3024afd2d0dfd2bd848102ab50"
  },
  "0436ed1c-5ec1-4cc1-9b6c-7e5bac197c59":{
    "bboxes":[
      [
        0.48336706,
        0.25241968,
        0.09560135,
        0.20264442
      ]
    ],
    "labels":[
      "mute"
    ],
    "leading_hand":"left",
    "leading_conf":1.0,
    "user_id":"3c892e8a9ab05a7febead75f4570ccac"
  },
  "0438a9b0-9ef0-4497-9117-818c8e1c7cc8":{
    "bboxes":[
      [
        0.29752333,
        0.55586167,
        0.40899167,
        0.43930667
      ]
    ],
    "labels":[
      "mute"
    ],
    "leading_hand":"left",
    "leading_conf":0.8,
    "user_id":"eba633153c8d930352c80569ffdd3d29"
  },
  "043b71d1-0895-48dd-b2a6-78ac69fd90b9":{
    "bboxes":[
      [
        0.43364381,
        0.36665984,
        0.15244222,
        0.16768329
      ]
    ],
    "labels":[
      "mute"
    ],
    "leading_hand":"right",
    "leading_conf":1.0,
    "user_id":"2f3646304b1e4f3c88027bb58fd2d930"
  },
  "044a44d4-7cfb-4d15-8d5e-59a5e94dab8a":{
    "bboxes":[
      [
        0.49565361,
        0.20390787,
        0.10871108,
        0.13471087
      ],
      [
        0.72832316,
        0.68634328,
        0.09024672,
        0.13758922
      ]
    ],
    "labels":[
      "mute",
      "no_gesture"
    ],
    "leading_hand":"right",
    "leading_conf":1.0,
    "user_id":"a3b7aed0f2aca6500c2a4c801c52b559"
  },
  "045a40cb-da37-4f3b-8121-2e964633e6e1":{
    "bboxes":[
      [
        0.41149667,
        0.47770833,
        0.42464167,
        0.50429167
      ]
    ],
    "labels":[
      "mute"
    ],
    "leading_hand":"left",
    "leading_conf":1.0,
    "user_id":"4378fac6b728ebf430453d371fa57eec"
  },
  "04715f5a-6810-43f1-b1a4-782698244230":{
    "bboxes":[
      [
        0.36098483,
        0.60851717,
        0.44809989,
        0.38939116
      ]
    ],
    "labels":[
      "mute"
    ],
    "leading_hand":"left",
    "leading_conf":1.0,
    "user_id":"2543ce45ef15e4ef40848c3d426e65be"
  },
  "04745c30-505a-4a1e-be71-f97b6ea335f5":{
    "bboxes":[
      [
        0.35788167,
        0.71757167,
        0.28361,
        0.27786167
      ]
    ],
    "labels":[
      "mute"
    ],
    "leading_hand":"left",
    "leading_conf":1.0,
    "user_id":"bce026d7319da15d79deb0d9ce168675"
  },
  "04792259-3032-4ebb-a2ab-ef47a5da766e":{
    "bboxes":[
      [
        0.44817409,
        0.74269932,
        0.1138968,
        0.12692433
      ]
    ],
    "labels":[
      "mute"
    ],
    "leading_hand":"left",
    "leading_conf":1.0,
    "user_id":"b9251ced582ad15e82938b4060a89b1e"
  },
  "047c23a6-7939-4d17-9c1a-3efd73123c82":{
    "bboxes":[
      [
        0.35383892,
        0.5915506,
        0.31062,
        0.39925167
      ]
    ],
    "labels":[
      "mute"
    ],
    "leading_hand":"left",
    "leading_conf":0.8,
    "user_id":"c348445a7881eb839a4cce469be7f4ae"
  },
  "04972c7d-4510-4158-9e90-4d99da885c3f":{
    "bboxes":[
      [
        0.53388686,
        0.53399574,
        0.05261724,
        0.10441815
      ]
    ],
    "labels":[
      "mute"
    ],
    "leading_hand":"right",
    "leading_conf":1.0,
    "user_id":"f928990f6769d286d55de9e3cff5768a"
  },
  "04a09fbe-ac7d-4453-9ee0-e29fcaed15bc":{
    "bboxes":[
      [
        0.37269387,
        0.71377403,
        0.06663751,
        0.07978836
      ],
      [
        0.4909646,
        0.41926239,
        0.06277281,
        0.07669152
      ]
    ],
    "labels":[
      "no_gesture",
      "mute"
    ],
    "leading_hand":"left",
    "leading_conf":1.0,
    "user_id":"6011b7375560ccb27c905ea7c73b5e5c"
  },
  "04dc7103-22b4-4025-8a8b-7e48b78ca3c7":{
    "bboxes":[
      [
        0.51487942,
        0.4753283,
        0.06690208,
        0.09279323
      ],
      [
        0.68677059,
        0.84051964,
        0.0599794,
        0.10318848
      ]
    ],
    "labels":[
      "mute",
      "no_gesture"
    ],
    "leading_hand":"right",
    "leading_conf":1.0,
    "user_id":"037efdcde92abf75cef406d184a19785"
  },
  "04ddfe81-3790-483f-b29a-26b67529c973":{
    "bboxes":[
      [
        0.27120667,
        0.44736833,
        0.34275333,
        0.51679333
      ]
    ],
    "labels":[
      "mute"
    ],
    "leading_hand":"left",
    "leading_conf":1.0,
    "user_id":"0ed970b22647638f929baaed637816b5"
  },
  "04eb9526-1923-4975-aea7-3ac1705b8d85":{
    "bboxes":[
      [
        0.41678581,
        0.54115669,
        0.0460207,
        0.06046277
      ]
    ],
    "labels":[
      "mute"
    ],
    "leading_hand":"right",
    "leading_conf":1.0,
    "user_id":"8b3cf0e4f992d7a17eb5ccd9b2302803"
  },
  "04fa64d2-ab5d-430f-b187-54a62196ead3":{
    "bboxes":[
      [
        0.4812591,
        0.18693396,
        0.07080936,
        0.15879334
      ],
      [
        0.63431688,
        0.71632759,
        0.08710129,
        0.16036541
      ]
    ],
    "labels":[
      "mute",
      "no_gesture"
    ],
    "leading_hand":"right",
    "leading_conf":1.0,
    "user_id":"bc63a17123c2ee48f6604627121a110a"
  },
  "05091237-bd9a-4ab4-831c-3690449a70c1":{
    "bboxes":[
      [
        0.18918333,
        0.59271667,
        0.48307333,
        0.40533667
      ]
    ],
    "labels":[
      "mute"
    ],
    "leading_hand":"right",
    "leading_conf":1.0,
    "user_id":"f36721281fb7aaa1a04957fea84ee779"
  },
  "0514f2f2-d67a-4ba8-9f5a-1b9e475564b5":{
    "bboxes":[
      [
        0.379965,
        0.8956675,
        0.1904425,
        0.10179
      ],
      [
        0.45603375,
        0.50436125,
        0.1414175,
        0.12168
      ]
    ],
    "labels":[
      "no_gesture",
      "mute"
    ],
    "leading_hand":"right",
    "leading_conf":1.0,
    "user_id":"813779bb45d4abaaf1fe621c2ee0e054"
  },
  "0525e102-255d-4518-93be-f9bda5978517":{
    "bboxes":[
      [
        0.26632611,
        0.70424439,
        0.0846685,
        0.13234315
      ],
      [
        0.45165324,
        0.28237193,
        0.08814548,
        0.11041176
      ]
    ],
    "labels":[
      "no_gesture",
      "mute"
    ],
    "leading_hand":"left",
    "leading_conf":0.8,
    "user_id":"f21d47d9228102bb4d0edb3d49c0ce79"
  },
  "05439db6-95f8-47fa-ab9f-860f154567ed":{
    "bboxes":[
      [
        0.47333599,
        0.28898037,
        0.07452805,
        0.10213618
      ],
      [
        0.63178984,
        0.64165893,
        0.06311516,
        0.0938252
      ]
    ],
    "labels":[
      "mute",
      "no_gesture"
    ],
    "leading_hand":"right",
    "leading_conf":1.0,
    "user_id":"f5ded7d1ad1498fc4c39122c8efd8410"
  },
  "054d47da-f462-482b-bfbb-6db2c5a26b9e":{
    "bboxes":[
      [
        0.5186434,
        0.38144758,
        0.12040827,
        0.16212184
      ]
    ],
    "labels":[
      "mute"
    ],
    "leading_hand":"right",
    "leading_conf":1.0,
    "user_id":"5554eeeb873eed85a22de7dcffff77ef"
  },
  "054d772d-9c7b-4ff1-80d6-a8e79ce98737":{
    "bboxes":[
      [
        0.51620215,
        0.26784176,
        0.05804926,
        0.19492598
      ]
    ],
    "labels":[
      "mute"
    ],
    "leading_hand":"right",
    "leading_conf":1.0,
    "user_id":"74e25779158c14d648e853a57685c0d0"
  },
  "05543aff-cf3f-47b5-8902-6c3ded7e1850":{
    "bboxes":[
      [
        0.43691996,
        0.26874275,
        0.07772431,
        0.10020795
      ],
      [
        0.44513406,
        0.53635449,
        0.07601951,
        0.05068543
      ]
    ],
    "labels":[
      "mute",
      "no_gesture"
    ],
    "leading_hand":"right",
    "leading_conf":1.0,
    "user_id":"b60dc89a23c512e8d4b8845f6c0bd871"
  },
  "05543fda-c2e2-437f-b7e9-9304ce68d7ac":{
    "bboxes":[
      [
        0.43220605,
        0.28612527,
        0.13249798,
        0.15010033
      ],
      [
        0.68545866,
        0.8292011,
        0.07902682,
        0.11955478
      ]
    ],
    "labels":[
      "mute",
      "no_gesture"
    ],
    "leading_hand":"right",
    "leading_conf":1.0,
    "user_id":"1452462146037b0900d034060c6813d3"
  },
  "0557de6d-1ec9-446b-82e9-944536ba4fc2":{
    "bboxes":[
      [
        0.27073107,
        0.56758849,
        0.32687235,
        0.41461597
      ]
    ],
    "labels":[
      "mute"
    ],
    "leading_hand":"right",
    "leading_conf":1.0,
    "user_id":"bf1b3fc67e5e87006c6c5814c01e22da"
  },
  "05711c3f-a76a-4f32-a244-b889b53350eb":{
    "bboxes":[
      [
        0.45395587,
        0.19175197,
        0.15792464,
        0.1801724
      ],
      [
        0.67920968,
        0.86782997,
        0.10709298,
        0.13198003
      ]
    ],
    "labels":[
      "mute",
      "no_gesture"
    ],
    "leading_hand":"right",
    "leading_conf":1.0,
    "user_id":"3f1b9aaccc137f1d232420579c96855b"
  },
  "0571c8c2-1c36-4766-a06a-111bc2360f73":{
    "bboxes":[
      [
        0.21797337,
        0.55470709,
        0.41781217,
        0.43719291
      ]
    ],
    "labels":[
      "mute"
    ],
    "leading_hand":"right",
    "leading_conf":1.0,
    "user_id":"15ee2655c4dff853c294ca16e203d51a"
  },
  "0588d4a9-93c5-4d94-a051-00a16b424f8b":{
    "bboxes":[
      [
        0.33145501,
        0.40787908,
        0.04521044,
        0.05690532
      ],
      [
        0.39658596,
        0.61977235,
        0.03950722,
        0.05857557
      ]
    ],
    "labels":[
      "mute",
      "no_gesture"
    ],
    "leading_hand":"right",
    "leading_conf":1.0,
    "user_id":"4792fa20e533c8224abd8492f45f0b29"
  },
  "05b2193c-b6dd-43de-a5a4-90941f67e066":{
    "bboxes":[
      [
        0.33932654,
        0.54753981,
        0.37090204,
        0.43680259
      ]
    ],
    "labels":[
      "mute"
    ],
    "leading_hand":"right",
    "leading_conf":1.0,
    "user_id":"933ffa01bf1eaed1f467aa7315bdc1b2"
  },
  "05df01f5-c212-4143-a27b-3f40f6169da1":{
    "bboxes":[
      [
        0.31577105,
        0.88806262,
        0.07787609,
        0.07094413
      ],
      [
        0.48527436,
        0.6094152,
        0.08388499,
        0.10655827
      ]
    ],
    "labels":[
      "no_gesture",
      "mute"
    ],
    "leading_hand":"left",
    "leading_conf":1.0,
    "user_id":"ce552ca16d8cb36f1cf63e864b4b8e15"
  },
  "05ee0c8b-1c53-488b-aaca-5afa80ca9f43":{
    "bboxes":[
      [
        0.34706068,
        0.30597047,
        0.14422476,
        0.19096502
      ],
      [
        0.62289119,
        0.84135793,
        0.09136884,
        0.1306665
      ]
    ],
    "labels":[
      "mute",
      "no_gesture"
    ],
    "leading_hand":"right",
    "leading_conf":1.0,
    "user_id":"e67ffea9faf804e603e010807272f58d"
  },
  "05fc6bee-cd9a-427d-a32a-efec04f1ab6f":{
    "bboxes":[
      [
        0.39871824,
        0.66919173,
        0.02563189,
        0.06318932
      ],
      [
        0.43841433,
        0.90017804,
        0.02911011,
        0.05765752
      ]
    ],
    "labels":[
      "mute",
      "no_gesture"
    ],
    "leading_hand":"right",
    "leading_conf":1.0,
    "user_id":"575f932a174e97355bb9ca2afaf170ad"
  },
  "0603bb82-8b07-410c-9628-0d463fdb8850":{
    "bboxes":[
      [
        0.40369172,
        0.56941955,
        0.23814778,
        0.302675
      ]
    ],
    "labels":[
      "mute"
    ],
    "leading_hand":"right",
    "leading_conf":1.0,
    "user_id":"4e2b14f41f283cf21b886c80382039a7"
  }
}