{
  "000dfde3-a3a2-41b3-a3eb-e52744bf3ac4":{
    "bboxes":[
      [
        0.21083398,
        0.26728873,
        0.21714227,
        0.20396519
      ],
      [
        0.30206833,
        0.75277876,
        0.22240135,
        0.23454968
      ]
    ],
    "labels":[
      "ok",
      "no_gesture"
    ],
    "leading_hand":"right",
    "leading_conf":1.0,
    "user_id":"f98dabec18f5c0c89e9be98cab5f2ddd"
  },
  "0019e6cf-ba51-4a13-8a73-d91edde95f6f":{
    "bboxes":[
      [
        0.28084481,
        0.27004715,
        0.13713113,
        0.15059373
      ],
      [
        0.74826545,
        0.79648614,
        0.09469329,
        0.13776575
      ]
    ],
    "labels":[
      "ok",
      "no_gesture"
    ],
    "leading_hand":"right",
    "leading_conf":1.0,
    "user_id":"8e94af3d81a8182e94776df18e63ddd2"
  },
  "001b114a-d181-44bd-af8c-a883f1cc482e":{
    "bboxes":[
      [
        0.34819273,
        0.25233828,
        0.16835899,
        0.17540733
      ],
      [
        0.68222804,
        0.79034054,
        0.20068242,
        0.19742426
      ]
    ],
    "labels":[
      "ok",
      "no_gesture"
    ],
    "leading_hand":"right",
    "leading_conf":1.0,
    "user_id":"865598d51a7099ee8423dbfc3f9dbc52"
  },
  "00335b2b-5dc2-4910-abbe-504f85f799e8":{
    "bboxes":[
      [
        0.26782306,
        0.74153527,
        0.05330742,
        0.07098786
      ],
      [
        0.51800205,
        0.41360078,
        0.08129677,
        0.08719225
      ]
    ],
    "labels":[
      "no_gesture",
      "ok"
    ],
    "leading_hand":"left",
    "leading_conf":1.0,
    "user_id":"5e2e0497b304d46c2df35d71be88e924"
  },
  "00472819-1805-4f5e-aeef-4e5a4aa24c20":{
    "bboxes":[
      [
        0.07739431,
        0.3400908,
        0.26991258,
        0.26372167
      ]
    ],
    "labels":[
      "ok"
    ],
    "leading_hand":"right",
    "leading_conf":1.0,
    "user_id":"2313270b6750bd873ea1730c5adbb164"
  },
  "004fac40-47b8-4b32-b8a4-cb29c8d0946f":{
    "bboxes":[
      [
        0.13206638,
        0.47038446,
        0.12575317,
        0.14171289
      ],
      [
        0.4986899,
        0.75269052,
        0.13714791,
        0.13813001
      ]
    ],
    "labels":[
      "ok",
      "no_gesture"
    ],
    "leading_hand":"right",
    "leading_conf":1.0,
    "user_id":"2905178c9cffcd16638ac3e00a10a31f"
  },
  "0064f9a1-322a-4530-a1bf-2440bcdd2dc0":{
    "bboxes":[
      [
        0.32705077,
        0.46410392,
        0.10081124,
        0.07029286
      ],
      [
        0.66537071,
        0.72273391,
        0.0604166,
        0.05690948
      ]
    ],
    "labels":[
      "ok",
      "no_gesture"
    ],
    "leading_hand":"right",
    "leading_conf":1.0,
    "user_id":"9128615283cac4e060fbd9065a0ca5c9"
  },
  "00678bdb-55b1-46e1-a2e6-7ccb587870f9":{
    "bboxes":[
      [
        0.14853002,
        0.3347287,
        0.23186312,
        0.19068956
      ]
    ],
    "labels":[
      "ok"
    ],
    "leading_hand":"right",
    "leading_conf":1.0,
    "user_id":"7220fba5205b3053167a57ae99d9a687"
  },
  "008450bc-e475-4914-92e9-ce113c2c4727":{
    "bboxes":[
      [
        0.19638925,
        0.44518775,
        0.19264444,
        0.166345
      ]
    ],
    "labels":[
      "ok"
    ],
    "leading_hand":"right",
    "leading_conf":1.0,
    "user_id":"f1b57d717350e34832b2e0506d3095d1"
  },
  "0089f3d7-6a04-4436-b8d0-454135e496ba":{
    "bboxes":[
      [
        0.15621577,
        0.60846366,
        0.08394628,
        0.09532601
      ],
      [
        0.5155794,
        0.15404008,
        0.12044629,
        0.14768221
      ]
    ],
    "labels":[
      "no_gesture",
      "ok"
    ],
    "leading_hand":"left",
    "leading_conf":1.0,
    "user_id":"2fa20ead10ff9b3fbc5228270c08d2af"
  },
  "008fae83-816c-4b16-9bdd-836486f4aba9":{
    "bboxes":[
      [
        0.40353216,
        0.73589685,
        0.03968947,
        0.05074602
      ],
      [
        0.53113989,
        0.51971598,
        0.04702942,
        0.04269129
      ]
    ],
    "labels":[
      "no_gesture",
      "ok"
    ],
    "leading_hand":"left",
    "leading_conf":1.0,
    "user_id":"67df730afbacdb55fe7d5bc4e2f251b0"
  },
  "0096650d-20f4-4175-8dec-3e27f95915cc":{
    "bboxes":[
      [
        0.29057811,
        0.7524583,
        0.08090738,
        0.09850045
      ],
      [
        0.64167021,
        0.33615158,
        0.1077657,
        0.10509615
      ]
    ],
    "labels":[
      "no_gesture",
      "ok"
    ],
    "leading_hand":"left",
    "leading_conf":1.0,
    "user_id":"fdf91c398c134825257eb1455f0da9e2"
  },
  "00a6c250-88c5-4c1b-9713-0164e4a040ac":{
    "bboxes":[
      [
        0.1611051,
        0.41924167,
        0.15404333,
        0.15880535
      ]
    ],
    "labels":[
      "ok"
    ],
    "leading_hand":"right",
    "leading_conf":1.0,
    "user_id":"5a53cacd02f6de88625f86d3f4502fc9"
  },
  "00a99701-3778-40c0-a292-04278bb9d1e1":{
    "bboxes":[
      [
        0.03309774,
        0.69688877,
        0.11781615,
        0.09383045
      ],
      [
        0.55141272,
        0.31493596,
        0.1712155,
        0.1048806
      ]
    ],
    "labels":[
      "no_gesture",
      "ok"
    ],
    "leading_hand":"left",
    "leading_conf":1.0,
    "user_id":"84c6fa906e9d2f8caba660665df0e062"
  },
  "00af17c9-93a2-4566-92ed-7be4d0d4ac55":{
    "bboxes":[
      [
        0.28769162,
        0.27494282,
        0.0586804,
        0.05560876
      ],
      [
        0.49824976,
        0.46317205,
        0.03713886,
        0.04694142
      ]
    ],
    "labels":[
      "ok",
      "no_gesture"
    ],
    "leading_hand":"right",
    "leading_conf":1.0,
    "user_id":"d8957cf301c6f45d026201261538f198"
  },
  "00daa782-68f8-40ed-89de-985bef8f730f":{
    "bboxes":[
      [
        0.43946735,
        0.51561711,
        0.03871521,
        0.08727473
      ],
      [
        0.56442647,
        0.15725018,
        0.05658905,
        0.1147763
      ]
    ],
    "labels":[
      "no_gesture",
      "ok"
    ],
    "leading_hand":"left",
    "leading_conf":1.0,
    "user_id":"7f4dd4f796b87abe28aefc860286630b"
  },
  "00f63b7b-2fc3-404f-91d2-8c109f948468":{
    "bboxes":[
      [
        0.50813849,
        0.27436884,
        0.16556576,
        0.17472961
      ]
    ],
    "labels":[
      "ok"
    ],
    "leading_hand":"left",
    "leading_conf":1.0,
    "user_id":"d9559d1116f529cedd0cebcbe56e02b8"
  },
  "013b66cc-ad3f-4d2a-b5cf-8a2e229b75e2":{
    "bboxes":[
      [
        0.42913339,
        0.26546729,
        0.05524509,
        0.16077867
      ],
      [
        0.57249594,
        0.71320555,
        0.03511151,
        0.11286065
      ]
    ],
    "labels":[
      "ok",
      "no_gesture"
    ],
    "leading_hand":"right",
    "leading_conf":1.0,
    "user_id":"6852e380b15991a353297c3871d2103a"
  },
  "0143c110-538e-4653-981f-5971108eebd2":{
    "bboxes":[
      [
        0.33553061,
        0.26399179,
        0.18947419,
        0.14715098
      ],
      [
        0.86318792,
        0.74853312,
        0.09060924,
        0.10265706
      ]
    ],
    "labels":[
      "ok",
      "no_gesture"
    ],
    "leading_hand":"right",
    "leading_conf":1.0,
    "user_id":"54fdee731038d909a6eba724f6bec65c"
  },
  "0169db65-ace8-4d91-805f-4ac38a3de9dc":{
    "bboxes":[
      [
        0.25879307,
        0.73914489,
        0.05075635,
        0.05993324
      ],
      [
        0.404695,
        0.49241669,
        0.06149848,
        0.06394285
      ]
    ],
    "labels":[
      "no_gesture",
      "ok"
    ],
    "leading_hand":"left",
    "leading_conf":1.0,
    "user_id":"28abc6728515b1dbf5751b9ae920e04a"
  },
  "01711e1d-6941-45e9-94f0-9673d9432c87":{
    "bboxes":[
      [
        0.10002628,
        0.66618676,
        0.1395261,
        0.12887282
      ],
      [
        0.51107195,
        0.34315851,
        0.14816373,
        0.12680692
      ]
    ],
    "labels":[
      "no_gesture",
      "ok"
    ],
    "leading_hand":"left",
    "leading_conf":1.0,
    "user_id":"b56368de610782a6c525793cb39cab6c"
  },
  "0179c9fb-2a7f-44ba-b513-ca22e80cb888":{
    "bboxes":[
      [
        0.30986689,
        0.28333987,
        0.09940294,
        0.10455926
      ],
      [
        0.5542162,
        0.57665418,
        0.08703351,
        0.06248818
      ]
    ],
    "labels":[
      "ok",
      "no_gesture"
    ],
    "leading_hand":"right",
    "leading_conf":1.0,
    "user_id":"f618954fe0b081617cff4e73106e1e55"
  },
  "01841342-56ea-4bb6-90df-6381b224731a":{
    "bboxes":[
      [
        0.40922474,
        0.90582149,
        0.21215833,
        0.08992833
      ],
      [
        0.67531696,
        0.31007815,
        0.19808667,
        0.18751333
      ]
    ],
    "labels":[
      "no_gesture",
      "ok"
    ],
    "leading_hand":"left",
    "leading_conf":1.0,
    "user_id":"d94ece92ab3edf936a78204f7785a959"
  },
  "0186657f-8eea-4361-804f-7ad6002835bb":{
    "bboxes":[
      [
        0.29546894,
        0.65250815,
        0.14976679,
        0.12349585
      ],
      [
        0.50784023,
        0.26009653,
        0.12618102,
        0.14098448
      ]
    ],
    "labels":[
      "no_gesture",
      "ok"
    ],
    "leading_hand":"left",
    "leading_conf":1.0,
    "user_id":"39916ce97ac569f6650ce1609cb405a0"
  },
  "018a33f7-5624-42c6-8686-964a3ae48311":{
    "bboxes":[
      [
        0.07865192,
        0.73991559,
        0.07119952,
        0.04563257
      ],
      [
        0.47026825,
        0.45507115,
        0.10110331,
        0.06495324
      ]
    ],
    "labels":[
      "no_gesture",
      "ok"
    ],
    "leading_hand":"left",
    "leading_conf":1.0,
    "user_id":"67bc8044e94e2e0fc24c3965e620b552"
  },
  "01b0ff64-346e-480f-ad94-eed83e8e131d":{
    "bboxes":[
      [
        0.37181276,
        0.42804344,
        0.10176701,
        0.09040313
      ]
    ],
    "labels":[
      "ok"
    ],
    "leading_hand":"right",
    "leading_conf":1.0,
    "user_id":"4c2d70803e35ce2d30f3e875f1b01c6c"
  },
  "01bc64c5-6d04-473d-8b69-0c4059224552":{
    "bboxes":[
      [
        0.00372778,
        0.33227833,
        0.55063444,
        0.385675
      ]
    ],
    "labels":[
      "ok"
    ],
    "leading_hand":"right",
    "leading_conf":1.0,
    "user_id":"8c24671cf30c45ff5d4653543f1ab58c"
  },
  "01d8fd57-4f7a-46e0-aef5-46636abc461e":{
    "bboxes":[
      [
        0.41186835,
        0.24230052,
        0.06002818,
        0.1237568
      ],
      [
        0.59574583,
        0.67162054,
        0.03212074,
        0.11392207
      ]
    ],
    "labels":[
      "ok",
      "no_gesture"
    ],
    "leading_hand":"right",
    "leading_conf":1.0,
    "user_id":"13c86b8d8b8b4dc10d3fcd0cd693d32f"
  },
  "01dcb1d2-4f9a-4c28-8390-4af76c497f65":{
    "bboxes":[
      [
        0.38800952,
        0.39394184,
        0.0557552,
        0.06198822
      ],
      [
        0.56313528,
        0.49312238,
        0.04477671,
        0.03523172
      ]
    ],
    "labels":[
      "ok",
      "no_gesture"
    ],
    "leading_hand":"right",
    "leading_conf":1.0,
    "user_id":"b07a773bcb10b4f14f33d2b0e8ec58ba"
  },
  "01e1e455-9a2d-47dc-a233-59c37e696850":{
    "bboxes":[
      [
        0.34485088,
        0.43812923,
        0.16610083,
        0.18920522
      ]
    ],
    "labels":[
      "ok"
    ],
    "leading_hand":"right",
    "leading_conf":1.0,
    "user_id":"cd709b6443e58e9d2fa5cf6704f39c32"
  },
  "01ec4cbb-d319-401b-9c96-a9626861387e":{
    "bboxes":[
      [
        0.1545822,
        0.27462757,
        0.23801092,
        0.24588748
      ],
      [
        0.57338111,
        0.81699686,
        0.24764981,
        0.11965164
      ]
    ],
    "labels":[
      "ok",
      "no_gesture"
    ],
    "leading_hand":"right",
    "leading_conf":1.0,
    "user_id":"c51f695196083ac1b92127e0c60ed464"
  },
  "01ef94c3-3ea7-4628-969a-7a224fa15b2d":{
    "bboxes":[
      [
        0.40709842,
        0.22677174,
        0.18559768,
        0.13688331
      ]
    ],
    "labels":[
      "ok"
    ],
    "leading_hand":"left",
    "leading_conf":1.0,
    "user_id":"0372c580d96808a563249afe14f25a19"
  },
  "0216a47b-325f-4a91-9375-f411d254d5f4":{
    "bboxes":[
      [
        0.27200558,
        0.85182549,
        0.1537346,
        0.14724951
      ],
      [
        0.68635715,
        0.4031957,
        0.18131592,
        0.17992105
      ]
    ],
    "labels":[
      "no_gesture",
      "ok"
    ],
    "leading_hand":"left",
    "leading_conf":1.0,
    "user_id":"aea839af48c61f28fe7a8f44ffaf33ec"
  },
  "02356c2e-2841-4fac-92f7-68add3c8f0e3":{
    "bboxes":[
      [
        0.18810393,
        0.87616068,
        0.06359644,
        0.07415262
      ],
      [
        0.52262481,
        0.45838508,
        0.09230464,
        0.09306053
      ]
    ],
    "labels":[
      "no_gesture",
      "ok"
    ],
    "leading_hand":"left",
    "leading_conf":1.0,
    "user_id":"bc79fe60dd19dac53b38acc1f12a613d"
  },
  "023dab0c-feb3-4f8c-95c4-10b2c6bb9646":{
    "bboxes":[
      [
        0.34471788,
        0.40401961,
        0.09569212,
        0.09223785
      ],
      [
        0.6141254,
        0.73056267,
        0.0610169,
        0.09314644
      ]
    ],
    "labels":[
      "ok",
      "no_gesture"
    ],
    "leading_hand":"right",
    "leading_conf":0.9,
    "user_id":"4b0ac750c0a1199a813eab178840db90"
  },
  "02890eb9-d24e-4d30-9d3b-d238697fa661":{
    "bboxes":[
      [
        0.27437633,
        0.52966715,
        0.08512357,
        0.09225671
      ],
      [
        0.56955308,
        0.93032186,
        0.08391834,
        0.06946647
      ]
    ],
    "labels":[
      "ok",
      "no_gesture"
    ],
    "leading_hand":"right",
    "leading_conf":1.0,
    "user_id":"d3578931a47138b136bf81bda5a2743f"
  },
  "028ea94d-849f-4af5-adc4-99d273b906d0":{
    "bboxes":[
      [
        0.12426786,
        0.59949902,
        0.12031734,
        0.11658246
      ]
    ],
    "labels":[
      "ok"
    ],
    "leading_hand":"right",
    "leading_conf":1.0,
    "user_id":"35a87098f319e9d6885087b909c8671f"
  },
  "02a2f8ed-25dc-4a0c-bdb2-b84e7bc76d9b":{
    "bboxes":[
      [
        0.1870675,
        0.17218032,
        0.17397618,
        0.18704628
      ],
      [
        0.34093176,
        0.54866855,
        0.14718307,
        0.0984154
      ]
    ],
    "labels":[
      "ok",
      "no_gesture"
    ],
    "leading_hand":"right",
    "leading_conf":1.0,
    "user_id":"9ccaf7f09568bedba3855fb71082a07e"
  },
  "02bd34dd-b9ae-4460-b359-104a64c244ab":{
    "bboxes":[
      [
        0.49888027,
        0.48798535,
        0.14048094,
        0.14577054
      ]
    ],
    "labels":[
      "ok"
    ],
    "leading_hand":"left",
    "leading_conf":1.0,
    "user_id":"d629649959ff67e4f067bec50b3cc8b1"
  },
  "02be4792-efcc-41a2-b1e6-1015afa0ba89":{
    "bboxes":[
      [
        0.33277065,
        0.42228941,
        0.04727933,
        0.07822168
      ],
      [
        0.44306865,
        0.72900478,
        0.03104185,
        0.05796315
      ]
    ],
    "labels":[
      "ok",
      "no_gesture"
    ],
    "leading_hand":"right",
    "leading_conf":1.0,
    "user_id":"9d6ba51a6c0db0602c6fdf632891a14f"
  },
  "02be6717-661c-4c57-bc43-3ae0b8fbb658":{
    "bboxes":[
      [
        0.33460412,
        0.49216127,
        0.07183583,
        0.05498613
      ],
      [
        0.54376961,
        0.45189877,
        0.10731988,
        0.09707829
      ]
    ],
    "labels":[
      "no_gesture",
      "ok"
    ],
    "leading_hand":"left",
    "leading_conf":1.0,
    "user_id":"585a5a7b885ca68872f481f2fb27ea5e"
  },
  "02d0b3c8-8717-4c33-b189-43898d77b1da":{
    "bboxes":[
      [
        0.26515064,
        0.41283982,
        0.15521073,
        0.12895534
      ],
      [
        0.69860589,
        0.91578272,
        0.09353171,
        0.08402228
      ]
    ],
    "labels":[
      "ok",
      "no_gesture"
    ],
    "leading_hand":"right",
    "leading_conf":1.0,
    "user_id":"2fa832c9a76893b531e9d4de5719881f"
  },
  "02d8e051-a8f7-4f2b-b2bf-ac56e01fc6db":{
    "bboxes":[
      [
        0.13087556,
        0.33342167,
        0.200075,
        0.20541667
      ]
    ],
    "labels":[
      "ok"
    ],
    "leading_hand":"right",
    "leading_conf":1.0,
    "user_id":"aec5bafa0f52b18ce62eaa0e95cc9c18"
  },
  "02e3c06e-fadd-445d-8f02-f8e749e8699d":{
    "bboxes":[
      [
        0.34327953,
        0.33261973,
        0.10592495,
        0.08861576
      ],
      [
        0.69457426,
        0.63717208,
        0.06889363,
        0.08749313
      ]
    ],
    "labels":[
      "ok",
      "no_gesture"
    ],
    "leading_hand":"right",
    "leading_conf":1.0,
    "user_id":"eec8fbea3f4a2efaf2adfe3c059f036d"
  },
  "02ea9c0a-deda-49d3-9356-c011ff4c45dc":{
    "bboxes":[
      [
        0.27299768,
        0.66402893,
        0.07209284,
        0.08730877
      ],
      [
        0.52471758,
        0.29828589,
        0.09738209,
        0.10299603
      ]
    ],
    "labels":[
      "no_gesture",
      "ok"
    ],
    "leading_hand":"left",
    "leading_conf":0.9,
    "user_id":"b994789b41cb6937500b07cc26a0615e"
  },
  "02fae964-0025-4c1d-a75c-aad3c044d979":{
    "bboxes":[
      [
        0.38908559,
        0.50044192,
        0.04699716,
        0.06918533
      ],
      [
        0.61901117,
        0.17964463,
        0.07979172,
        0.08174064
      ]
    ],
    "labels":[
      "no_gesture",
      "ok"
    ],
    "leading_hand":"left",
    "leading_conf":1.0,
    "user_id":"c159174c1145c0be761f063d168f06dd"
  },
  "0305dbbb-1763-408f-9620-2b0fcfe16682":{
    "bboxes":[
      [
        0.36470031,
        0.1721621,
        0.0536068,
        0.17168285
      ],
      [
        0.5406169,
        0.79728098,
        0.03964327,
        0.14393651
      ]
    ],
    "labels":[
      "ok",
      "no_gesture"
    ],
    "leading_hand":"right",
    "leading_conf":1.0,
    "user_id":"bf1c817968838f9ec569f78c6fdb2303"
  },
  "0329542b-672d-48c6-825c-18ece0de41f4":{
    "bboxes":[
      [
        0.3370385,
        0.18850549,
        0.21852414,
        0.21337762
      ],
      [
        0.43883787,
        0.64014033,
        0.2541033,
        0.11397375
      ]
    ],
    "labels":[
      "ok",
      "no_gesture"
    ],
    "leading_hand":"right",
    "leading_conf":1.0,
    "user_id":"d5d5687bf3ff3f2c019c35c8629da361"
  },
  "034cb33c-772b-4269-9468-eb6c11f59066":{
    "bboxes":[
      [
        0.45173167,
        0.42142512,
        0.08098453,
        0.07793423
      ],
      [
        0.7234406,
        0.76446207,
        0.0572662,
        0.08220183
      ]
    ],
    "labels":[
      "ok",
      "no_gesture"
    ],
    "leading_hand":"right",
    "leading_conf":1.0,
    "user_id":"290123739eb7866ffa55957862e6a59f"
  },
  "0364087b-9bbf-47cd-9f19-843250bcfe58":{
    "bboxes":[
      [
        0.50598172,
        0.22328103,
        0.17329231,
        0.18455084
      ]
    ],
    "labels":[
      "ok"
    ],
    "leading_hand":"left",
    "leading_conf":1.0,
    "user_id":"a8fdab1a32dedd8c159a1476c9acff2b"
  },
  "037a466e-34dd-45a1-b509-d88f5f82606a":{
    "bboxes":[
      [
        0.21942397,
        0.4093126,
        0.16484071,
        0.15711597
      ]
    ],
    "labels":[
      "ok"
    ],
    "leading_hand":"right",
    "leading_conf":1.0,
    "user_id":"6016e974df840b00867760149daffb17"
  },
  "037fe95f-6dce-4253-85ae-0345c15d4545":{
    "bboxes":[
      [
        0.53744974,
        0.24058396,
        0.22422931,
        0.2284832
      ]
    ],
    "labels":[
      "ok"
    ],
    "leading_hand":"left",
    "leading_conf":1.0,
    "user_id":"f0532fa1543282c67dc2a908cf76dbfe"
  },
  "0381b0db-827e-41bd-90a7-3f39144778de":{
    "bboxes":[
      [
        0.25224007,
        0.25095022,
        0.13310334,
        0.12028287
      ],
      [
        0.58714877,
        0.67750317,
        0.07701696,
        0.10513595
      ]
    ],
    "labels":[
      "ok",
      "no_gesture"
    ],
    "leading_hand":"right",
    "leading_conf":1.0,
    "user_id":"ba906e0ed52c8525f061701f25cc0439"
  },
  "03fa280c-07ec-4969-a4c1-f228a9f1add2":{
    "bboxes":[
      [
        0.28919377,
        0.29333231,
        0.13113858,
        0.12119944
      ]
    ],
    "labels":[
      "ok"
    ],
    "leading_hand":"right",
    "leading_conf":1.0,
    "user_id":"185abed531787fa4e421c067e2bf2645"
  },
  "0414e82f-a1be-46b9-a763-9c234f009bc9":{
    "bboxes":[
      [
        0.32868207,
        0.35758296,
        0.09103641,
        0.08891658
      ],
      [
        0.59699181,
        0.70324765,
        0.06149837,
        0.08898546
      ]
    ],
    "labels":[
      "ok",
      "no_gesture"
    ],
    "leading_hand":"right",
    "leading_conf":1.0,
    "user_id":"2cdea36189e86b3e514ae322592407ce"
  },
  "042daf9a-c9d2-4bc5-9ae7-32f7587822ec":{
    "bboxes":[
      [
        0.05095517,
        0.31322393,
        0.31707056,
        0.31097333
      ]
    ],
    "labels":[
      "ok"
    ],
    "leading_hand":"right",
    "leading_conf":1.0,
    "user_id":"1a47c8e66b7736f5677851a312967719"
  },
  "045b72f4-0e82-4494-a944-5dddb9c549a2":{
    "bboxes":[
      [
        0.23340563,
        0.21270349,
        0.23751019,
        0.22003497
      ]
    ],
    "labels":[
      "ok"
    ],
    "leading_hand":"right",
    "leading_conf":1.0,
    "user_id":"a0efe5a2a611617f4629d57a594757ac"
  },
  "047a7a3e-2881-466f-bf0f-8e8635f24cf0":{
    "bboxes":[
      [
        0.04343105,
        0.33893749,
        0.20992532,
        0.19852827
      ]
    ],
    "labels":[
      "ok"
    ],
    "leading_hand":"right",
    "leading_conf":1.0,
    "user_id":"c51f695196083ac1b92127e0c60ed464"
  },
  "048f6985-83e4-417e-b744-5c8270884fd2":{
    "bboxes":[
      [
        0.14078541,
        0.59966102,
        0.11290076,
        0.15212736
      ]
    ],
    "labels":[
      "ok"
    ],
    "leading_hand":"right",
    "leading_conf":1.0,
    "user_id":"abb8c19dfb071e8279c76e2f19e2e52d"
  },
  "049cc5d8-2923-4e34-8b88-f70aa8d05021":{
    "bboxes":[
      [
        0.62984584,
        0.19226653,
        0.1310178,
        0.16364087
      ]
    ],
    "labels":[
      "ok"
    ],
    "leading_hand":"left",
    "leading_conf":1.0,
    "user_id":"6703036b745a34776ee3a61e5c252bc9"
  },
  "04a7cacc-36e1-4064-a11b-6e95a4a10b57":{
    "bboxes":[
      [
        0.14160005,
        0.18428273,
        0.14353764,
        0.18393816
      ]
    ],
    "labels":[
      "ok"
    ],
    "leading_hand":"right",
    "leading_conf":1.0,
    "user_id":"4d8900d51e653df1f50f489ac2b0e0b4"
  },
  "04e4d7dc-e9a8-4d7d-9d1e-eb705692356e":{
    "bboxes":[
      [
        0.07339958,
        0.1172133,
        0.22748656,
        0.20457934
      ],
      [
        0.798801,
        0.79602723,
        0.12132017,
        0.17999858
      ]
    ],
    "labels":[
      "ok",
      "no_gesture"
    ],
    "leading_hand":"right",
    "leading_conf":1.0,
    "user_id":"a3bdc52a487dc6aa89850f5209be4fb1"
  },
  "04e7d505-2df2-4049-9ae2-cd1aa88ba42d":{
    "bboxes":[
      [
        0.27076973,
        0.77950429,
        0.14088652,
        0.14202509
      ],
      [
        0.46000395,
        0.45786401,
        0.12233725,
        0.11581537
      ]
    ],
    "labels":[
      "no_gesture",
      "ok"
    ],
    "leading_hand":"left",
    "leading_conf":1.0,
    "user_id":"9a08caf636708c8e3071606541a7465c"
  },
  "04e8a0b9-3604-49d7-b839-3f34fc1b4772":{
    "bboxes":[
      [
        0.37395076,
        0.26379657,
        0.12729018,
        0.16881072
      ],
      [
        0.71251565,
        0.73611236,
        0.05650645,
        0.1535646
      ]
    ],
    "labels":[
      "ok",
      "no_gesture"
    ],
    "leading_hand":"right",
    "leading_conf":1.0,
    "user_id":"b9dfe7c47f71adc85a50df6f932b056d"
  },
  "04fe45b8-16c1-4bd2-a2ec-798dd858e096":{
    "bboxes":[
      [
        0.36782247,
        0.22148491,
        0.09432223,
        0.10124495
      ],
      [
        0.61361317,
        0.51497771,
        0.0916192,
        0.06421772
      ]
    ],
    "labels":[
      "ok",
      "no_gesture"
    ],
    "leading_hand":"right",
    "leading_conf":1.0,
    "user_id":"d3f50cb79b5ddab740708f5f2d6b1abe"
  },
  "052e37d2-6de5-411c-a87b-575ba2f55c03":{
    "bboxes":[
      [
        0.11292091,
        0.22171768,
        0.20647595,
        0.19346826
      ]
    ],
    "labels":[
      "ok"
    ],
    "leading_hand":"right",
    "leading_conf":1.0,
    "user_id":"0d508516cc5422db148450a4aefda604"
  },
  "0548b0a3-5b8b-475f-b0f1-89f51cb104a1":{
    "bboxes":[
      [
        0.49957392,
        0.07314027,
        0.22114645,
        0.30867071
      ]
    ],
    "labels":[
      "ok"
    ],
    "leading_hand":"left",
    "leading_conf":1.0,
    "user_id":"fd79622ae65c3d14dcca7878fd384820"
  },
  "055afec5-a9ed-4210-9270-9c6856247cb9":{
    "bboxes":[
      [
        0.41778117,
        0.42971263,
        0.08774686,
        0.2297531
      ],
      [
        0.54621995,
        0.84285494,
        0.12033375,
        0.15447119
      ]
    ],
    "labels":[
      "ok",
      "no_gesture"
    ],
    "leading_hand":"right",
    "leading_conf":1.0,
    "user_id":"1d568e112ae816a241ed4403a0e699c7"
  },
  "0570bffa-a6c7-4d57-9cb4-eeeae0983527":{
    "bboxes":[
      [
        0.57349352,
        0.44262458,
        0.16269452,
        0.15796425
      ]
    ],
    "labels":[
      "ok"
    ],
    "leading_hand":"left",
    "leading_conf":1.0,
    "user_id":"e7688d8828fe6e8fa498edb2231efbdc"
  },
  "058f382f-7933-4ee7-a035-3cd94a1812ea":{
    "bboxes":[
      [
        0.32301069,
        0.55869086,
        0.0578214,
        0.06609471
      ],
      [
        0.4338777,
        0.74057666,
        0.05188431,
        0.03878727
      ]
    ],
    "labels":[
      "ok",
      "no_gesture"
    ],
    "leading_hand":"right",
    "leading_conf":1.0,
    "user_id":"f8ab529f0751655ee81a4679a42c71ed"
  },
  "05a9f120-2450-4d81-94cf-b236b0df42fa":{
    "bboxes":[
      [
        0.33238313,
        0.64930435,
        0.05483543,
        0.08243786
      ],
      [
        0.55689226,
        0.22870706,
        0.11136615,
        0.11643328
      ]
    ],
    "labels":[
      "no_gesture",
      "ok"
    ],
    "leading_hand":"left",
    "leading_conf":1.0,
    "user_id":"e5b3277ee8d14756d224eb21b29e80d3"
  },
  "05ac5cef-2d67-491c-8ea2-18c20f6aaa57":{
    "bboxes":[
      [
        0.39169798,
        0.62199193,
        0.09504915,
        0.07653092
      ],
      [
        0.58499395,
        0.34509623,
        0.11879337,
        0.10422766
      ]
    ],
    "labels":[
      "no_gesture",
      "ok"
    ],
    "leading_hand":"left",
    "leading_conf":1.0,
    "user_id":"6b993161c014ce22be38d87dd801902e"
  },
  "05aec9fe-c6ea-4d5f-bb68-b6b34f277204":{
    "bboxes":[
      [
        0.24954182,
        0.2931318,
        0.15336049,
        0.1660392
      ],
      [
        0.43391449,
        0.76782044,
        0.14781583,
        0.12010935
      ]
    ],
    "labels":[
      "ok",
      "no_gesture"
    ],
    "leading_hand":"right",
    "leading_conf":1.0,
    "user_id":"f153fad032fb5af972dbd8669e594ac0"
  },
  "05b3c4c2-af16-4954-8739-bf260d8732f7":{
    "bboxes":[
      [
        0.70727881,
        0.27075333,
        0.19772822,
        0.23796494
      ]
    ],
    "labels":[
      "ok"
    ],
    "leading_hand":"left",
    "leading_conf":1.0,
    "user_id":"a8fdab1a32dedd8c159a1476c9acff2b"
  },
  "05c5f174-d1b6-4fc4-9e91-f34eb6d9dd03":{
    "bboxes":[
      [
        0.43611645,
        0.82262202,
        0.10355989,
        0.05703465
      ],
      [
        0.53983764,
        0.45705592,
        0.09938751,
        0.11151571
      ]
    ],
    "labels":[
      "no_gesture",
      "ok"
    ],
    "leading_hand":"left",
    "leading_conf":1.0,
    "user_id":"60c0d71b5e12d24b0fe162963678e6d6"
  },
  "05c82aa4-98e3-4028-aeab-68f058cd5304":{
    "bboxes":[
      [
        0.11597857,
        0.35132164,
        0.16747056,
        0.14336282
      ],
      [
        0.51163323,
        0.90368265,
        0.11493408,
        0.0925657
      ]
    ],
    "labels":[
      "ok",
      "no_gesture"
    ],
    "leading_hand":"right",
    "leading_conf":1.0,
    "user_id":"d39edb16fa6829cad2ad1d395e9461c8"
  },
  "05c87dca-749b-4340-aa0c-d80ea64e61b8":{
    "bboxes":[
      [
        0.34985974,
        0.15479909,
        0.10734017,
        0.15730583
      ],
      [
        0.65471249,
        0.72830396,
        0.06677403,
        0.11103277
      ]
    ],
    "labels":[
      "ok",
      "no_gesture"
    ],
    "leading_hand":"right",
    "leading_conf":1.0,
    "user_id":"4e440f5dcb40c38bec53162a74a64d24"
  },
  "05d119c3-f975-482a-bae8-bc5c39384724":{
    "bboxes":[
      [
        0.11665912,
        0.77910696,
        0.0764374,
        0.13257355
      ],
      [
        0.47760271,
        0.3690716,
        0.13377318,
        0.13688752
      ]
    ],
    "labels":[
      "no_gesture",
      "ok"
    ],
    "leading_hand":"left",
    "leading_conf":1.0,
    "user_id":"c1f76e8edd4a69ebd58847ede305ae07"
  },
  "06002854-e704-41c6-8f1c-782bcb5f5c74":{
    "bboxes":[
      [
        0.09290495,
        0.29026658,
        0.21013808,
        0.14735114
      ],
      [
        0.47114503,
        0.83254245,
        0.21180953,
        0.11821089
      ]
    ],
    "labels":[
      "ok",
      "no_gesture"
    ],
    "leading_hand":"right",
    "leading_conf":1.0,
    "user_id":"fa80c7870a02d56bd8020abba76997c0"
  },
  "061820b2-271b-47d7-9691-5ba7e8a492cf":{
    "bboxes":[
      [
        0.55225838,
        0.56595938,
        0.09950662,
        0.119441
      ]
    ],
    "labels":[
      "ok"
    ],
    "leading_hand":"left",
    "leading_conf":1.0,
    "user_id":"25a3fc74722e83227d1f0451af5a3431"
  },
  "061f11a6-a8cd-482b-9c2b-13e09d87eeeb":{
    "bboxes":[
      [
        0.19269357,
        0.20726046,
        0.0892869,
        0.1050581
      ],
      [
        0.43529459,
        0.53702974,
        0.04717587,
        0.07554248
      ]
    ],
    "labels":[
      "ok",
      "no_gesture"
    ],
    "leading_hand":"right",
    "leading_conf":1.0,
    "user_id":"a25b6a242305b7574a980f8bf9d8ccbe"
  },
  "06752c14-c847-4968-899f-4b219029776a":{
    "bboxes":[
      [
        0.41776484,
        0.40533099,
        0.05599109,
        0.05845736
      ]
    ],
    "labels":[
      "ok"
    ],
    "leading_hand":"right",
    "leading_conf":1.0,
    "user_id":"5e26499c8c6b0d7ee7c5b52d5d7d15dc"
  },
  "069075e8-a7d2-496b-a9aa-9ee497ff8598":{
    "bboxes":[
      [
        0.38378903,
        0.36529711,
        0.13301169,
        0.11292793
      ],
      [
        0.63963584,
        0.33799313,
        0.16042187,
        0.13516339
      ]
    ],
    "labels":[
      "no_gesture",
      "ok"
    ],
    "leading_hand":"left",
    "leading_conf":1.0,
    "user_id":"cad6174856b01bcd90802afc7b26a36a"
  },
  "06983888-62ed-4e25-b701-354e983c3372":{
    "bboxes":[
      [
        0.37009837,
        0.68813466,
        0.05831948,
        0.06602498
      ],
      [
        0.60282047,
        0.40771012,
        0.08454157,
        0.07412897
      ]
    ],
    "labels":[
      "no_gesture",
      "ok"
    ],
    "leading_hand":"left",
    "leading_conf":1.0,
    "user_id":"f78e9bbfba802079f50b3f0c5b7861ed"
  },
  "06ac5665-d1f4-4586-9dd8-c8fbe93bd142":{
    "bboxes":[
      [
        0.62285333,
        0.49012917,
        0.06933977,
        0.05342557
      ]
    ],
    "labels":[
      "ok"
    ],
    "leading_hand":"left",
    "leading_conf":1.0,
    "user_id":"84c6fa906e9d2f8caba660665df0e062"
  },
  "06c344d6-7c3a-4b38-90fb-540c1dbe4d47":{
    "bboxes":[
      [
        0.56268473,
        0.40346214,
        0.22990552,
        0.21307175
      ]
    ],
    "labels":[
      "ok"
    ],
    "leading_hand":"left",
    "leading_conf":1.0,
    "user_id":"a72a14ab0bcae8b4f41ea76abf5bb07a"
  },
  "06cd9ef9-7260-4b5a-a823-63a4f8098e0a":{
    "bboxes":[
      [
        0.21803828,
        0.1593923,
        0.2339795,
        0.2079552
      ],
      [
        0.77758545,
        0.85701573,
        0.19810316,
        0.1416276
      ]
    ],
    "labels":[
      "ok",
      "no_gesture"
    ],
    "leading_hand":"right",
    "leading_conf":1.0,
    "user_id":"b6181e4a9974d79a7483887d97e125c5"
  },
  "06e13a1a-0736-4a8f-bf15-adda89dc8f4f":{
    "bboxes":[
      [
        0.27000761,
        0.75643967,
        0.04433909,
        0.05263935
      ],
      [
        0.47177981,
        0.48421141,
        0.07798651,
        0.06953236
      ]
    ],
    "labels":[
      "no_gesture",
      "ok"
    ],
    "leading_hand":"left",
    "leading_conf":1.0,
    "user_id":"87c4ea52fd15302a3c746ffbe66ec71a"
  },
  "06e6b6d9-92ad-4efd-b530-bf595608b314":{
    "bboxes":[
      [
        0.11190517,
        0.3302406,
        0.05924773,
        0.06486067
      ],
      [
        0.29887911,
        0.52654515,
        0.03830241,
        0.04990394
      ]
    ],
    "labels":[
      "ok",
      "no_gesture"
    ],
    "leading_hand":"right",
    "leading_conf":1.0,
    "user_id":"7b6b82e5f32e02a0aba636635d68b864"
  },
  "06eb85ff-e3a7-4d9e-a232-75f635985837":{
    "bboxes":[
      [
        0.29710179,
        0.20779364,
        0.16820609,
        0.18249133
      ],
      [
        0.70968045,
        0.81082887,
        0.10657163,
        0.14294425
      ]
    ],
    "labels":[
      "ok",
      "no_gesture"
    ],
    "leading_hand":"right",
    "leading_conf":0.9,
    "user_id":"3426ad49b27a303d21b6ce83e31ae629"
  },
  "06f81756-8fef-42d1-9ab7-f88552192e18":{
    "bboxes":[
      [
        0.13486727,
        0.36919119,
        0.28439496,
        0.17866812
      ]
    ],
    "labels":[
      "ok"
    ],
    "leading_hand":"right",
    "leading_conf":1.0,
    "user_id":"d03792f32b8bcf925850548d0d860e88"
  },
  "07146bd6-aa8d-44bf-be8c-163c7a9c467a":{
    "bboxes":[
      [
        0.46222127,
        0.45886653,
        0.06812143,
        0.13297497
      ],
      [
        0.5936067,
        0.94247194,
        0.06991276,
        0.05680457
      ]
    ],
    "labels":[
      "ok",
      "no_gesture"
    ],
    "leading_hand":"right",
    "leading_conf":1.0,
    "user_id":"575f932a174e97355bb9ca2afaf170ad"
  },
  "0718fc4f-7697-4968-a394-b73e8305f4f2":{
    "bboxes":[
      [
        0.33141332,
        0.78595497,
        0.05213174,
        0.06501728
      ],
      [
        0.57169224,
        0.45500397,
        0.08911884,
        0.07692517
      ]
    ],
    "labels":[
      "no_gesture",
      "ok"
    ],
    "leading_hand":"left",
    "leading_conf":1.0,
    "user_id":"419d7cc07929c1cd12ba0023b4dde574"
  },
  "071ebac5-5d36-47bf-93e9-96648eb1a918":{
    "bboxes":[
      [
        0.44278969,
        0.45938568,
        0.25910545,
        0.21305371
      ]
    ],
    "labels":[
      "ok"
    ],
    "leading_hand":"left",
    "leading_conf":1.0,
    "user_id":"9f526c1f32f6a17b412a5f8caac37cc6"
  },
  "07231b0a-068b-4626-88ba-8b8c4e4d2630":{
    "bboxes":[
      [
        0.40951326,
        0.35241431,
        0.07294548,
        0.07527143
      ],
      [
        0.67778808,
        0.66456674,
        0.04638033,
        0.07230748
      ]
    ],
    "labels":[
      "ok",
      "no_gesture"
    ],
    "leading_hand":"right",
    "leading_conf":1.0,
    "user_id":"640482580bf52ba8a5e6707717d0c110"
  },
  "0734a29b-91a0-4562-8272-1027fba6b869":{
    "bboxes":[
      [
        0.35243176,
        0.41995009,
        0.1219354,
        0.12376859
      ],
      [
        0.74656397,
        0.88878522,
        0.08395325,
        0.10950144
      ]
    ],
    "labels":[
      "ok",
      "no_gesture"
    ],
    "leading_hand":"right",
    "leading_conf":1.0,
    "user_id":"bcad3a4c6fb16e043d83ef97037f09a8"
  },
  "0748fbd2-7dff-46aa-9e6b-991a011cbd3c":{
    "bboxes":[
      [
        0.18882436,
        0.26888253,
        0.177305,
        0.15894237
      ],
      [
        0.55417385,
        0.87567569,
        0.25704911,
        0.12297598
      ]
    ],
    "labels":[
      "ok",
      "no_gesture"
    ],
    "leading_hand":"right",
    "leading_conf":1.0,
    "user_id":"2b7b0fee394a26703181be7e32b7de58"
  },
  "074a0784-74f1-4885-9d8b-de76b8a1fc0a":{
    "bboxes":[
      [
        0.62421928,
        0.1877522,
        0.08524864,
        0.15553765
      ]
    ],
    "labels":[
      "ok"
    ],
    "leading_hand":"left",
    "leading_conf":1.0,
    "user_id":"a010a19f16501082908554b20634a753"
  },
  "07501413-698f-4993-9bf2-095a10d9041e":{
    "bboxes":[
      [
        0.43450299,
        0.44683304,
        0.0644028,
        0.06135594
      ],
      [
        0.6114164,
        0.69820093,
        0.04324851,
        0.05212215
      ]
    ],
    "labels":[
      "ok",
      "no_gesture"
    ],
    "leading_hand":"right",
    "leading_conf":1.0,
    "user_id":"7f9031309011941edd63a9adcd7bb3fe"
  },
  "0784e37b-5ed2-4901-a0d2-b001a5ae61de":{
    "bboxes":[
      [
        0.39097857,
        0.36068238,
        0.07715785,
        0.07586024
      ],
      [
        0.59719095,
        0.61801824,
        0.03995477,
        0.0526218
      ]
    ],
    "labels":[
      "ok",
      "no_gesture"
    ],
    "leading_hand":"right",
    "leading_conf":1.0,
    "user_id":"4e440f5dcb40c38bec53162a74a64d24"
  }
}