{
  "001a7123-ac05-485e-868a-ea057c5c1280":{
    "bboxes":[
      [
        0.39003058,
        0.45692648,
        0.03798745,
        0.05748269
      ],
      [
        0.57790555,
        0.66564631,
        0.03153766,
        0.04552135
      ]
    ],
    "labels":[
      "one",
      "no_gesture"
    ],
    "leading_hand":"right",
    "leading_conf":1.0,
    "user_id":"69a86982f8a873f9d2b251f97a895f7c"
  },
  "002ce59b-be3f-4002-b2fe-367f84e2e3a4":{
    "bboxes":[
      [
        0.10821009,
        0.26112599,
        0.11195772,
        0.19598875
      ],
      [
        0.63427055,
        0.80686836,
        0.0925409,
        0.12541631
      ]
    ],
    "labels":[
      "one",
      "no_gesture"
    ],
    "leading_hand":"right",
    "leading_conf":1.0,
    "user_id":"e67ffea9faf804e603e010807272f58d"
  },
  "004c317a-ec98-41da-982a-e1ba5de685e8":{
    "bboxes":[
      [
        0.68256725,
        0.16698166,
        0.08854563,
        0.22817601
      ]
    ],
    "labels":[
      "one"
    ],
    "leading_hand":"left",
    "leading_conf":1.0,
    "user_id":"d2bfde95311126aa1bc30ca7867280bb"
  },
  "005e49fa-e567-4bd9-a49d-ee0cfe1b6ed0":{
    "bboxes":[
      [
        0.55463855,
        0.42332198,
        0.10369781,
        0.16038422
      ]
    ],
    "labels":[
      "one"
    ],
    "leading_hand":"left",
    "leading_conf":1.0,
    "user_id":"35165613eea345954ed67abec27db8ae"
  },
  "00b52e12-04b4-4c77-a4c6-923a46a7578c":{
    "bboxes":[
      [
        0.36863281,
        0.36358745,
        0.06624817,
        0.09047881
      ],
      [
        0.58412828,
        0.5942801,
        0.07948125,
        0.0599423
      ]
    ],
    "labels":[
      "one",
      "no_gesture"
    ],
    "leading_hand":"right",
    "leading_conf":1.0,
    "user_id":"fe71b273f5b050b21400e88649b7ab73"
  },
  "00b5f431-5da9-4684-8b22-e2ca85d299f0":{
    "bboxes":[
      [
        0.2978373,
        0.17928394,
        0.22665508,
        0.10093241
      ],
      [
        0.60588691,
        0.13590346,
        0.12314853,
        0.14053846
      ]
    ],
    "labels":[
      "no_gesture",
      "one"
    ],
    "leading_hand":"left",
    "leading_conf":0.6,
    "user_id":"3cebd0065c19a0bbfde44e4a8f5e0f7c"
  },
  "00ded35f-a1f5-4c82-9040-159b4f37ecc1":{
    "bboxes":[
      [
        0.40169025,
        0.2782353,
        0.05565098,
        0.07687365
      ],
      [
        0.60994391,
        0.56428342,
        0.03832573,
        0.06276883
      ]
    ],
    "labels":[
      "one",
      "no_gesture"
    ],
    "leading_hand":"right",
    "leading_conf":1.0,
    "user_id":"2944e3dd1d21f3917ac74a5deaebd501"
  },
  "00e09270-9854-4c81-89a3-40ddea4d9e7a":{
    "bboxes":[
      [
        0.34129493,
        0.69978792,
        0.10260289,
        0.13303308
      ],
      [
        0.6624836,
        0.30592339,
        0.09082117,
        0.13316379
      ]
    ],
    "labels":[
      "no_gesture",
      "one"
    ],
    "leading_hand":"left",
    "leading_conf":1.0,
    "user_id":"d416f50ed6f74b68bbe2b56faac9a0d4"
  },
  "00e4a9b0-56fd-43e7-b389-7e398229af9f":{
    "bboxes":[
      [
        0.43363027,
        0.25267943,
        0.02885001,
        0.08000199
      ]
    ],
    "labels":[
      "one"
    ],
    "leading_hand":"right",
    "leading_conf":1.0,
    "user_id":"d973fa90c992cd3522fed87f368df36c"
  },
  "00eaa211-c22d-4806-95a9-a466fd776262":{
    "bboxes":[
      [
        0.36111944,
        0.38236399,
        0.05707869,
        0.11499982
      ],
      [
        0.71496151,
        0.88023362,
        0.04282586,
        0.0939053
      ]
    ],
    "labels":[
      "one",
      "no_gesture"
    ],
    "leading_hand":"right",
    "leading_conf":1.0,
    "user_id":"b9dfe7c47f71adc85a50df6f932b056d"
  },
  "00ef3078-d903-4036-b822-2ccdffad11d0":{
    "bboxes":[
      [
        0.35479585,
        0.29180446,
        0.07661306,
        0.11640595
      ],
      [
        0.54996703,
        0.7202624,
        0.12291627,
        0.10763846
      ]
    ],
    "labels":[
      "one",
      "no_gesture"
    ],
    "leading_hand":"right",
    "leading_conf":1.0,
    "user_id":"efee296b69fd4dd98d75de1ec19abc77"
  },
  "00f46aea-67e3-47ec-8bb1-7db73c6e7792":{
    "bboxes":[
      [
        0.41721566,
        0.40112436,
        0.17473908,
        0.26763258
      ]
    ],
    "labels":[
      "one"
    ],
    "leading_hand":"right",
    "leading_conf":1.0,
    "user_id":"68b39e8d62283511c08fd7221788c231"
  },
  "0106a9ee-1253-420f-a2a9-5dd0ab3557f8":{
    "bboxes":[
      [
        0.07499649,
        0.3915844,
        0.14913004,
        0.22434862
      ]
    ],
    "labels":[
      "one"
    ],
    "leading_hand":"right",
    "leading_conf":1.0,
    "user_id":"cc22d787d6437fa0112a020a9d031ca1"
  },
  "01106c85-7b73-4e1e-8f9c-2cdf79a36a3b":{
    "bboxes":[
      [
        0.32672867,
        0.63083882,
        0.0714774,
        0.08433956
      ],
      [
        0.67586675,
        0.31862216,
        0.07916434,
        0.1071745
      ]
    ],
    "labels":[
      "no_gesture",
      "one"
    ],
    "leading_hand":"left",
    "leading_conf":1.0,
    "user_id":"f4d9891e0ac1282dced4d9e43008bbb1"
  },
  "0130b4b8-5294-4fa6-8b9c-eb9cf98365df":{
    "bboxes":[
      [
        0.31943138,
        0.79457938,
        0.06328898,
        0.08457329
      ],
      [
        0.58133114,
        0.41091529,
        0.05986652,
        0.08731462
      ]
    ],
    "labels":[
      "no_gesture",
      "one"
    ],
    "leading_hand":"left",
    "leading_conf":1.0,
    "user_id":"a0ddd4923524341f97711bc457de0799"
  },
  "0132333f-5e00-41a1-9aad-d75c0ad33347":{
    "bboxes":[
      [
        0.04302457,
        0.88809172,
        0.12993913,
        0.09940031
      ],
      [
        0.75516837,
        0.44300471,
        0.11521635,
        0.11155739
      ]
    ],
    "labels":[
      "no_gesture",
      "one"
    ],
    "leading_hand":"left",
    "leading_conf":1.0,
    "user_id":"0057c6b314e02ce3d5021999839d6a0e"
  },
  "014cb122-084a-4ed8-898a-9a85b2db1a18":{
    "bboxes":[
      [
        0.57365503,
        0.80649789,
        0.0476582,
        0.06329339
      ],
      [
        0.80858289,
        0.56048735,
        0.05895037,
        0.07826683
      ]
    ],
    "labels":[
      "no_gesture",
      "one"
    ],
    "leading_hand":"left",
    "leading_conf":1.0,
    "user_id":"c1ea60a8c15961c2198b1079d91b770f"
  },
  "0154fd8c-2746-4869-adef-2ab0ee8a236f":{
    "bboxes":[
      [
        0.43692739,
        0.5060155,
        0.05832149,
        0.05014531
      ],
      [
        0.73086572,
        0.67020306,
        0.06827757,
        0.05671388
      ]
    ],
    "labels":[
      "one",
      "no_gesture"
    ],
    "leading_hand":"right",
    "leading_conf":1.0,
    "user_id":"4d056e326cf31fb824f763ba50ef4d13"
  },
  "0183560c-d91c-4d32-b6a5-f70158fc4fdd":{
    "bboxes":[
      [
        0.24764905,
        0.27270692,
        0.05359079,
        0.08325304
      ],
      [
        0.39730193,
        0.51444149,
        0.06111305,
        0.05968295
      ]
    ],
    "labels":[
      "one",
      "no_gesture"
    ],
    "leading_hand":"right",
    "leading_conf":1.0,
    "user_id":"7b6b82e5f32e02a0aba636635d68b864"
  },
  "019465c4-57aa-433b-958b-9ed82ec73cd5":{
    "bboxes":[
      [
        0.1783904,
        0.37300309,
        0.15006062,
        0.24327554
      ],
      [
        0.31034394,
        0.82086932,
        0.27269988,
        0.11169075
      ]
    ],
    "labels":[
      "one",
      "no_gesture"
    ],
    "leading_hand":"right",
    "leading_conf":0.8,
    "user_id":"f88469266d9f34c7f358da94a079c76c"
  },
  "01a3298e-ecbe-42da-b31a-9b0be6eca430":{
    "bboxes":[
      [
        0.40245641,
        0.79427806,
        0.08755039,
        0.06223334
      ],
      [
        0.57001335,
        0.54332483,
        0.05536677,
        0.08925424
      ]
    ],
    "labels":[
      "no_gesture",
      "one"
    ],
    "leading_hand":"left",
    "leading_conf":1.0,
    "user_id":"9dc25e8bfeeaef93a444938120063994"
  },
  "01e58c9f-a61c-4b1c-9985-34c5fe1fd9af":{
    "bboxes":[
      [
        0.16324346,
        0.91494735,
        0.11705707,
        0.08496765
      ],
      [
        0.57600579,
        0.3386026,
        0.13323619,
        0.17859339
      ]
    ],
    "labels":[
      "no_gesture",
      "one"
    ],
    "leading_hand":"left",
    "leading_conf":1.0,
    "user_id":"1db3d7c00f3ae6fefc3695dc3d1829aa"
  },
  "01e96b28-729e-45d8-b250-0cafcedad22c":{
    "bboxes":[
      [
        0.2233466,
        0.87275039,
        0.05903098,
        0.12411818
      ],
      [
        0.52510022,
        0.17649856,
        0.06840058,
        0.16958743
      ]
    ],
    "labels":[
      "no_gesture",
      "one"
    ],
    "leading_hand":"left",
    "leading_conf":1.0,
    "user_id":"563d2128ef8d2d4d940e06b9e39543c9"
  },
  "01ec0511-cfe5-4df3-ba97-89ee03fca72c":{
    "bboxes":[
      [
        0.27028272,
        0.29343343,
        0.09840687,
        0.13623347
      ],
      [
        0.6370061,
        0.53418668,
        0.1159169,
        0.07759476
      ]
    ],
    "labels":[
      "one",
      "no_gesture"
    ],
    "leading_hand":"right",
    "leading_conf":1.0,
    "user_id":"c3a0b930d01f594f6228a6cd8ff2c132"
  },
  "0205289b-d357-4df7-8f1e-84da4f092735":{
    "bboxes":[
      [
        0.37970697,
        0.34751291,
        0.07808705,
        0.09604197
      ],
      [
        0.6897743,
        0.76576996,
        0.08037605,
        0.0910669
      ]
    ],
    "labels":[
      "one",
      "no_gesture"
    ],
    "leading_hand":"right",
    "leading_conf":1.0,
    "user_id":"8899fe418dbfb351679d42266771c32f"
  },
  "02067c70-933d-4c90-bbd9-806d6b132195":{
    "bboxes":[
      [
        0.63045858,
        0.36516438,
        0.10361119,
        0.18397223
      ]
    ],
    "labels":[
      "one"
    ],
    "leading_hand":"left",
    "leading_conf":1.0,
    "user_id":"eb0749acda00fd7fda3f6b3170fdd7da"
  },
  "021a97f7-d2a3-4f99-8e05-6d4d4777146a":{
    "bboxes":[
      [
        0.37438418,
        0.83745176,
        0.12995113,
        0.10211778
      ],
      [
        0.59726676,
        0.35837179,
        0.12015729,
        0.17076128
      ]
    ],
    "labels":[
      "no_gesture",
      "one"
    ],
    "leading_hand":"left",
    "leading_conf":1.0,
    "user_id":"560e5b128cc4b43d3b910c3510f3bfe4"
  },
  "021d48e0-f9ac-4f32-a5bf-dc3f2cf77d57":{
    "bboxes":[
      [
        0.67259091,
        0.37873362,
        0.09620539,
        0.0969413
      ]
    ],
    "labels":[
      "one"
    ],
    "leading_hand":"left",
    "leading_conf":1.0,
    "user_id":"2950834d0f171c7a2d2e4dac32d2071f"
  },
  "022b7893-4fc7-4548-9ce9-0faaefaaf3c4":{
    "bboxes":[
      [
        0.41108144,
        0.83514709,
        0.29023092,
        0.13222742
      ],
      [
        0.68915245,
        0.17228349,
        0.1321299,
        0.21608145
      ]
    ],
    "labels":[
      "no_gesture",
      "one"
    ],
    "leading_hand":"left",
    "leading_conf":1.0,
    "user_id":"29a4355060c8f2ad510e41e3b9139a63"
  },
  "022cc88b-94c5-446e-9d1a-749ff6773dfe":{
    "bboxes":[
      [
        0.40501756,
        0.70824921,
        0.03766347,
        0.05419945
      ],
      [
        0.56655078,
        0.49835796,
        0.0420897,
        0.06133787
      ]
    ],
    "labels":[
      "no_gesture",
      "one"
    ],
    "leading_hand":"left",
    "leading_conf":1.0,
    "user_id":"4f166e65fd7f8ef8929b1db43e137464"
  },
  "022fb692-c5c0-4e00-ac14-455bb4367a7b":{
    "bboxes":[
      [
        0.53999484,
        0.45261911,
        0.10875699,
        0.14371114
      ]
    ],
    "labels":[
      "one"
    ],
    "leading_hand":"left",
    "leading_conf":1.0,
    "user_id":"7a959c307e8df5caf435e16dda06fecb"
  },
  "0232cb6e-a1c5-46d2-beba-647b5de20868":{
    "bboxes":[
      [
        0.63902952,
        0.10126303,
        0.19349955,
        0.15787513
      ]
    ],
    "labels":[
      "one"
    ],
    "leading_hand":"left",
    "leading_conf":1.0,
    "user_id":"fdcb23c1b1ceaf570d4df5a0a8223280"
  },
  "024f8efc-1c45-42e0-9565-376b51f19d0c":{
    "bboxes":[
      [
        0.08879337,
        0.9171106,
        0.0948975,
        0.08229035
      ],
      [
        0.56986297,
        0.47317183,
        0.09172629,
        0.13364595
      ]
    ],
    "labels":[
      "no_gesture",
      "one"
    ],
    "leading_hand":"left",
    "leading_conf":1.0,
    "user_id":"caddecc972c5e15638238189fd0ff983"
  },
  "0269cf93-2169-4740-b876-487926270336":{
    "bboxes":[
      [
        0.03864869,
        0.85940754,
        0.13212989,
        0.13160301
      ],
      [
        0.6093338,
        0.31402241,
        0.15262232,
        0.12695558
      ]
    ],
    "labels":[
      "no_gesture",
      "one"
    ],
    "leading_hand":"left",
    "leading_conf":1.0,
    "user_id":"18c633fc6749909a5313c673d32039af"
  },
  "02786303-79a4-4cb7-aead-23fcf151cf40":{
    "bboxes":[
      [
        0.33076593,
        0.08564336,
        0.07397026,
        0.15115099
      ],
      [
        0.76671895,
        0.72220886,
        0.05877637,
        0.08057994
      ]
    ],
    "labels":[
      "one",
      "no_gesture"
    ],
    "leading_hand":"right",
    "leading_conf":1.0,
    "user_id":"4f6c8c05eebe8da51b05d9fc66f06aaa"
  },
  "027b34aa-20a1-4267-8765-08a47a46eee7":{
    "bboxes":[
      [
        0.36908506,
        0.80783117,
        0.0513173,
        0.07943446
      ],
      [
        0.63499957,
        0.49547653,
        0.05762495,
        0.08727042
      ]
    ],
    "labels":[
      "no_gesture",
      "one"
    ],
    "leading_hand":"left",
    "leading_conf":1.0,
    "user_id":"ad7e3e066b436fdf6dd0428ed964cd04"
  },
  "027be762-043a-4c55-af0c-647d0b93eaac":{
    "bboxes":[
      [
        0.28179902,
        0.22196059,
        0.10643782,
        0.13221788
      ],
      [
        0.68948161,
        0.64396719,
        0.09164661,
        0.10975761
      ]
    ],
    "labels":[
      "one",
      "no_gesture"
    ],
    "leading_hand":"right",
    "leading_conf":1.0,
    "user_id":"a3bdc52a487dc6aa89850f5209be4fb1"
  },
  "0288a78e-21b0-42f0-8217-b2e38323f83d":{
    "bboxes":[
      [
        0.53143511,
        0.83199258,
        0.19509853,
        0.09690504
      ],
      [
        0.73512763,
        0.36575133,
        0.13514557,
        0.16399236
      ]
    ],
    "labels":[
      "no_gesture",
      "one"
    ],
    "leading_hand":"left",
    "leading_conf":1.0,
    "user_id":"d94ece92ab3edf936a78204f7785a959"
  },
  "02972dc0-ecaf-4c91-88be-7fa2ea81a461":{
    "bboxes":[
      [
        0.38866327,
        0.65273741,
        0.04008076,
        0.0564882
      ],
      [
        0.58711858,
        0.38469484,
        0.04201101,
        0.06566904
      ]
    ],
    "labels":[
      "no_gesture",
      "one"
    ],
    "leading_hand":"left",
    "leading_conf":1.0,
    "user_id":"a07b23e0d96baa07d950e2a8a4a22392"
  },
  "0299033d-35fe-457d-8804-771b1f71fe26":{
    "bboxes":[
      [
        0.27363244,
        0.42814956,
        0.11402793,
        0.12115502
      ],
      [
        0.74470304,
        0.81569278,
        0.09243708,
        0.10549957
      ]
    ],
    "labels":[
      "one",
      "no_gesture"
    ],
    "leading_hand":"right",
    "leading_conf":1.0,
    "user_id":"54fdee731038d909a6eba724f6bec65c"
  },
  "02be3f4a-af89-4bc9-ac69-fc65c45ae34d":{
    "bboxes":[
      [
        0.21850473,
        0.39151775,
        0.14254008,
        0.12234381
      ],
      [
        0.84624254,
        0.74071398,
        0.12541737,
        0.10446039
      ]
    ],
    "labels":[
      "one",
      "no_gesture"
    ],
    "leading_hand":"right",
    "leading_conf":1.0,
    "user_id":"de8f0eb6197c5af5dec20d6b9e621cb9"
  },
  "02d56d52-b7a1-41b2-b182-fe8c285b946c":{
    "bboxes":[
      [
        0.29596076,
        0.56310156,
        0.06005763,
        0.09498039
      ],
      [
        0.67271635,
        0.93735922,
        0.05770427,
        0.05492916
      ]
    ],
    "labels":[
      "one",
      "no_gesture"
    ],
    "leading_hand":"right",
    "leading_conf":1.0,
    "user_id":"5117c7878b6158b0f5086bcc27ee2fc8"
  },
  "02e04033-7e66-4664-a91f-257687650c21":{
    "bboxes":[
      [
        0.64826811,
        0.25721528,
        0.12449629,
        0.16091463
      ]
    ],
    "labels":[
      "one"
    ],
    "leading_hand":"left",
    "leading_conf":1.0,
    "user_id":"47656831fb3b7c04ad66fef3fea58086"
  },
  "02f44a51-5ef9-4c9b-8c8a-bd2bac996f62":{
    "bboxes":[
      [
        0.15546505,
        0.73390165,
        0.07919591,
        0.0939948
      ],
      [
        0.60440439,
        0.29251173,
        0.08522462,
        0.127487
      ]
    ],
    "labels":[
      "no_gesture",
      "one"
    ],
    "leading_hand":"left",
    "leading_conf":1.0,
    "user_id":"3ec9ed4234002df51383537178d88332"
  },
  "030463ad-f7de-419b-bab9-3ab965150afd":{
    "bboxes":[
      [
        0.23564221,
        0.80690303,
        0.23564069,
        0.17579424
      ],
      [
        0.65885305,
        0.26870209,
        0.13472015,
        0.18602735
      ]
    ],
    "labels":[
      "no_gesture",
      "one"
    ],
    "leading_hand":"left",
    "leading_conf":1.0,
    "user_id":"580436d5530995cf7da7c0e11a751ae9"
  },
  "0324564e-73dd-4b38-897d-cd8a5dd01966":{
    "bboxes":[
      [
        0.2058971,
        0.27150633,
        0.12374178,
        0.15603744
      ],
      [
        0.72581471,
        0.73240298,
        0.08947578,
        0.0949615
      ]
    ],
    "labels":[
      "one",
      "no_gesture"
    ],
    "leading_hand":"right",
    "leading_conf":1.0,
    "user_id":"f8f192c6d05a19a2f74c21e343a8b6a2"
  },
  "0329ac1d-2e56-4759-bc0e-1711b6946e30":{
    "bboxes":[
      [
        0.39314371,
        0.34423827,
        0.05760426,
        0.08470114
      ],
      [
        0.53916538,
        0.59166465,
        0.06982729,
        0.08439672
      ]
    ],
    "labels":[
      "one",
      "no_gesture"
    ],
    "leading_hand":"right",
    "leading_conf":1.0,
    "user_id":"d44f99559fee3a748525d53cf9ac3626"
  },
  "033e8fa8-d6d2-4151-ae06-679266a4569a":{
    "bboxes":[
      [
        0.15271304,
        0.22915754,
        0.18750592,
        0.27449266
      ]
    ],
    "labels":[
      "one"
    ],
    "leading_hand":"right",
    "leading_conf":1.0,
    "user_id":"3a2903343059ca62540b98d8fb0e33c1"
  },
  "03426427-89cf-4023-a1f0-e630176cfec7":{
    "bboxes":[
      [
        0.15050722,
        0.42602522,
        0.11293477,
        0.1584419
      ]
    ],
    "labels":[
      "one"
    ],
    "leading_hand":"right",
    "leading_conf":1.0,
    "user_id":"102d7dc416eca13961311ddbab238d9c"
  },
  "03487280-224f-490d-8e36-6c5f48e3d7a0":{
    "bboxes":[
      [
        0.0283366,
        0.8686061,
        0.07570008,
        0.11498202
      ],
      [
        0.68243195,
        0.2661254,
        0.1086447,
        0.1481245
      ]
    ],
    "labels":[
      "no_gesture",
      "one"
    ],
    "leading_hand":"left",
    "leading_conf":1.0,
    "user_id":"9688e3f54709dedcba9206b5efb64cc0"
  },
  "0363455a-1006-42a7-8956-948c68615f7e":{
    "bboxes":[
      [
        0.16349258,
        0.30957478,
        0.18322981,
        0.261349
      ]
    ],
    "labels":[
      "one"
    ],
    "leading_hand":"right",
    "leading_conf":1.0,
    "user_id":"0233035be4c6e60b7536c6aac44ecf36"
  },
  "0375b687-5472-4a01-b910-1b416e648cb5":{
    "bboxes":[
      [
        0.62027486,
        0.35578837,
        0.14192691,
        0.19101171
      ]
    ],
    "labels":[
      "one"
    ],
    "leading_hand":"left",
    "leading_conf":1.0,
    "user_id":"5000f3ea20e5a86943a72ecd63d729a0"
  },
  "039b6543-0949-4199-b5c1-5f8546cebbbb":{
    "bboxes":[
      [
        0.48204751,
        0.3877753,
        0.0637021,
        0.09632152
      ],
      [
        0.74631199,
        0.69583278,
        0.06560889,
        0.07697331
      ]
    ],
    "labels":[
      "one",
      "no_gesture"
    ],
    "leading_hand":"right",
    "leading_conf":1.0,
    "user_id":"640482580bf52ba8a5e6707717d0c110"
  },
  "03a791b0-c9fa-4516-a4af-a366dadf1020":{
    "bboxes":[
      [
        0.23610307,
        0.2415698,
        0.08684147,
        0.11215319
      ],
      [
        0.65986898,
        0.64551204,
        0.06368074,
        0.09212595
      ]
    ],
    "labels":[
      "one",
      "no_gesture"
    ],
    "leading_hand":"right",
    "leading_conf":1.0,
    "user_id":"f5ded7d1ad1498fc4c39122c8efd8410"
  },
  "03b9050c-61ed-48b7-93ec-f5cb1eb0405e":{
    "bboxes":[
      [
        0.34009185,
        0.39344548,
        0.06406872,
        0.15023044
      ],
      [
        0.67111316,
        0.9185915,
        0.0541832,
        0.08051136
      ]
    ],
    "labels":[
      "one",
      "no_gesture"
    ],
    "leading_hand":"right",
    "leading_conf":1.0,
    "user_id":"bac0b4a5973b2863121d8f6e7fb92601"
  },
  "03e6bddc-ef68-43be-a41c-57432c47da81":{
    "bboxes":[
      [
        0.69305183,
        0.11504525,
        0.11779577,
        0.30713166
      ]
    ],
    "labels":[
      "one"
    ],
    "leading_hand":"left",
    "leading_conf":1.0,
    "user_id":"866c82ffff20086d2c0b01f0d78e421a"
  },
  "03ecc37c-d5f0-485e-a929-98f38588a0fa":{
    "bboxes":[
      [
        0.20242652,
        0.33638871,
        0.10980157,
        0.12536797
      ]
    ],
    "labels":[
      "one"
    ],
    "leading_hand":"right",
    "leading_conf":1.0,
    "user_id":"cd230563b6404595ce979e49b3bbeb98"
  },
  "0416b050-a814-454b-959a-504294795636":{
    "bboxes":[
      [
        0.38956657,
        0.85889778,
        0.17379764,
        0.07273916
      ],
      [
        0.65095947,
        0.37957286,
        0.09760127,
        0.1379812
      ]
    ],
    "labels":[
      "no_gesture",
      "one"
    ],
    "leading_hand":"left",
    "leading_conf":1.0,
    "user_id":"d629649959ff67e4f067bec50b3cc8b1"
  },
  "04303733-406d-48b0-819a-5ac1c53391f1":{
    "bboxes":[
      [
        0.21629128,
        0.92608904,
        0.09660741,
        0.07227239
      ],
      [
        0.61384899,
        0.41475821,
        0.09187171,
        0.12763324
      ]
    ],
    "labels":[
      "no_gesture",
      "one"
    ],
    "leading_hand":"left",
    "leading_conf":1.0,
    "user_id":"eccbb7406e7765e5e466248e15b17ff7"
  },
  "043496c9-bd5e-4f70-a0c6-cf4305448f60":{
    "bboxes":[
      [
        0.2662612,
        0.69979171,
        0.06982051,
        0.08286229
      ],
      [
        0.63284369,
        0.30965661,
        0.08652836,
        0.11631158
      ]
    ],
    "labels":[
      "no_gesture",
      "one"
    ],
    "leading_hand":"left",
    "leading_conf":1.0,
    "user_id":"ae39d635b74d1de7f2657ec4e8279d87"
  },
  "0449bb10-6f60-419a-8e18-5680d5cf6dab":{
    "bboxes":[
      [
        0.31380543,
        0.76945729,
        0.07175618,
        0.09409214
      ],
      [
        0.58205567,
        0.40858684,
        0.06968936,
        0.09044949
      ]
    ],
    "labels":[
      "no_gesture",
      "one"
    ],
    "leading_hand":"left",
    "leading_conf":1.0,
    "user_id":"ee56cf5c8a1a113bd32e6dd28f2806b4"
  },
  "045680c3-eb25-447b-95c7-ccc6fcf126d3":{
    "bboxes":[
      [
        0.61183772,
        0.14781192,
        0.05064779,
        0.12369254
      ]
    ],
    "labels":[
      "one"
    ],
    "leading_hand":"left",
    "leading_conf":1.0,
    "user_id":"87127e24736f051a17b240e0e2001c96"
  },
  "046f0c35-3bc0-455f-8abb-9eab14ad48fb":{
    "bboxes":[
      [
        0.30159715,
        0.36948923,
        0.06930985,
        0.10352326
      ],
      [
        0.58927577,
        0.77307363,
        0.07625442,
        0.09326215
      ]
    ],
    "labels":[
      "one",
      "no_gesture"
    ],
    "leading_hand":"right",
    "leading_conf":1.0,
    "user_id":"94c110e352b63046e6f3d119c4d4f78a"
  },
  "04a5fb87-8a7b-47b7-8d2e-7efd17972a60":{
    "bboxes":[
      [
        0.56547634,
        0.34917341,
        0.08293286,
        0.08184407
      ]
    ],
    "labels":[
      "one"
    ],
    "leading_hand":"left",
    "leading_conf":1.0,
    "user_id":"7a213a620e0dd8519d0839236b28d03a"
  },
  "04d1627f-4a6e-4413-b1a9-af154306d801":{
    "bboxes":[
      [
        0.06684212,
        0.23664304,
        0.16620785,
        0.16489752
      ],
      [
        0.76912698,
        0.74942642,
        0.17924082,
        0.15907148
      ]
    ],
    "labels":[
      "one",
      "no_gesture"
    ],
    "leading_hand":"right",
    "leading_conf":1.0,
    "user_id":"e6787e0a223e7e23a97f8c32315e5601"
  },
  "04dbbddf-81bb-4ed4-b53b-156455bef4c8":{
    "bboxes":[
      [
        0.13698502,
        0.28946966,
        0.16422969,
        0.22288802
      ],
      [
        0.8218233,
        0.82359121,
        0.1709067,
        0.17586566
      ]
    ],
    "labels":[
      "one",
      "no_gesture"
    ],
    "leading_hand":"right",
    "leading_conf":1.0,
    "user_id":"1ebab07596c6647479460a8c9a1b490f"
  },
  "05132ee6-3bba-4419-978f-c16b988665e4":{
    "bboxes":[
      [
        0.26788634,
        0.9069329,
        0.16259804,
        0.09218996
      ],
      [
        0.64295348,
        0.49688814,
        0.07619128,
        0.1109465
      ]
    ],
    "labels":[
      "no_gesture",
      "one"
    ],
    "leading_hand":"left",
    "leading_conf":1.0,
    "user_id":"2d08cb8917d0e417301d647c60625a39"
  },
  "0534147c-4548-4ab4-9a8c-f297b43e8ffb":{
    "bboxes":[
      [
        0.38038597,
        0.74085361,
        0.08349486,
        0.09142549
      ],
      [
        0.67322755,
        0.37933984,
        0.06350809,
        0.09187757
      ]
    ],
    "labels":[
      "no_gesture",
      "one"
    ],
    "leading_hand":"left",
    "leading_conf":1.0,
    "user_id":"a26bd7c643ebfcdf24eb0b21d49b433a"
  },
  "053f0f9d-593b-44b0-a3e0-46c2761cee72":{
    "bboxes":[
      [
        0.80218876,
        0.04772757,
        0.15320056,
        0.39282279
      ]
    ],
    "labels":[
      "one"
    ],
    "leading_hand":"left",
    "leading_conf":1.0,
    "user_id":"6703036b745a34776ee3a61e5c252bc9"
  },
  "056929fc-a948-493b-bc8a-5cb8f25b0b98":{
    "bboxes":[
      [
        0.25069128,
        0.65654187,
        0.11783943,
        0.10694689
      ],
      [
        0.70151322,
        0.11592672,
        0.12884536,
        0.17903848
      ]
    ],
    "labels":[
      "no_gesture",
      "one"
    ],
    "leading_hand":"left",
    "leading_conf":1.0,
    "user_id":"33afb58cf87d5edac211d1729a07c234"
  },
  "0571117f-1046-4945-a359-e42b75511f3b":{
    "bboxes":[
      [
        0.46617761,
        0.26827443,
        0.05712045,
        0.1426775
      ]
    ],
    "labels":[
      "one"
    ],
    "leading_hand":"left",
    "leading_conf":1.0,
    "user_id":"563d2128ef8d2d4d940e06b9e39543c9"
  },
  "0584402c-666f-432e-bbd3-97b3d1ee53a9":{
    "bboxes":[
      [
        0.25693759,
        0.24314194,
        0.06885263,
        0.13748468
      ],
      [
        0.55374894,
        0.86480875,
        0.06153018,
        0.13426584
      ]
    ],
    "labels":[
      "one",
      "no_gesture"
    ],
    "leading_hand":"right",
    "leading_conf":1.0,
    "user_id":"9c3882b401b157967c060dee5cdf6bb2"
  },
  "0589e3df-82b5-49ba-8433-8fa06f22568c":{
    "bboxes":[
      [
        0.36844511,
        0.58500495,
        0.05124797,
        0.07116319
      ],
      [
        0.65156522,
        0.84253998,
        0.04703526,
        0.07496025
      ]
    ],
    "labels":[
      "one",
      "no_gesture"
    ],
    "leading_hand":"right",
    "leading_conf":1.0,
    "user_id":"773a4d8be3ba16698ea285e0ca41d11a"
  },
  "058e5a87-19c7-4dbc-8408-8d2051c844f1":{
    "bboxes":[
      [
        0.14550128,
        0.90876814,
        0.10010734,
        0.08295019
      ],
      [
        0.58562887,
        0.46328855,
        0.09558716,
        0.13542656
      ]
    ],
    "labels":[
      "no_gesture",
      "one"
    ],
    "leading_hand":"left",
    "leading_conf":1.0,
    "user_id":"b991dc82e73e8aadc04c1350f1a1cdbf"
  },
  "0592faa9-850e-4da8-855f-3c6d7547f9bb":{
    "bboxes":[
      [
        0.55107656,
        0.47738997,
        0.05960124,
        0.04671268
      ]
    ],
    "labels":[
      "one"
    ],
    "leading_hand":"left",
    "leading_conf":1.0,
    "user_id":"2cf2108ffc0375cf4c4a8434c3f22d89"
  },
  "059d6174-f7e9-4549-93ca-49e9c079f0bc":{
    "bboxes":[
      [
        0.43040367,
        0.9114291,
        0.08486194,
        0.08615263
      ],
      [
        0.68669111,
        0.30782096,
        0.05737417,
        0.1668155
      ]
    ],
    "labels":[
      "no_gesture",
      "one"
    ],
    "leading_hand":"left",
    "leading_conf":1.0,
    "user_id":"f30207916adddd17c515b844d288cd7d"
  },
  "05b9f9ab-6a12-4450-8cb5-7be7b2f22fd1":{
    "bboxes":[
      [
        0.42191423,
        0.57764622,
        0.04993051,
        0.06573528
      ],
      [
        0.61013998,
        0.80489204,
        0.06300387,
        0.05981991
      ]
    ],
    "labels":[
      "one",
      "no_gesture"
    ],
    "leading_hand":"right",
    "leading_conf":1.0,
    "user_id":"f4d9891e0ac1282dced4d9e43008bbb1"
  },
  "05c31e87-9ee7-4e46-b586-109e8abea042":{
    "bboxes":[
      [
        0.2495763,
        0.2474849,
        0.09913243,
        0.14089526
      ],
      [
        0.64930771,
        0.79499655,
        0.11871251,
        0.15703151
      ]
    ],
    "labels":[
      "one",
      "no_gesture"
    ],
    "leading_hand":"right",
    "leading_conf":1.0,
    "user_id":"578f5bd535169095f897881984d14944"
  },
  "05c87ec4-e35b-494f-a13e-cdd4b4e001af":{
    "bboxes":[
      [
        0.19630981,
        0.18658777,
        0.14001548,
        0.18902419
      ],
      [
        0.8657333,
        0.76765599,
        0.12590956,
        0.18369614
      ]
    ],
    "labels":[
      "one",
      "no_gesture"
    ],
    "leading_hand":"right",
    "leading_conf":1.0,
    "user_id":"d3d8efd64cade60b7055fde26a01c213"
  },
  "05cfda73-5107-4eb9-b280-ed5aed1a8816":{
    "bboxes":[
      [
        0.17893507,
        0.89916045,
        0.17812589,
        0.0749017
      ],
      [
        0.62765153,
        0.51686859,
        0.10890342,
        0.10854527
      ]
    ],
    "labels":[
      "no_gesture",
      "one"
    ],
    "leading_hand":"left",
    "leading_conf":1.0,
    "user_id":"f30207916adddd17c515b844d288cd7d"
  },
  "05ddc9f6-4db0-48e1-b9a5-128db049c756":{
    "bboxes":[
      [
        0.38315202,
        0.28948519,
        0.04786843,
        0.17691159
      ],
      [
        0.56306417,
        0.86240884,
        0.04184795,
        0.1244934
      ]
    ],
    "labels":[
      "one",
      "no_gesture"
    ],
    "leading_hand":"right",
    "leading_conf":1.0,
    "user_id":"6852e380b15991a353297c3871d2103a"
  },
  "05e10df9-1866-4d34-8589-5e9df00e0440":{
    "bboxes":[
      [
        0.31738057,
        0.87496504,
        0.03882805,
        0.08014827
      ],
      [
        0.52637057,
        0.54299338,
        0.05680732,
        0.08032921
      ]
    ],
    "labels":[
      "no_gesture",
      "one"
    ],
    "leading_hand":"left",
    "leading_conf":1.0,
    "user_id":"d80435a2ffcaf588285ed8ac3f86b30e"
  },
  "05e27028-c226-4557-8f10-4478a63f3fd7":{
    "bboxes":[
      [
        0.30164718,
        0.86623978,
        0.06146767,
        0.11618812
      ],
      [
        0.71427297,
        0.36495157,
        0.08435416,
        0.13345107
      ]
    ],
    "labels":[
      "no_gesture",
      "one"
    ],
    "leading_hand":"left",
    "leading_conf":1.0,
    "user_id":"36baf6626e2ebdb78c5165ba0f5775cc"
  },
  "05e91df2-3965-40a3-9bb2-cfbd016d38cf":{
    "bboxes":[
      [
        0.25153371,
        0.40395871,
        0.09775148,
        0.12775761
      ],
      [
        0.62316085,
        0.84509377,
        0.08249934,
        0.10508921
      ]
    ],
    "labels":[
      "one",
      "no_gesture"
    ],
    "leading_hand":"right",
    "leading_conf":1.0,
    "user_id":"bcad3a4c6fb16e043d83ef97037f09a8"
  },
  "05e9ae91-f11e-4de3-b450-8ddd2cc586ab":{
    "bboxes":[
      [
        0.60837127,
        0.13381467,
        0.13218032,
        0.35760283
      ]
    ],
    "labels":[
      "one"
    ],
    "leading_hand":"left",
    "leading_conf":1.0,
    "user_id":"cef6299b555964f60f7a7b57b0042402"
  },
  "06021754-9f26-4054-b998-e5156caf48fd":{
    "bboxes":[
      [
        0.13905437,
        0.77018027,
        0.09286206,
        0.13852893
      ],
      [
        0.56734884,
        0.32044177,
        0.09798203,
        0.13641884
      ]
    ],
    "labels":[
      "no_gesture",
      "one"
    ],
    "leading_hand":"left",
    "leading_conf":1.0,
    "user_id":"034807f03e112e37a41c52781feaedd0"
  },
  "06093401-fce2-4434-9603-1261612f01d2":{
    "bboxes":[
      [
        0.36365704,
        0.90468252,
        0.03881317,
        0.06211199
      ],
      [
        0.5888497,
        0.61102487,
        0.04299242,
        0.06806095
      ]
    ],
    "labels":[
      "no_gesture",
      "one"
    ],
    "leading_hand":"left",
    "leading_conf":1.0,
    "user_id":"d80435a2ffcaf588285ed8ac3f86b30e"
  },
  "060db724-4fe1-44e4-a916-297c1e256748":{
    "bboxes":[
      [
        0.27090394,
        0.37868027,
        0.10679608,
        0.17829037
      ]
    ],
    "labels":[
      "one"
    ],
    "leading_hand":"right",
    "leading_conf":1.0,
    "user_id":"d85f88af8815a3387e891f2ce5726df5"
  },
  "0613b24b-46c3-445b-a11a-839797a2ad77":{
    "bboxes":[
      [
        0.06273916,
        0.89718266,
        0.24370337,
        0.09904302
      ],
      [
        0.69424165,
        0.33474435,
        0.13362373,
        0.17607624
      ]
    ],
    "labels":[
      "no_gesture",
      "one"
    ],
    "leading_hand":"left",
    "leading_conf":1.0,
    "user_id":"0f306c1bf6e652d017fe076ee9300c65"
  },
  "061a231c-ea7d-43c0-b712-d4a86c30698e":{
    "bboxes":[
      [
        0.23113385,
        0.13046859,
        0.11742101,
        0.17455451
      ],
      [
        0.78561796,
        0.73969846,
        0.11897854,
        0.14510449
      ]
    ],
    "labels":[
      "one",
      "no_gesture"
    ],
    "leading_hand":"right",
    "leading_conf":1.0,
    "user_id":"24ee9c32db5c5f7033cc49bcf5dd7d08"
  },
  "0695699e-c579-4dc1-8c4d-e69f20788cc0":{
    "bboxes":[
      [
        0.37684017,
        0.25190425,
        0.05884039,
        0.0932702
      ],
      [
        0.61024902,
        0.55064174,
        0.05167379,
        0.07222968
      ]
    ],
    "labels":[
      "one",
      "no_gesture"
    ],
    "leading_hand":"right",
    "leading_conf":1.0,
    "user_id":"6df97b179ba30025dd9e07c20057e674"
  },
  "069f3043-acac-464e-8f29-7a5490421081":{
    "bboxes":[
      [
        0.31393079,
        0.25148394,
        0.1133822,
        0.14336823
      ],
      [
        0.89076969,
        0.69278783,
        0.08618313,
        0.11185924
      ]
    ],
    "labels":[
      "one",
      "no_gesture"
    ],
    "leading_hand":"right",
    "leading_conf":1.0,
    "user_id":"04cbaaf34a580a43447c2ae39458c674"
  },
  "06ae30f8-f09b-4b09-83da-546d0bbef692":{
    "bboxes":[
      [
        0.30859672,
        0.2310165,
        0.0862302,
        0.08264002
      ],
      [
        0.76500079,
        0.5390854,
        0.07876371,
        0.07403836
      ]
    ],
    "labels":[
      "one",
      "no_gesture"
    ],
    "leading_hand":"right",
    "leading_conf":1.0,
    "user_id":"9128615283cac4e060fbd9065a0ca5c9"
  },
  "06c278d4-3672-4664-bae6-4120cb5c85de":{
    "bboxes":[
      [
        0.14703514,
        0.81003494,
        0.17081964,
        0.06474453
      ],
      [
        0.70435015,
        0.45230924,
        0.11232812,
        0.10805979
      ]
    ],
    "labels":[
      "no_gesture",
      "one"
    ],
    "leading_hand":"left",
    "leading_conf":1.0,
    "user_id":"61863450e2dd81f4885cbdc233cde151"
  },
  "06c3748b-f659-479e-b3e7-0bdf768c023e":{
    "bboxes":[
      [
        0.23374701,
        0.0980572,
        0.11693495,
        0.17045604
      ],
      [
        0.76492848,
        0.5726039,
        0.06991966,
        0.16040644
      ]
    ],
    "labels":[
      "one",
      "no_gesture"
    ],
    "leading_hand":"right",
    "leading_conf":1.0,
    "user_id":"30486ef66e5a6e7444c34f11550e92c5"
  },
  "06c4a780-0790-4197-96cd-dde6147fba3c":{
    "bboxes":[
      [
        0.24226268,
        0.27164468,
        0.07267423,
        0.11922035
      ],
      [
        0.40850949,
        0.62290305,
        0.08389455,
        0.07376878
      ]
    ],
    "labels":[
      "one",
      "no_gesture"
    ],
    "leading_hand":"right",
    "leading_conf":1.0,
    "user_id":"cf3fe5950b43eed3debc24220a386348"
  },
  "06e06fa1-52b1-4343-b3af-3fb23e43fc11":{
    "bboxes":[
      [
        0.22691854,
        0.31753689,
        0.09370272,
        0.11564958
      ],
      [
        0.62135961,
        0.72082899,
        0.08579532,
        0.13481638
      ]
    ],
    "labels":[
      "one",
      "no_gesture"
    ],
    "leading_hand":"right",
    "leading_conf":0.8,
    "user_id":"a1c5f1812569ed9490475d744a677578"
  },
  "06edf85f-4f9f-48e6-9c8d-05d12eb3df28":{
    "bboxes":[
      [
        0.18106414,
        0.26816951,
        0.12737701,
        0.17275863
      ],
      [
        0.4468242,
        0.39018364,
        0.15684151,
        0.12534781
      ]
    ],
    "labels":[
      "one",
      "no_gesture"
    ],
    "leading_hand":"right",
    "leading_conf":1.0,
    "user_id":"f5a9008aca033f3f5b57491a10656693"
  },
  "06f0e6d0-6039-4a93-9005-3acd1a19a489":{
    "bboxes":[
      [
        0.26128686,
        0.88597245,
        0.08149001,
        0.10080597
      ],
      [
        0.68392375,
        0.32916949,
        0.12494951,
        0.13159088
      ]
    ],
    "labels":[
      "no_gesture",
      "one"
    ],
    "leading_hand":"left",
    "leading_conf":1.0,
    "user_id":"a61c1c8c195a135fbd2ac34e3c957d07"
  },
  "07059b1d-bf39-4298-b5bb-d2d38f41da60":{
    "bboxes":[
      [
        0.23882845,
        0.25381407,
        0.10133899,
        0.13939625
      ]
    ],
    "labels":[
      "one"
    ],
    "leading_hand":"right",
    "leading_conf":1.0,
    "user_id":"045463ee76446b1b000c0aa06718984f"
  }
}