{
  "00255531-cffe-4682-82da-47438a0e6fb4":{
    "bboxes":[
      [
        0.4818903,
        0.72857142,
        0.05622454,
        0.0523392
      ],
      [
        0.6319645,
        0.50141545,
        0.09697599,
        0.07029632
      ]
    ],
    "labels":[
      "no_gesture",
      "palm"
    ],
    "leading_hand":"left",
    "leading_conf":1.0,
    "user_id":"542e907e3e208a16c9e199d45ab9ae04"
  },
  "00453bde-c1ad-48ff-bad2-2141480dbcdc":{
    "bboxes":[
      [
        0.28236739,
        0.17570206,
        0.21128158,
        0.18041136
      ],
      [
        0.50747672,
        0.61075935,
        0.15925997,
        0.09654546
      ]
    ],
    "labels":[
      "palm",
      "no_gesture"
    ],
    "leading_hand":"right",
    "leading_conf":1.0,
    "user_id":"828946187e1dfd1e4b2b6d4b3b567d28"
  },
  "0055c134-c63e-48af-b783-cbb7e50d5925":{
    "bboxes":[
      [
        0.3121809,
        0.103207,
        0.14617642,
        0.12294465
      ],
      [
        0.72193256,
        0.51841276,
        0.06800487,
        0.0767783
      ]
    ],
    "labels":[
      "palm",
      "no_gesture"
    ],
    "leading_hand":"right",
    "leading_conf":1.0,
    "user_id":"7338b920c7d780d6676040937ed20fd1"
  },
  "00642ef7-5555-4c53-ac69-67f3e36cdd04":{
    "bboxes":[
      [
        0.30458147,
        0.28390929,
        0.17754643,
        0.12890326
      ],
      [
        0.79470584,
        0.73943227,
        0.11288097,
        0.09660596
      ]
    ],
    "labels":[
      "palm",
      "no_gesture"
    ],
    "leading_hand":"right",
    "leading_conf":1.0,
    "user_id":"a1a87122db0d24da910e1a9bae4ad5e1"
  },
  "008591c4-38fc-4986-90fe-c947da247f0e":{
    "bboxes":[
      [
        0.31952863,
        0.42734764,
        0.11328453,
        0.10157109
      ],
      [
        0.45545247,
        0.2988441,
        0.10543085,
        0.08010344
      ]
    ],
    "labels":[
      "no_gesture",
      "palm"
    ],
    "leading_hand":"left",
    "leading_conf":1.0,
    "user_id":"a799d8668e34d44e6713943d6af8c833"
  },
  "00861c9c-1990-4a35-b4d0-f7c3f0480590":{
    "bboxes":[
      [
        0.18036603,
        0.36260938,
        0.15936015,
        0.15200496
      ],
      [
        0.68592714,
        0.90818701,
        0.09675164,
        0.0905396
      ]
    ],
    "labels":[
      "palm",
      "no_gesture"
    ],
    "leading_hand":"right",
    "leading_conf":1.0,
    "user_id":"6acc345a2574df7dd7017e48a8c4599a"
  },
  "00c6b2cb-d179-40f0-b898-dd22b75779b6":{
    "bboxes":[
      [
        0.56454381,
        0.37110814,
        0.04352919,
        0.10059558
      ],
      [
        0.65233954,
        0.68674358,
        0.03156349,
        0.0655077
      ]
    ],
    "labels":[
      "palm",
      "no_gesture"
    ],
    "leading_hand":"right",
    "leading_conf":1.0,
    "user_id":"a25b6a242305b7574a980f8bf9d8ccbe"
  },
  "00cd61bd-7697-44a0-9841-f95988314173":{
    "bboxes":[
      [
        0.05075612,
        0.26621882,
        0.28849275,
        0.2774483
      ]
    ],
    "labels":[
      "palm"
    ],
    "leading_hand":"right",
    "leading_conf":1.0,
    "user_id":"9b3ad785aea8940a4e0333d3964cef28"
  },
  "00dee6a0-a258-4b06-bc82-2c96a4070487":{
    "bboxes":[
      [
        0.06534798,
        0.71728167,
        0.08485666,
        0.11274753
      ],
      [
        0.52683967,
        0.35968012,
        0.15975356,
        0.13926078
      ]
    ],
    "labels":[
      "no_gesture",
      "palm"
    ],
    "leading_hand":"left",
    "leading_conf":1.0,
    "user_id":"28ea7d32ea0de967244ad7fa339be83c"
  },
  "00ee912b-b59e-49cb-bf1a-05772b493ae9":{
    "bboxes":[
      [
        0.48207103,
        0.92893877,
        0.05151681,
        0.05699117
      ],
      [
        0.57990977,
        0.47066202,
        0.08096707,
        0.11914252
      ]
    ],
    "labels":[
      "no_gesture",
      "palm"
    ],
    "leading_hand":"left",
    "leading_conf":1.0,
    "user_id":"a0ddd4923524341f97711bc457de0799"
  },
  "012d8a6b-8c04-4b15-8d73-04242de0ae92":{
    "bboxes":[
      [
        0.36627041,
        0.14970725,
        0.18510145,
        0.14162194
      ]
    ],
    "labels":[
      "palm"
    ],
    "leading_hand":"right",
    "leading_conf":1.0,
    "user_id":"405671e91199502c27618209fb22aa30"
  },
  "0131a5c7-17a4-4d07-965d-2cba66e90ec8":{
    "bboxes":[
      [
        0.1155299,
        0.32325384,
        0.24672161,
        0.17607331
      ],
      [
        0.69161551,
        0.5616286,
        0.12572289,
        0.08073598
      ]
    ],
    "labels":[
      "palm",
      "no_gesture"
    ],
    "leading_hand":"right",
    "leading_conf":1.0,
    "user_id":"6aeb938c67c9bdd80458e49e658a579d"
  },
  "0146e291-1d75-4711-82cc-57bd76fd4a94":{
    "bboxes":[
      [
        0.41651545,
        0.24069144,
        0.23622063,
        0.18321063
      ],
      [
        0.65586485,
        0.6682526,
        0.17046495,
        0.16694641
      ]
    ],
    "labels":[
      "palm",
      "no_gesture"
    ],
    "leading_hand":"right",
    "leading_conf":1.0,
    "user_id":"e396ce21717fd149439710f2a4bd680c"
  },
  "014b8a0a-cc1a-471c-a57f-aec9c95a0f6e":{
    "bboxes":[
      [
        0.14900001,
        0.88959706,
        0.07153771,
        0.09953498
      ],
      [
        0.50604595,
        0.51139796,
        0.14857428,
        0.10094881
      ]
    ],
    "labels":[
      "no_gesture",
      "palm"
    ],
    "leading_hand":"left",
    "leading_conf":1.0,
    "user_id":"60139a7e18ba04772420b4d5099a98e8"
  },
  "014f9c09-e211-4d2f-99eb-ff7162562e9f":{
    "bboxes":[
      [
        0.26478567,
        0.31632929,
        0.15080413,
        0.12589353
      ],
      [
        0.48205273,
        0.37161755,
        0.12603045,
        0.12329507
      ]
    ],
    "labels":[
      "palm",
      "no_gesture"
    ],
    "leading_hand":"right",
    "leading_conf":0.8,
    "user_id":"463677a18f67cab6c8a75c491b5b99fc"
  },
  "01538d30-6da2-4168-9118-178c053aaa53":{
    "bboxes":[
      [
        0.05436578,
        0.32886351,
        0.26672259,
        0.19740906
      ],
      [
        0.20228045,
        0.79618578,
        0.27817181,
        0.20306422
      ]
    ],
    "labels":[
      "palm",
      "no_gesture"
    ],
    "leading_hand":"right",
    "leading_conf":1.0,
    "user_id":"f2a690f4ed27e1c8d2f765ffb9d91a36"
  },
  "01b85749-2b31-42a0-85e4-f1c273857242":{
    "bboxes":[
      [
        0.38735151,
        0.67346332,
        0.05810322,
        0.09872237
      ],
      [
        0.67082035,
        0.22937966,
        0.15368756,
        0.12493507
      ]
    ],
    "labels":[
      "no_gesture",
      "palm"
    ],
    "leading_hand":"left",
    "leading_conf":1.0,
    "user_id":"36baf6626e2ebdb78c5165ba0f5775cc"
  },
  "01c949be-3f8d-4921-9079-3550ec816b1b":{
    "bboxes":[
      [
        0.07326838,
        0.42574727,
        0.49486042,
        0.33979273
      ]
    ],
    "labels":[
      "palm"
    ],
    "leading_hand":"right",
    "leading_conf":1.0,
    "user_id":"3a1f3a700fc625915134efa52d1cfd5d"
  },
  "01e3d137-a400-4179-ac94-a5e2e6db585f":{
    "bboxes":[
      [
        0.25671303,
        0.37007451,
        0.16632344,
        0.16520616
      ],
      [
        0.41161565,
        0.84090347,
        0.19522997,
        0.08597032
      ]
    ],
    "labels":[
      "palm",
      "no_gesture"
    ],
    "leading_hand":"right",
    "leading_conf":1.0,
    "user_id":"c8d95357521d05e3880139348d86a6cf"
  },
  "01e593d3-27de-4cd0-af8c-fe1abc414c27":{
    "bboxes":[
      [
        0.18596675,
        0.42214615,
        0.19011059,
        0.17064772
      ]
    ],
    "labels":[
      "palm"
    ],
    "leading_hand":"right",
    "leading_conf":1.0,
    "user_id":"b4275468b2ebeeef6ac262957933e5f6"
  },
  "01e8ba52-7bdb-4957-94dc-6a2756d439ea":{
    "bboxes":[
      [
        0.33871848,
        0.73161194,
        0.11262534,
        0.08331955
      ],
      [
        0.68656877,
        0.341487,
        0.10301052,
        0.09462741
      ]
    ],
    "labels":[
      "no_gesture",
      "palm"
    ],
    "leading_hand":"left",
    "leading_conf":1.0,
    "user_id":"403254ccd12ff0fe720cb5a1ead8fb49"
  },
  "01f606f5-6e63-45df-baed-7e39b6eb1b22":{
    "bboxes":[
      [
        0.31137343,
        0.72768597,
        0.04028971,
        0.07585134
      ],
      [
        0.55585252,
        0.28901085,
        0.09265335,
        0.11122006
      ]
    ],
    "labels":[
      "no_gesture",
      "palm"
    ],
    "leading_hand":"left",
    "leading_conf":1.0,
    "user_id":"b9dfe7c47f71adc85a50df6f932b056d"
  },
  "01fb610a-1349-4030-b200-bd3d43f200d8":{
    "bboxes":[
      [
        0.34129265,
        0.87173051,
        0.13591052,
        0.12501291
      ],
      [
        0.61542013,
        0.41740288,
        0.17286001,
        0.1394554
      ]
    ],
    "labels":[
      "no_gesture",
      "palm"
    ],
    "leading_hand":"left",
    "leading_conf":1.0,
    "user_id":"d9827add451c22a71916cbfa4bd22a61"
  },
  "0201aba4-c5c3-43d5-8d18-2576d2614da1":{
    "bboxes":[
      [
        0.343375,
        0.49388765,
        0.12307851,
        0.10790376
      ]
    ],
    "labels":[
      "palm"
    ],
    "leading_hand":"right",
    "leading_conf":1.0,
    "user_id":"32434ccad9daa94c568c9983237fcc2f"
  },
  "02041d1c-abc9-4a3b-bf1c-106076164297":{
    "bboxes":[
      [
        0.29899356,
        0.77008234,
        0.07914711,
        0.1237565
      ],
      [
        0.67794608,
        0.36097837,
        0.13381154,
        0.10777221
      ]
    ],
    "labels":[
      "no_gesture",
      "palm"
    ],
    "leading_hand":"left",
    "leading_conf":0.8,
    "user_id":"ad7e3e066b436fdf6dd0428ed964cd04"
  },
  "021334ec-c85c-4341-9e11-1a922b5ecb7b":{
    "bboxes":[
      [
        0.09742699,
        0.47121605,
        0.2481798,
        0.1541251
      ],
      [
        0.72550061,
        0.88079892,
        0.11472646,
        0.10721079
      ]
    ],
    "labels":[
      "palm",
      "no_gesture"
    ],
    "leading_hand":"right",
    "leading_conf":1.0,
    "user_id":"ac1cc88a89213737eb413856c2a57d9e"
  },
  "021e6202-4b64-4a88-9807-08f20f1f5cb8":{
    "bboxes":[
      [
        0.40340581,
        0.82791394,
        0.17378182,
        0.13082637
      ],
      [
        0.52247342,
        0.3673771,
        0.15295994,
        0.12924504
      ]
    ],
    "labels":[
      "no_gesture",
      "palm"
    ],
    "leading_hand":"left",
    "leading_conf":1.0,
    "user_id":"4ddcd492ab58968671d0c7589d79f312"
  },
  "02231ddc-6262-459e-a89e-3ead3ef59bb1":{
    "bboxes":[
      [
        0.58319131,
        0.27849138,
        0.251272,
        0.23320878
      ]
    ],
    "labels":[
      "palm"
    ],
    "leading_hand":"left",
    "leading_conf":1.0,
    "user_id":"fab97c5d5efc4705135a018dc3938a00"
  },
  "022e0819-c91f-4494-8fd3-30e5da656838":{
    "bboxes":[
      [
        0.19252652,
        0.68909135,
        0.07375999,
        0.09627118
      ],
      [
        0.59903683,
        0.29492753,
        0.17363294,
        0.09498367
      ]
    ],
    "labels":[
      "no_gesture",
      "palm"
    ],
    "leading_hand":"left",
    "leading_conf":1.0,
    "user_id":"e87ba64541ab616fecd5f74c4095b79c"
  },
  "02355348-6ac9-467d-b52f-1a740b9f8f2e":{
    "bboxes":[
      [
        0.25876008,
        0.80109546,
        0.18477824,
        0.13061437
      ],
      [
        0.65057117,
        0.33444937,
        0.24767285,
        0.13345219
      ]
    ],
    "labels":[
      "no_gesture",
      "palm"
    ],
    "leading_hand":"left",
    "leading_conf":1.0,
    "user_id":"f30207916adddd17c515b844d288cd7d"
  },
  "024a456e-134b-49d7-beb3-c208c376be93":{
    "bboxes":[
      [
        0.3963002,
        0.37114597,
        0.09346252,
        0.08649353
      ],
      [
        0.5315191,
        0.59011591,
        0.06866763,
        0.05199556
      ]
    ],
    "labels":[
      "palm",
      "no_gesture"
    ],
    "leading_hand":"right",
    "leading_conf":1.0,
    "user_id":"b60dc89a23c512e8d4b8845f6c0bd871"
  },
  "024a6d73-d324-44fe-b85e-4881b9821fa8":{
    "bboxes":[
      [
        0.14861808,
        0.65491313,
        0.15958917,
        0.10029285
      ]
    ],
    "labels":[
      "palm"
    ],
    "leading_hand":"right",
    "leading_conf":0.8,
    "user_id":"f877760b24b683d4b7b71ef7c4064114"
  },
  "0259e4c4-7220-4fdf-b7a6-df34896db45b":{
    "bboxes":[
      [
        0.31324196,
        0.21755578,
        0.10160532,
        0.15264371
      ],
      [
        0.64766242,
        0.76419351,
        0.04947515,
        0.11232601
      ]
    ],
    "labels":[
      "palm",
      "no_gesture"
    ],
    "leading_hand":"right",
    "leading_conf":1.0,
    "user_id":"964a4ea3c41d45cc8259ad78b83c34cc"
  },
  "026c1813-c848-4544-bf75-89ea11656e6a":{
    "bboxes":[
      [
        0.23526784,
        0.15932911,
        0.18957939,
        0.23573436
      ]
    ],
    "labels":[
      "palm"
    ],
    "leading_hand":"right",
    "leading_conf":1.0,
    "user_id":"3216ce3f5e8fb83f7ac4039fb321b64c"
  },
  "02713f78-9fb0-4069-9c90-84be8907d898":{
    "bboxes":[
      [
        0.24993055,
        0.4577393,
        0.25531451,
        0.17322135
      ]
    ],
    "labels":[
      "palm"
    ],
    "leading_hand":"left",
    "leading_conf":0.8,
    "user_id":"e2b68b1a55f4754bf914f10cddf22787"
  },
  "029794b3-f099-44eb-bcaf-5c88eab802b6":{
    "bboxes":[
      [
        0.51030889,
        0.25203,
        0.21732722,
        0.19186833
      ]
    ],
    "labels":[
      "palm"
    ],
    "leading_hand":"left",
    "leading_conf":0.8,
    "user_id":"0cfe3df7ecc17ebccc67fa55e7959727"
  },
  "0299857b-abe1-4647-a8b6-c8006cf1123c":{
    "bboxes":[
      [
        0.56590642,
        0.1810923,
        0.19543884,
        0.32554588
      ]
    ],
    "labels":[
      "palm"
    ],
    "leading_hand":"left",
    "leading_conf":1.0,
    "user_id":"9f06d2f7f061f52742622e76bcc01b02"
  },
  "029d627a-5135-4e06-b8ac-0e203023faa3":{
    "bboxes":[
      [
        0.3437402,
        0.36015893,
        0.04850122,
        0.0844024
      ],
      [
        0.47525031,
        0.6707278,
        0.02363664,
        0.07215235
      ]
    ],
    "labels":[
      "palm",
      "no_gesture"
    ],
    "leading_hand":"right",
    "leading_conf":1.0,
    "user_id":"13c86b8d8b8b4dc10d3fcd0cd693d32f"
  },
  "02c27389-42db-4169-898d-76c9e8439335":{
    "bboxes":[
      [
        0.21042472,
        0.32850079,
        0.25475153,
        0.40290852
      ]
    ],
    "labels":[
      "palm"
    ],
    "leading_hand":"right",
    "leading_conf":1.0,
    "user_id":"805cd6542be755e6a3d897f56a52aa35"
  },
  "02e06f96-9e5a-4d47-bcd8-769df3d5dc34":{
    "bboxes":[
      [
        0.23998263,
        0.79869879,
        0.06137955,
        0.13526947
      ],
      [
        0.4902342,
        0.18449565,
        0.08316124,
        0.15262031
      ]
    ],
    "labels":[
      "no_gesture",
      "palm"
    ],
    "leading_hand":"left",
    "leading_conf":1.0,
    "user_id":"a6ef35303f62878721764492afd16350"
  },
  "02ea6444-1f9c-4eb5-ac7c-3fc341ea24d3":{
    "bboxes":[
      [
        0.64464952,
        0.56256099,
        0.18476118,
        0.16524543
      ]
    ],
    "labels":[
      "palm"
    ],
    "leading_hand":"left",
    "leading_conf":1.0,
    "user_id":"bf86b77a2c09f30dbabecaf1aa7e43b8"
  },
  "02f6dc25-78c9-4460-ad15-df7c1a162231":{
    "bboxes":[
      [
        0.26330119,
        0.44406785,
        0.11461516,
        0.09601905
      ],
      [
        0.69319328,
        0.86773473,
        0.06453161,
        0.10125783
      ]
    ],
    "labels":[
      "palm",
      "no_gesture"
    ],
    "leading_hand":"right",
    "leading_conf":1.0,
    "user_id":"4f6c8c05eebe8da51b05d9fc66f06aaa"
  },
  "0308eb7b-4896-4a28-acaa-f18727166576":{
    "bboxes":[
      [
        0.20619143,
        0.84301646,
        0.08873604,
        0.11948598
      ],
      [
        0.60063287,
        0.3435664,
        0.18760893,
        0.13569484
      ]
    ],
    "labels":[
      "no_gesture",
      "palm"
    ],
    "leading_hand":"left",
    "leading_conf":1.0,
    "user_id":"719bc37615d8e28bdb1c8988be41218f"
  },
  "03099735-efd7-4f4c-b40e-10f2a0afed18":{
    "bboxes":[
      [
        0.73251454,
        0.33702975,
        0.22839706,
        0.29254499
      ]
    ],
    "labels":[
      "palm"
    ],
    "leading_hand":"left",
    "leading_conf":1.0,
    "user_id":"6703036b745a34776ee3a61e5c252bc9"
  },
  "030a6872-23ca-4ce2-afc3-e71cd7b882e0":{
    "bboxes":[
      [
        0.42397657,
        0.45983438,
        0.04633574,
        0.04083352
      ]
    ],
    "labels":[
      "palm"
    ],
    "leading_hand":"right",
    "leading_conf":1.0,
    "user_id":"bc7af50ccd5a510a014b4465e414a104"
  },
  "0310e8a9-03f3-4a8e-8637-66176b1f1cfb":{
    "bboxes":[
      [
        0.46814835,
        0.18509639,
        0.11066812,
        0.23041574
      ]
    ],
    "labels":[
      "palm"
    ],
    "leading_hand":"right",
    "leading_conf":1.0,
    "user_id":"72d768149dd0bb0ed338262830b13490"
  },
  "033251f3-6c3f-4f61-986b-f19f48036df1":{
    "bboxes":[
      [
        0.23946436,
        0.41751465,
        0.16870275,
        0.12410756
      ],
      [
        0.603267,
        0.78886041,
        0.14322497,
        0.09374723
      ]
    ],
    "labels":[
      "palm",
      "no_gesture"
    ],
    "leading_hand":"right",
    "leading_conf":1.0,
    "user_id":"d3f50cb79b5ddab740708f5f2d6b1abe"
  },
  "037c3f86-f37a-49d8-8322-6457ba72e740":{
    "bboxes":[
      [
        0.23619754,
        0.36080229,
        0.12399482,
        0.12596477
      ],
      [
        0.69910975,
        0.87651676,
        0.08417259,
        0.12312324
      ]
    ],
    "labels":[
      "palm",
      "no_gesture"
    ],
    "leading_hand":"right",
    "leading_conf":1.0,
    "user_id":"018b9527e721140607cca6b2f87b201c"
  },
  "03812513-0068-47b8-8092-9203017a92f3":{
    "bboxes":[
      [
        0.11789994,
        0.89064072,
        0.09158452,
        0.10759428
      ],
      [
        0.51778081,
        0.36311377,
        0.18336959,
        0.14432582
      ]
    ],
    "labels":[
      "no_gesture",
      "palm"
    ],
    "leading_hand":"left",
    "leading_conf":1.0,
    "user_id":"14a613388f34b3708372979a7e269a00"
  },
  "03a97f1f-b622-482b-ade5-76c8769221a4":{
    "bboxes":[
      [
        0.11505265,
        0.34495461,
        0.32280949,
        0.21209632
      ]
    ],
    "labels":[
      "palm"
    ],
    "leading_hand":"right",
    "leading_conf":1.0,
    "user_id":"7928902dc7acf8a45be932a38be2d400"
  },
  "03d4b42b-c972-4c12-8cba-c919b9dd2fad":{
    "bboxes":[
      [
        0.36922713,
        0.44673817,
        0.08468926,
        0.12372562
      ],
      [
        0.5566862,
        0.89982317,
        0.04128317,
        0.0980824
      ]
    ],
    "labels":[
      "palm",
      "no_gesture"
    ],
    "leading_hand":"right",
    "leading_conf":1.0,
    "user_id":"7b78a5f18821c528192dce981418e541"
  },
  "03dd31f8-e50d-43e4-96a5-5c1b9de5863c":{
    "bboxes":[
      [
        0.180443,
        0.32658562,
        0.14408586,
        0.12570341
      ],
      [
        0.61092517,
        0.81514265,
        0.05795328,
        0.10566154
      ]
    ],
    "labels":[
      "palm",
      "no_gesture"
    ],
    "leading_hand":"right",
    "leading_conf":1.0,
    "user_id":"a7c1b48033bcd949f7dd26e4c6231926"
  },
  "03e36ea5-ca20-4f39-8ada-9128517e22b5":{
    "bboxes":[
      [
        0.22183178,
        0.67577758,
        0.14318645,
        0.1592012
      ],
      [
        0.55248898,
        0.13830966,
        0.14449227,
        0.24565721
      ]
    ],
    "labels":[
      "no_gesture",
      "palm"
    ],
    "leading_hand":"left",
    "leading_conf":1.0,
    "user_id":"fb70f7d6c009cf25f89aa9cee9ec4da7"
  },
  "03e90dbb-0387-477e-ba67-5f43a7f02213":{
    "bboxes":[
      [
        0.46791802,
        0.33906795,
        0.04616135,
        0.07197794
      ],
      [
        0.61562339,
        0.62112636,
        0.03162752,
        0.06376939
      ]
    ],
    "labels":[
      "palm",
      "no_gesture"
    ],
    "leading_hand":"right",
    "leading_conf":1.0,
    "user_id":"2284f23a5d91164dde38590f75bc13fc"
  },
  "041e83e5-e054-4703-9aad-eeeb9ecf3cb6":{
    "bboxes":[
      [
        0.59364856,
        0.29613796,
        0.13894486,
        0.11159956
      ]
    ],
    "labels":[
      "palm"
    ],
    "leading_hand":"left",
    "leading_conf":1.0,
    "user_id":"594964634835321ee196863b7f8d89bd"
  },
  "0437f4e9-c6ab-41d0-b27e-fdf08962c05b":{
    "bboxes":[
      [
        0.21305021,
        0.22351623,
        0.18315202,
        0.14177813
      ]
    ],
    "labels":[
      "palm"
    ],
    "leading_hand":"right",
    "leading_conf":1.0,
    "user_id":"4e89a143fb486331379d3281a670c404"
  },
  "044308a2-ec87-4658-bca3-6fd8d16868bd":{
    "bboxes":[
      [
        0.3851868,
        0.35723133,
        0.0626288,
        0.11870945
      ]
    ],
    "labels":[
      "palm"
    ],
    "leading_hand":"right",
    "leading_conf":1.0,
    "user_id":"9c30fbc8ea048495bede475680c1f387"
  },
  "044af4c2-4374-444e-8984-2defe75ecfe0":{
    "bboxes":[
      [
        0.26680081,
        0.40368822,
        0.18043924,
        0.14868812
      ]
    ],
    "labels":[
      "palm"
    ],
    "leading_hand":"right",
    "leading_conf":1.0,
    "user_id":"94394bd2e03cec9f6e8e84ad3ac97c6d"
  },
  "04510f08-ba33-4588-b903-ccb1681fe7c6":{
    "bboxes":[
      [
        0.43557667,
        0.55855857,
        0.09478714,
        0.08405286
      ],
      [
        0.73447429,
        0.84738428,
        0.13294238,
        0.04119571
      ]
    ],
    "labels":[
      "palm",
      "no_gesture"
    ],
    "leading_hand":"right",
    "leading_conf":1.0,
    "user_id":"b5f88efb882cf7129d74f24aa1a2fd49"
  },
  "046633bd-db9a-4cca-a6a9-4cc7387d7ff3":{
    "bboxes":[
      [
        0.6051385,
        0.43818907,
        0.2113507,
        0.14697993
      ]
    ],
    "labels":[
      "palm"
    ],
    "leading_hand":"left",
    "leading_conf":1.0,
    "user_id":"8523c739da85d2d883c4065783bac401"
  },
  "048415db-a88b-42f1-bafb-ac8caf2ec116":{
    "bboxes":[
      [
        0.5181702,
        0.48030983,
        0.16231432,
        0.12851553
      ]
    ],
    "labels":[
      "palm"
    ],
    "leading_hand":"left",
    "leading_conf":1.0,
    "user_id":"edfde4708a96afdfa384033e16dc6017"
  },
  "04a0e3c7-f9d4-48ee-b318-0d90f086eba0":{
    "bboxes":[
      [
        0.3925835,
        0.15161931,
        0.12698947,
        0.25496566
      ]
    ],
    "labels":[
      "palm"
    ],
    "leading_hand":"right",
    "leading_conf":1.0,
    "user_id":"39d8ac1895b73a12ae677296abe169fc"
  },
  "04a52a53-3169-4028-8a4f-ce5b59e8a3ba":{
    "bboxes":[
      [
        0.30154403,
        0.24904219,
        0.14714844,
        0.2108862
      ],
      [
        0.55840613,
        0.85525393,
        0.11830891,
        0.13604819
      ]
    ],
    "labels":[
      "palm",
      "no_gesture"
    ],
    "leading_hand":"right",
    "leading_conf":1.0,
    "user_id":"e6b975059ef4b71da5d66f42f12319c6"
  },
  "04f07807-463b-4120-9187-0242faf587dd":{
    "bboxes":[
      [
        0.58167878,
        0.2086902,
        0.23482712,
        0.18499071
      ]
    ],
    "labels":[
      "palm"
    ],
    "leading_hand":"left",
    "leading_conf":1.0,
    "user_id":"8fb3e3ad02f19c3cb6968469aeb1c73c"
  },
  "0503a768-5363-4faa-9b96-f709890620a6":{
    "bboxes":[
      [
        0.39252138,
        0.25266311,
        0.12571915,
        0.12029843
      ],
      [
        0.68194057,
        0.68106169,
        0.06498584,
        0.11075927
      ]
    ],
    "labels":[
      "palm",
      "no_gesture"
    ],
    "leading_hand":"right",
    "leading_conf":1.0,
    "user_id":"66d044f5b1010961c12bb02a423775f8"
  },
  "05167068-095e-4d2b-ab48-533c74e15b0e":{
    "bboxes":[
      [
        0.36707481,
        0.15465317,
        0.08170503,
        0.11417495
      ],
      [
        0.52189459,
        0.53290458,
        0.05264878,
        0.09103526
      ]
    ],
    "labels":[
      "palm",
      "no_gesture"
    ],
    "leading_hand":"right",
    "leading_conf":1.0,
    "user_id":"e6b975059ef4b71da5d66f42f12319c6"
  },
  "051c1b08-6258-4154-bbe7-8bcde0775209":{
    "bboxes":[
      [
        0.28675238,
        0.16350849,
        0.16222162,
        0.14198708
      ],
      [
        0.45065457,
        0.49214002,
        0.10402092,
        0.07330282
      ]
    ],
    "labels":[
      "palm",
      "no_gesture"
    ],
    "leading_hand":"right",
    "leading_conf":1.0,
    "user_id":"4cd2bf3e3d37b3d47ce7c6b7f1584118"
  },
  "0530924b-ac6b-4685-960e-85b799ba4ae2":{
    "bboxes":[
      [
        0.59593858,
        0.45721921,
        0.11842818,
        0.08958175
      ]
    ],
    "labels":[
      "palm"
    ],
    "leading_hand":"left",
    "leading_conf":1.0,
    "user_id":"771356d7ae668804e2aba15df07f1f64"
  },
  "053145d1-59b0-4f52-92df-b9b3e4d88906":{
    "bboxes":[
      [
        0.34254658,
        0.4434481,
        0.13236587,
        0.1154601
      ],
      [
        0.63077981,
        0.62980595,
        0.11585661,
        0.05398851
      ]
    ],
    "labels":[
      "palm",
      "no_gesture"
    ],
    "leading_hand":"right",
    "leading_conf":1.0,
    "user_id":"f9aeb0a185a1d6c0cf0ec770a9a5b3ce"
  },
  "05401d9e-85be-4e50-a520-a217a524465a":{
    "bboxes":[
      [
        0.14666862,
        0.18890768,
        0.18441984,
        0.1921136
      ]
    ],
    "labels":[
      "palm"
    ],
    "leading_hand":"right",
    "leading_conf":1.0,
    "user_id":"4d8900d51e653df1f50f489ac2b0e0b4"
  },
  "054c9a06-0cf0-4511-a63a-7cb469dd7502":{
    "bboxes":[
      [
        0.43966803,
        0.57386109,
        0.05570359,
        0.04948728
      ],
      [
        0.66069177,
        0.78756462,
        0.03761114,
        0.04720054
      ]
    ],
    "labels":[
      "palm",
      "no_gesture"
    ],
    "leading_hand":"right",
    "leading_conf":1.0,
    "user_id":"a07b23e0d96baa07d950e2a8a4a22392"
  },
  "054d8515-ddf3-4fc9-b7ab-cf6d18ab1da3":{
    "bboxes":[
      [
        0.3841199,
        0.36125898,
        0.48288633,
        0.49110635
      ]
    ],
    "labels":[
      "palm"
    ],
    "leading_hand":"left",
    "leading_conf":1.0,
    "user_id":"05a83c306c60fd2c743478b62624e2e2"
  },
  "058326d7-3704-43f1-a7c7-56fcad054648":{
    "bboxes":[
      [
        0.58150538,
        0.32743881,
        0.40538777,
        0.32247083
      ]
    ],
    "labels":[
      "palm"
    ],
    "leading_hand":"left",
    "leading_conf":1.0,
    "user_id":"6171102ef95c77cf40170ba7adf21b26"
  },
  "05a82060-ad55-4b65-aac9-462d3153e857":{
    "bboxes":[
      [
        0.22800944,
        0.29356667,
        0.17953111,
        0.15134
      ],
      [
        0.72662056,
        0.88727667,
        0.125275,
        0.11042833
      ]
    ],
    "labels":[
      "palm",
      "no_gesture"
    ],
    "leading_hand":"right",
    "leading_conf":1.0,
    "user_id":"c99650456fb12676f4b4c4df338b1920"
  },
  "05dcafea-4452-478c-9627-a02213b1bff7":{
    "bboxes":[
      [
        0.11578041,
        0.75757995,
        0.07631875,
        0.14049266
      ],
      [
        0.53422491,
        0.2427996,
        0.15119057,
        0.12867696
      ]
    ],
    "labels":[
      "no_gesture",
      "palm"
    ],
    "leading_hand":"left",
    "leading_conf":1.0,
    "user_id":"4ddcd492ab58968671d0c7589d79f312"
  },
  "05fb37dc-e9cf-4e93-b9ef-5c677c0bc34a":{
    "bboxes":[
      [
        0.00956984,
        0.36601876,
        0.44605181,
        0.3566164
      ]
    ],
    "labels":[
      "palm"
    ],
    "leading_hand":"right",
    "leading_conf":1.0,
    "user_id":"ca9196a59a9ad968614c75adf09f72a7"
  },
  "0613aeb6-feaa-435e-9124-935c54e530e6":{
    "bboxes":[
      [
        0.14164192,
        0.7746178,
        0.09943549,
        0.12791679
      ],
      [
        0.57525558,
        0.26001348,
        0.1731915,
        0.13597169
      ]
    ],
    "labels":[
      "no_gesture",
      "palm"
    ],
    "leading_hand":"left",
    "leading_conf":1.0,
    "user_id":"fdf91c398c134825257eb1455f0da9e2"
  },
  "062672a3-dcdf-4f38-a6fa-c3d795e9142d":{
    "bboxes":[
      [
        0.25745121,
        0.88940971,
        0.06951568,
        0.10882029
      ],
      [
        0.51594116,
        0.440381,
        0.09906582,
        0.12050946
      ]
    ],
    "labels":[
      "no_gesture",
      "palm"
    ],
    "leading_hand":"left",
    "leading_conf":1.0,
    "user_id":"b9dfe7c47f71adc85a50df6f932b056d"
  },
  "062ab281-0d7b-4ba1-adfb-34fda2bc65dd":{
    "bboxes":[
      [
        0.17985964,
        0.59817518,
        0.11078652,
        0.1498731
      ],
      [
        0.61645259,
        0.29386851,
        0.13104666,
        0.15000723
      ]
    ],
    "labels":[
      "no_gesture",
      "palm"
    ],
    "leading_hand":"left",
    "leading_conf":1.0,
    "user_id":"b9dfe7c47f71adc85a50df6f932b056d"
  },
  "064052a2-f367-4291-9553-1843669c7590":{
    "bboxes":[
      [
        0.19953335,
        0.22753242,
        0.19081304,
        0.15549235
      ],
      [
        0.7396587,
        0.75926324,
        0.07426543,
        0.10060453
      ]
    ],
    "labels":[
      "palm",
      "no_gesture"
    ],
    "leading_hand":"right",
    "leading_conf":1.0,
    "user_id":"3a8a535882e9055e13605840627e13e3"
  },
  "0643d9ac-8ade-49e9-b15f-90894cbafbdc":{
    "bboxes":[
      [
        0.28605269,
        0.35534236,
        0.11440917,
        0.10025523
      ],
      [
        0.59914254,
        0.69162668,
        0.06174068,
        0.08912667
      ]
    ],
    "labels":[
      "palm",
      "no_gesture"
    ],
    "leading_hand":"right",
    "leading_conf":1.0,
    "user_id":"d9ed4a7e59b6fa484fb4dff6cd9f5218"
  },
  "0652a490-4d26-47b8-a43e-7d36ec2740cf":{
    "bboxes":[
      [
        0.17420593,
        0.24575135,
        0.16613498,
        0.13585506
      ]
    ],
    "labels":[
      "palm"
    ],
    "leading_hand":"right",
    "leading_conf":1.0,
    "user_id":"4c2d70803e35ce2d30f3e875f1b01c6c"
  },
  "065c2e22-5574-4687-8b9d-b5b06885e63a":{
    "bboxes":[
      [
        0.27099248,
        0.46041932,
        0.07651288,
        0.07598565
      ]
    ],
    "labels":[
      "palm"
    ],
    "leading_hand":"right",
    "leading_conf":1.0,
    "user_id":"8b08632522977028319e2f32fb5dfff1"
  },
  "0669b6a5-9bac-487e-9c62-4c7d91920a6b":{
    "bboxes":[
      [
        0.64295829,
        0.29841084,
        0.28691691,
        0.28518544
      ]
    ],
    "labels":[
      "palm"
    ],
    "leading_hand":"left",
    "leading_conf":1.0,
    "user_id":"ad7a6ca0408b9ca0e4f747332c3573a1"
  },
  "06711d65-7cf4-4df9-a9d7-71e9de7f3b8e":{
    "bboxes":[
      [
        0.06295769,
        0.31838005,
        0.25821499,
        0.28841253
      ]
    ],
    "labels":[
      "palm"
    ],
    "leading_hand":"right",
    "leading_conf":1.0,
    "user_id":"b40f1237cbd557dcc90acceeeace6539"
  },
  "067afd51-b8c4-4163-b661-376f2e4a4031":{
    "bboxes":[
      [
        0.37573245,
        0.46187033,
        0.05980961,
        0.06487782
      ],
      [
        0.49376008,
        0.46012234,
        0.11094452,
        0.09417177
      ]
    ],
    "labels":[
      "no_gesture",
      "palm"
    ],
    "leading_hand":"left",
    "leading_conf":1.0,
    "user_id":"585a5a7b885ca68872f481f2fb27ea5e"
  },
  "06c45d6b-201f-4ae3-a5bc-bf9b9218a5f4":{
    "bboxes":[
      [
        0.24127548,
        0.38184507,
        0.14232877,
        0.13687768
      ],
      [
        0.61105033,
        0.79503641,
        0.08267212,
        0.12241034
      ]
    ],
    "labels":[
      "palm",
      "no_gesture"
    ],
    "leading_hand":"right",
    "leading_conf":1.0,
    "user_id":"945c3a7067c483eb06d2e4110a28cf6e"
  },
  "06f95cc8-4e9f-409b-8a04-db1e325fae3a":{
    "bboxes":[
      [
        0.14777192,
        0.64102895,
        0.10874344,
        0.14635891
      ],
      [
        0.59634074,
        0.18240392,
        0.18886363,
        0.15825264
      ]
    ],
    "labels":[
      "no_gesture",
      "palm"
    ],
    "leading_hand":"left",
    "leading_conf":1.0,
    "user_id":"193770356ad538d4f8d55701c6de8d4d"
  },
  "0714e8a3-121b-4ed5-ab0e-ce8dd1e6ca6b":{
    "bboxes":[
      [
        0.24909957,
        0.56525251,
        0.13581207,
        0.10169777
      ]
    ],
    "labels":[
      "palm"
    ],
    "leading_hand":"right",
    "leading_conf":1.0,
    "user_id":"6c24b52200cf73ee5305339deaaf7f4e"
  },
  "071a85d3-25fa-4091-ad85-c97ffc91fb89":{
    "bboxes":[
      [
        0.21245497,
        0.4341779,
        0.26537968,
        0.20916834
      ]
    ],
    "labels":[
      "palm"
    ],
    "leading_hand":"right",
    "leading_conf":1.0,
    "user_id":"54cb0cce33044053b5de4169536b6e68"
  },
  "07382505-9a44-43a5-a87e-8ee44e76bfaf":{
    "bboxes":[
      [
        0.52088478,
        0.07128893,
        0.46259911,
        0.41772453
      ]
    ],
    "labels":[
      "palm"
    ],
    "leading_hand":"left",
    "leading_conf":1.0,
    "user_id":"4e2b14f41f283cf21b886c80382039a7"
  },
  "073bf9eb-2d07-45d8-81e3-7cf933202839":{
    "bboxes":[
      [
        0.33651096,
        0.27674093,
        0.10862516,
        0.26571347
      ]
    ],
    "labels":[
      "palm"
    ],
    "leading_hand":"right",
    "leading_conf":1.0,
    "user_id":"fd4bcdbf21f708271a759f06d74a22a8"
  },
  "0752b7fb-62a8-4676-94be-f31030425d93":{
    "bboxes":[
      [
        0.71180677,
        0.25299933,
        0.20289051,
        0.21889835
      ]
    ],
    "labels":[
      "palm"
    ],
    "leading_hand":"left",
    "leading_conf":1.0,
    "user_id":"3bcadc188573cd6108a55b3147714399"
  },
  "0773f55c-e3a4-4372-baa5-7fa0180ef340":{
    "bboxes":[
      [
        0.16295996,
        0.34474355,
        0.12372191,
        0.15818582
      ],
      [
        0.48359158,
        0.81101914,
        0.04880679,
        0.10572268
      ]
    ],
    "labels":[
      "palm",
      "no_gesture"
    ],
    "leading_hand":"right",
    "leading_conf":1.0,
    "user_id":"98ac033d6d68b6fd9619c125f191f86d"
  },
  "079b7183-54e4-4da9-907a-f31f22e415aa":{
    "bboxes":[
      [
        0.32587589,
        0.43040687,
        0.15470767,
        0.1032108
      ],
      [
        0.79821364,
        0.78932085,
        0.12192409,
        0.13336908
      ]
    ],
    "labels":[
      "palm",
      "no_gesture"
    ],
    "leading_hand":"right",
    "leading_conf":1.0,
    "user_id":"605c73c4f52acd1fb2587abf1a602a74"
  },
  "07aa877d-fcf4-488d-a498-1860cb74bcc9":{
    "bboxes":[
      [
        0.20750296,
        0.47579206,
        0.17980268,
        0.14918336
      ]
    ],
    "labels":[
      "palm"
    ],
    "leading_hand":"right",
    "leading_conf":1.0,
    "user_id":"a1a87122db0d24da910e1a9bae4ad5e1"
  },
  "07aed51f-742b-4654-960e-449e326fd784":{
    "bboxes":[
      [
        0.52875183,
        0.47672545,
        0.11525435,
        0.09841236
      ],
      [
        0.90572403,
        0.88661766,
        0.07327355,
        0.11128308
      ]
    ],
    "labels":[
      "palm",
      "no_gesture"
    ],
    "leading_hand":"right",
    "leading_conf":1.0,
    "user_id":"037efdcde92abf75cef406d184a19785"
  },
  "07b1745e-2cae-4ada-bf07-23c498d179ab":{
    "bboxes":[
      [
        0.29726827,
        0.25021381,
        0.15085179,
        0.09648763
      ],
      [
        0.62800946,
        0.59179498,
        0.06100054,
        0.06912234
      ]
    ],
    "labels":[
      "palm",
      "no_gesture"
    ],
    "leading_hand":"right",
    "leading_conf":1.0,
    "user_id":"024740bec5b76fd9a4476db027648cac"
  },
  "07e78c54-9498-47b7-95d9-3b32f1c2f4bf":{
    "bboxes":[
      [
        0.08350334,
        0.73684985,
        0.09706254,
        0.09926295
      ],
      [
        0.46113985,
        0.36441475,
        0.13643797,
        0.10652861
      ]
    ],
    "labels":[
      "no_gesture",
      "palm"
    ],
    "leading_hand":"left",
    "leading_conf":1.0,
    "user_id":"0ce7b2f5f74735e4a344b7437aa8e0dd"
  },
  "07ecc0de-b243-4740-94e6-ecdcae0717ec":{
    "bboxes":[
      [
        0.43911333,
        0.44584796,
        0.16019966,
        0.13623931
      ]
    ],
    "labels":[
      "palm"
    ],
    "leading_hand":"right",
    "leading_conf":1.0,
    "user_id":"cbca0b21e3f9953a327905f14125d750"
  }
}