{
  "0015135c-bdb9-409a-82ef-104b4d6690b0":{
    "bboxes":[
      [
        0.29036869,
        0.34352851,
        0.15335147,
        0.23425776
      ]
    ],
    "labels":[
      "peace_inverted"
    ],
    "leading_hand":"right",
    "leading_conf":1.0,
    "user_id":"e1bb00445f43414e842ddf289443af39"
  },
  "003bc7ad-039c-46c6-a927-354b582c07c2":{
    "bboxes":[
      [
        0.13627982,
        0.16615573,
        0.1632156,
        0.24157476
      ],
      [
        0.70681615,
        0.83500195,
        0.12836121,
        0.16478972
      ]
    ],
    "labels":[
      "peace_inverted",
      "no_gesture"
    ],
    "leading_hand":"right",
    "leading_conf":1.0,
    "user_id":"59c792bb4e3069e5ac26c1cf4ec2b631"
  },
  "029bfb8d-54ef-4ad4-8a6c-7287187f70e4":{
    "bboxes":[
      [
        0.3951703,
        0.40110933,
        0.06410423,
        0.10407403
      ],
      [
        0.51772734,
        0.42533391,
        0.10868419,
        0.1053781
      ]
    ],
    "labels":[
      "peace_inverted",
      "no_gesture"
    ],
    "leading_hand":"right",
    "leading_conf":1.0,
    "user_id":"4266f09c0417ca3f56835346411450f6"
  },
  "04633f91-bbaa-4d37-9870-3a2af74744a4":{
    "bboxes":[
      [
        0.60815524,
        0.41907986,
        0.25446122,
        0.20644235
      ]
    ],
    "labels":[
      "peace_inverted"
    ],
    "leading_hand":"left",
    "leading_conf":1.0,
    "user_id":"b03043bc59a68cdcc3b2b0cd91419dd2"
  },
  "05a6f421-55b4-4830-b393-a15e6e6c2dc4":{
    "bboxes":[
      [
        0.18162967,
        0.26307642,
        0.16263882,
        0.22879631
      ],
      [
        0.2641643,
        0.90129945,
        0.2414473,
        0.09524817
      ]
    ],
    "labels":[
      "peace_inverted",
      "no_gesture"
    ],
    "leading_hand":"right",
    "leading_conf":1.0,
    "user_id":"a43415ff934270bdb17fcfb3c324e42e"
  },
  "0744fba0-78e6-4789-9372-34e5d8ed2b7e":{
    "bboxes":[
      [
        0.39216958,
        0.50415346,
        0.12459805,
        0.17425315
      ]
    ],
    "labels":[
      "peace_inverted"
    ],
    "leading_hand":"right",
    "leading_conf":1.0,
    "user_id":"5a1467460c0baf113abe17a2658c779d"
  },
  "0b49bcf5-6478-48e6-8d16-f94d542ffad4":{
    "bboxes":[
      [
        0.49654728,
        0.3014914,
        0.08598877,
        0.26044744
      ]
    ],
    "labels":[
      "peace_inverted"
    ],
    "leading_hand":"left",
    "leading_conf":1.0,
    "user_id":"fe066aacac23c75f8ee7049c63b38d23"
  },
  "0b9af9d1-0cb8-46fb-a046-c0ec2ddf99fe":{
    "bboxes":[
      [
        0.14562925,
        0.29931371,
        0.13847415,
        0.16065942
      ],
      [
        0.59923463,
        0.81682904,
        0.11126705,
        0.18202111
      ]
    ],
    "labels":[
      "peace_inverted",
      "no_gesture"
    ],
    "leading_hand":"right",
    "leading_conf":1.0,
    "user_id":"ca936e0d06be11dc5df8c4cbb32dac85"
  },
  "0e3e1001-cb65-42c9-9828-8b2d61012e54":{
    "bboxes":[
      [
        0.56077797,
        0.31877392,
        0.05913668,
        0.15902533
      ]
    ],
    "labels":[
      "peace_inverted"
    ],
    "leading_hand":"left",
    "leading_conf":1.0,
    "user_id":"563d2128ef8d2d4d940e06b9e39543c9"
  },
  "0f5fec47-1d6b-41f3-af85-141ad6aa99e5":{
    "bboxes":[
      [
        0.36984863,
        0.21835836,
        0.09495308,
        0.13892595
      ],
      [
        0.52946426,
        0.60820242,
        0.1201003,
        0.09943262
      ]
    ],
    "labels":[
      "peace_inverted",
      "no_gesture"
    ],
    "leading_hand":"right",
    "leading_conf":1.0,
    "user_id":"235d2ea7ce132a968b92647f0b12320a"
  },
  "0f6b8ea3-7fdf-4a75-902b-ff81d97f5f45":{
    "bboxes":[
      [
        0.18704535,
        0.47059707,
        0.10871746,
        0.12153034
      ]
    ],
    "labels":[
      "peace_inverted"
    ],
    "leading_hand":"right",
    "leading_conf":1.0,
    "user_id":"f851c47447c6892eb9f37383d17a8f92"
  },
  "0fe2a4dd-58e4-4935-9234-2268c5dc0f85":{
    "bboxes":[
      [
        0.55989474,
        0.29462522,
        0.14236503,
        0.19207498
      ]
    ],
    "labels":[
      "peace_inverted"
    ],
    "leading_hand":"left",
    "leading_conf":1.0,
    "user_id":"8afd3807c0170af3e1782b2744cbc5dc"
  },
  "10995701-90c4-4015-bdc6-fc322a6b0259":{
    "bboxes":[
      [
        0.53712087,
        0.18832151,
        0.11724838,
        0.3022308
      ]
    ],
    "labels":[
      "peace_inverted"
    ],
    "leading_hand":"left",
    "leading_conf":0.8,
    "user_id":"3af198e82bc14aefffb54eef8d94520b"
  },
  "10f36ba4-8cd8-4515-b5b6-063c77110e1b":{
    "bboxes":[
      [
        0.2549595,
        0.39614345,
        0.15049926,
        0.20422287
      ]
    ],
    "labels":[
      "peace_inverted"
    ],
    "leading_hand":"right",
    "leading_conf":1.0,
    "user_id":"6f97813ae5a148e30297b7027bcb0516"
  },
  "114b62d0-b1b9-4fae-9c1d-45c185d602b5":{
    "bboxes":[
      [
        0.21265983,
        0.47602152,
        0.1923085,
        0.14790455
      ]
    ],
    "labels":[
      "peace_inverted"
    ],
    "leading_hand":"left",
    "leading_conf":1.0,
    "user_id":"48c697730815be9660a5074ce52ac2d3"
  },
  "11a285b4-a463-4a7a-aa0f-38ac884c3126":{
    "bboxes":[
      [
        0.3551394,
        0.26941609,
        0.13327847,
        0.18027337
      ]
    ],
    "labels":[
      "peace_inverted"
    ],
    "leading_hand":"right",
    "leading_conf":1.0,
    "user_id":"a07b23e0d96baa07d950e2a8a4a22392"
  },
  "146b15f4-0505-4d62-bc39-598b1aec36f1":{
    "bboxes":[
      [
        0.31999095,
        0.88871053,
        0.0946389,
        0.10997804
      ],
      [
        0.65361116,
        0.31130721,
        0.11970428,
        0.17188909
      ]
    ],
    "labels":[
      "no_gesture",
      "peace_inverted"
    ],
    "leading_hand":"left",
    "leading_conf":1.0,
    "user_id":"c05c242d2524d1de48c68f1667cd7b6b"
  },
  "147a1893-1689-4b65-86a0-adcee9d53889":{
    "bboxes":[
      [
        0.28267814,
        0.30372534,
        0.13313485,
        0.18075914
      ]
    ],
    "labels":[
      "peace_inverted"
    ],
    "leading_hand":"right",
    "leading_conf":1.0,
    "user_id":"2e900e56b0b0d7fe1c3978e6391fbc91"
  },
  "1579447f-6734-4297-a221-1f4846f8247b":{
    "bboxes":[
      [
        0.16649146,
        0.27042493,
        0.20780848,
        0.27593602
      ]
    ],
    "labels":[
      "peace_inverted"
    ],
    "leading_hand":"right",
    "leading_conf":1.0,
    "user_id":"0daa7a8056761edc937af02b6404d5cd"
  },
  "1733f11b-1337-48bb-89eb-b76ee09e2761":{
    "bboxes":[
      [
        0.16251984,
        0.79657907,
        0.21617827,
        0.20183359
      ],
      [
        0.55540485,
        0.3804271,
        0.10911956,
        0.15462997
      ]
    ],
    "labels":[
      "no_gesture",
      "peace_inverted"
    ],
    "leading_hand":"left",
    "leading_conf":1.0,
    "user_id":"3fbccd567d277869127d203fdafd5a7d"
  },
  "1745cd9c-b3be-441b-9a14-6cd31d5a7f97":{
    "bboxes":[
      [
        0.00574685,
        0.85669995,
        0.1646871,
        0.14290148
      ],
      [
        0.60766785,
        0.29919605,
        0.18983328,
        0.15853923
      ]
    ],
    "labels":[
      "no_gesture",
      "peace_inverted"
    ],
    "leading_hand":"left",
    "leading_conf":1.0,
    "user_id":"2584891344198940dc84b95e95e01730"
  },
  "1b307c0a-54c9-48fe-b4d8-4668a0c2fc82":{
    "bboxes":[
      [
        0.37969321,
        0.17428975,
        0.11835142,
        0.17215239
      ]
    ],
    "labels":[
      "peace_inverted"
    ],
    "leading_hand":"right",
    "leading_conf":1.0,
    "user_id":"78fe7502f5f67cf2e7ed977be51c5b84"
  },
  "1d74fd77-1320-44d3-8552-d86e0fd1c3a3":{
    "bboxes":[
      [
        0.30560181,
        0.63831652,
        0.13406326,
        0.16230041
      ]
    ],
    "labels":[
      "peace_inverted"
    ],
    "leading_hand":"right",
    "leading_conf":1.0,
    "user_id":"720b6c05a71195ca5c804e6a554d5638"
  },
  "1e3ff9da-53b8-4e42-a159-eaa5a9937265":{
    "bboxes":[
      [
        0.21201135,
        0.35843105,
        0.10672077,
        0.15833554
      ]
    ],
    "labels":[
      "peace_inverted"
    ],
    "leading_hand":"right",
    "leading_conf":1.0,
    "user_id":"42dab75576ed42e655ae388bf314ad5a"
  },
  "1e7409fd-eb1e-4dde-a7c5-02e2ddfa91bb":{
    "bboxes":[
      [
        0.37954906,
        0.70300805,
        0.07496014,
        0.10307942
      ],
      [
        0.53971277,
        0.15281826,
        0.07699763,
        0.20543522
      ]
    ],
    "labels":[
      "no_gesture",
      "peace_inverted"
    ],
    "leading_hand":"left",
    "leading_conf":1.0,
    "user_id":"9d6ba51a6c0db0602c6fdf632891a14f"
  },
  "1e74957f-3931-41ef-ac28-9dd7ca543c59":{
    "bboxes":[
      [
        0.59240521,
        0.17124789,
        0.150396,
        0.21997459
      ]
    ],
    "labels":[
      "peace_inverted"
    ],
    "leading_hand":"left",
    "leading_conf":1.0,
    "user_id":"85751b58670b2e4982098dfa6e8632af"
  },
  "1f6c9584-5bae-4382-b3ec-a5470b2b9ddf":{
    "bboxes":[
      [
        0.22868585,
        0.27811076,
        0.13529237,
        0.21257044
      ]
    ],
    "labels":[
      "peace_inverted"
    ],
    "leading_hand":"right",
    "leading_conf":1.0,
    "user_id":"a7e5f14803a1b789c22eebf54be3243d"
  },
  "1f7231c5-fc53-443e-a7b9-4bd34e5ea330":{
    "bboxes":[
      [
        0.56389675,
        0.31717049,
        0.13852179,
        0.2116957
      ]
    ],
    "labels":[
      "peace_inverted"
    ],
    "leading_hand":"left",
    "leading_conf":1.0,
    "user_id":"8ee030516f7b025cd13e0f53f89a3393"
  },
  "2125d467-4c00-43eb-835f-c6e724663f9a":{
    "bboxes":[
      [
        0.52105304,
        0.41578621,
        0.10159286,
        0.1500084
      ]
    ],
    "labels":[
      "peace_inverted"
    ],
    "leading_hand":"left",
    "leading_conf":1.0,
    "user_id":"126e76aa8fbb7e33f095b7a5d62fe321"
  },
  "268d912f-0616-4a55-81e1-9fa60460e00d":{
    "bboxes":[
      [
        0.18412999,
        0.29508148,
        0.15837953,
        0.20033043
      ]
    ],
    "labels":[
      "peace_inverted"
    ],
    "leading_hand":"right",
    "leading_conf":1.0,
    "user_id":"bf08ac28cb8b3dced940aa0fb668dd02"
  },
  "27448ee4-7a13-460a-ae60-b3d42ff75589":{
    "bboxes":[
      [
        0.52171798,
        0.26724381,
        0.15804077,
        0.21229099
      ]
    ],
    "labels":[
      "peace_inverted"
    ],
    "leading_hand":"left",
    "leading_conf":1.0,
    "user_id":"34b59c7dcc30ee121659ba1765febdb5"
  },
  "2a15948b-5d39-4c73-bce0-a6a721d748cb":{
    "bboxes":[
      [
        0.34163034,
        0.37080364,
        0.05389706,
        0.08635141
      ],
      [
        0.46412068,
        0.39767506,
        0.06837801,
        0.07341003
      ]
    ],
    "labels":[
      "peace_inverted",
      "no_gesture"
    ],
    "leading_hand":"right",
    "leading_conf":0.6,
    "user_id":"4266f09c0417ca3f56835346411450f6"
  },
  "2cfe0e28-2491-44f3-958d-8b0562404c02":{
    "bboxes":[
      [
        0.29315854,
        0.25900194,
        0.1803202,
        0.24580104
      ]
    ],
    "labels":[
      "peace_inverted"
    ],
    "leading_hand":"right",
    "leading_conf":1.0,
    "user_id":"563bccd87d007b7a51baf51a9a04b245"
  },
  "2dc42c7f-0d97-4aec-bce7-62df921bf5c3":{
    "bboxes":[
      [
        0.21131843,
        0.29960714,
        0.12375587,
        0.22228036
      ]
    ],
    "labels":[
      "peace_inverted"
    ],
    "leading_hand":"right",
    "leading_conf":1.0,
    "user_id":"39549f1b4c388a204fb81115b3b904ed"
  },
  "2ee36c1c-361e-424e-b191-62eee220da3c":{
    "bboxes":[
      [
        0.22331431,
        0.4080674,
        0.1678336,
        0.15910993
      ]
    ],
    "labels":[
      "peace_inverted"
    ],
    "leading_hand":"right",
    "leading_conf":1.0,
    "user_id":"a62f5b1c9b5aa4b54b2e45791fdd68eb"
  },
  "31b8a1d9-c369-463c-941c-4d1e0bf091b4":{
    "bboxes":[
      [
        0.6850204,
        0.31881631,
        0.14179092,
        0.19114617
      ]
    ],
    "labels":[
      "peace_inverted"
    ],
    "leading_hand":"left",
    "leading_conf":1.0,
    "user_id":"01ff6509c8f7f14554d583f80fd72320"
  },
  "3285b354-191f-4f5f-ada2-733712ea3954":{
    "bboxes":[
      [
        0.5126101,
        0.19332301,
        0.13268663,
        0.31841568
      ]
    ],
    "labels":[
      "peace_inverted"
    ],
    "leading_hand":"left",
    "leading_conf":1.0,
    "user_id":"015a20a1100f427addc170baf4a20606"
  },
  "3bdac70e-6161-4519-b672-763b1e2503c4":{
    "bboxes":[
      [
        0.45819107,
        0.35178217,
        0.05858714,
        0.18934478
      ]
    ],
    "labels":[
      "peace_inverted"
    ],
    "leading_hand":"left",
    "leading_conf":1.0,
    "user_id":"51c5134ffc53ffdeb4956028ba7678ba"
  },
  "3db37e86-b730-4370-b0e8-72631f971372":{
    "bboxes":[
      [
        0.27153507,
        0.47305077,
        0.16128415,
        0.20115869
      ]
    ],
    "labels":[
      "peace_inverted"
    ],
    "leading_hand":"right",
    "leading_conf":1.0,
    "user_id":"e5e4cedaa66b65714d23cae0d5f8d9c5"
  },
  "3db83a12-d04c-47d6-87aa-16477acbc7b7":{
    "bboxes":[
      [
        0.35658525,
        0.24039915,
        0.08771658,
        0.15775619
      ]
    ],
    "labels":[
      "peace_inverted"
    ],
    "leading_hand":"right",
    "leading_conf":0.8,
    "user_id":"f5477b6f281f542f37030e054e183689"
  },
  "41234315-a75f-4b80-b363-a2f1773c769a":{
    "bboxes":[
      [
        0.41230551,
        0.31081692,
        0.06844359,
        0.10009588
      ]
    ],
    "labels":[
      "peace_inverted"
    ],
    "leading_hand":"right",
    "leading_conf":1.0,
    "user_id":"7d257a49fd4f6d18c903ee9b0870d870"
  },
  "4931a1d8-c167-4ebf-a493-79eecd4bad7a":{
    "bboxes":[
      [
        0.26022565,
        0.20659089,
        0.13995921,
        0.23921835
      ]
    ],
    "labels":[
      "peace_inverted"
    ],
    "leading_hand":"right",
    "leading_conf":1.0,
    "user_id":"3c596b6651095da4915613058443495e"
  },
  "4aa1ef65-cf5e-4184-a159-bf57580e5f49":{
    "bboxes":[
      [
        0.28376844,
        0.27614115,
        0.14807674,
        0.24348943
      ]
    ],
    "labels":[
      "peace_inverted"
    ],
    "leading_hand":"right",
    "leading_conf":1.0,
    "user_id":"6f80ca3e5f55b2202248e1ff7a8ef306"
  },
  "4c4c089f-6b46-4d4b-8df9-f6b5468de030":{
    "bboxes":[
      [
        0.31095473,
        0.37293922,
        0.11684188,
        0.17187005
      ]
    ],
    "labels":[
      "peace_inverted"
    ],
    "leading_hand":"right",
    "leading_conf":1.0,
    "user_id":"a3f6c2d3df65e41d3d3b83e7bc55bbe3"
  },
  "4c7b11fa-5ebf-4158-9954-906922b6d792":{
    "bboxes":[
      [
        0.29290903,
        0.44075147,
        0.14148537,
        0.21623352
      ]
    ],
    "labels":[
      "peace_inverted"
    ],
    "leading_hand":"right",
    "leading_conf":0.8,
    "user_id":"6b993161c014ce22be38d87dd801902e"
  },
  "4d4f9287-7d79-4981-9e0e-ab9040fb88b3":{
    "bboxes":[
      [
        0.57349861,
        0.16512844,
        0.14565792,
        0.212595
      ]
    ],
    "labels":[
      "peace_inverted"
    ],
    "leading_hand":"left",
    "leading_conf":1.0,
    "user_id":"44bb56b05bf671339a79fd425e54bf17"
  },
  "4d61236f-d6f4-4fb8-8c7f-fa0ac11e5e7a":{
    "bboxes":[
      [
        0.19771582,
        0.42151244,
        0.1316328,
        0.16882176
      ]
    ],
    "labels":[
      "peace_inverted"
    ],
    "leading_hand":"right",
    "leading_conf":1.0,
    "user_id":"3cf85c1c9346f6fb0de1e845f5a1e9dd"
  },
  "4e09efa1-6d85-41e5-8909-4d812aa7b40c":{
    "bboxes":[
      [
        0.52981128,
        0.34168126,
        0.15007708,
        0.23510348
      ]
    ],
    "labels":[
      "peace_inverted"
    ],
    "leading_hand":"left",
    "leading_conf":1.0,
    "user_id":"f943bda060ab7d0c460626269b106416"
  },
  "4e83aaea-1a12-4d19-83cd-470fcf2182a7":{
    "bboxes":[
      [
        0.42490623,
        0.48527117,
        0.14283841,
        0.1058559
      ],
      [
        0.58670127,
        0.37566606,
        0.09338504,
        0.13071228
      ]
    ],
    "labels":[
      "no_gesture",
      "peace_inverted"
    ],
    "leading_hand":"left",
    "leading_conf":1.0,
    "user_id":"215f9bb83ae709f48e7e349aa6c5b645"
  },
  "4f35677c-946e-43d6-a8ed-0eceffd31af9":{
    "bboxes":[
      [
        0.30003885,
        0.2379201,
        0.06501802,
        0.22440503
      ]
    ],
    "labels":[
      "peace_inverted"
    ],
    "leading_hand":"right",
    "leading_conf":1.0,
    "user_id":"275c2a2631af456bec0233d61074094f"
  },
  "50c8e18a-daf5-4722-ba6d-ac05e5579218":{
    "bboxes":[
      [
        0.32074532,
        0.20251318,
        0.17820672,
        0.24454331
      ]
    ],
    "labels":[
      "peace_inverted"
    ],
    "leading_hand":"right",
    "leading_conf":1.0,
    "user_id":"a07b23e0d96baa07d950e2a8a4a22392"
  },
  "5272997b-d06e-44cd-8afa-51aa7aae6ede":{
    "bboxes":[
      [
        0.54849758,
        0.41177379,
        0.10827708,
        0.141111
      ]
    ],
    "labels":[
      "peace_inverted"
    ],
    "leading_hand":"left",
    "leading_conf":1.0,
    "user_id":"745b32515bed22ae7d5fa4a4bee66dc6"
  },
  "54c7082c-9952-4c48-800c-6010c966ccae":{
    "bboxes":[
      [
        0.62108144,
        0.3248658,
        0.17728915,
        0.16284036
      ]
    ],
    "labels":[
      "peace_inverted"
    ],
    "leading_hand":"left",
    "leading_conf":0.8,
    "user_id":"8cbf9e8dbbb9222750fe3809842eace0"
  },
  "57f82338-1911-4925-8354-5fff9ddd7089":{
    "bboxes":[
      [
        0.31299079,
        0.40682174,
        0.10514506,
        0.14593661
      ]
    ],
    "labels":[
      "peace_inverted"
    ],
    "leading_hand":"right",
    "leading_conf":1.0,
    "user_id":"24718fa21521e042c60545b134257732"
  },
  "58a0ef88-b5f9-42cc-9b46-4e8feb266cf4":{
    "bboxes":[
      [
        0.25982243,
        0.15581251,
        0.2061031,
        0.30890283
      ]
    ],
    "labels":[
      "peace_inverted"
    ],
    "leading_hand":"right",
    "leading_conf":1.0,
    "user_id":"64630f69f9db381a75cff88987901bff"
  },
  "5d8c3d81-1b3a-4c6d-b0fe-d6d92dfbe7a9":{
    "bboxes":[
      [
        0.23579544,
        0.4225929,
        0.12658525,
        0.17295219
      ]
    ],
    "labels":[
      "peace_inverted"
    ],
    "leading_hand":"right",
    "leading_conf":1.0,
    "user_id":"0c2f29b9772cd06e1fb982dcb0747454"
  },
  "5ed00387-230a-40f6-85dc-c5d149cb23d2":{
    "bboxes":[
      [
        0.26769905,
        0.39489472,
        0.10997623,
        0.14465027
      ],
      [
        0.72377456,
        0.90369888,
        0.0971093,
        0.09610825
      ]
    ],
    "labels":[
      "peace_inverted",
      "no_gesture"
    ],
    "leading_hand":"right",
    "leading_conf":0.8,
    "user_id":"a3bdc52a487dc6aa89850f5209be4fb1"
  },
  "61bcc40e-3ede-4715-a4f2-f84ca6661c0d":{
    "bboxes":[
      [
        0.14157075,
        0.36175636,
        0.2063867,
        0.29340181
      ]
    ],
    "labels":[
      "peace_inverted"
    ],
    "leading_hand":"right",
    "leading_conf":1.0,
    "user_id":"0b6af396fe95a16abd6ba882e6d61e39"
  },
  "64adb893-c0cf-4736-85a7-d701017dc43f":{
    "bboxes":[
      [
        0.51557768,
        0.30879814,
        0.10281653,
        0.18379273
      ]
    ],
    "labels":[
      "peace_inverted"
    ],
    "leading_hand":"left",
    "leading_conf":1.0,
    "user_id":"16c291761fbd89899ffce456c2136324"
  },
  "6587ff6c-f252-40d0-9b4c-af6ba1f5c093":{
    "bboxes":[
      [
        0.35129402,
        0.1628029,
        0.11524326,
        0.1898697
      ]
    ],
    "labels":[
      "peace_inverted"
    ],
    "leading_hand":"right",
    "leading_conf":1.0,
    "user_id":"2fcb25098f961a52fee6312276e05a0a"
  },
  "68e745a5-3df3-46c8-a150-95ed597b4e08":{
    "bboxes":[
      [
        0.64610754,
        0.30456727,
        0.19332714,
        0.2295979
      ]
    ],
    "labels":[
      "peace_inverted"
    ],
    "leading_hand":"left",
    "leading_conf":0.8,
    "user_id":"38baa2b5a0f90284efdb0ca82446f8d8"
  },
  "69771326-bc01-4b5c-94d6-d00182b684bd":{
    "bboxes":[
      [
        0.58350086,
        0.37349136,
        0.15585229,
        0.20105515
      ]
    ],
    "labels":[
      "peace_inverted"
    ],
    "leading_hand":"left",
    "leading_conf":0.8,
    "user_id":"cb12477c42be147badeb3707e10ce017"
  },
  "6caf779d-cb48-475b-8794-5b34065f9272":{
    "bboxes":[
      [
        0.21779907,
        0.22452578,
        0.13585209,
        0.2266153
      ]
    ],
    "labels":[
      "peace_inverted"
    ],
    "leading_hand":"right",
    "leading_conf":1.0,
    "user_id":"32cd724794a9f55e04732cc1571de1c6"
  },
  "6d04c9c7-bd4d-4dbf-b4cc-278716bace9b":{
    "bboxes":[
      [
        0.41725398,
        0.34330738,
        0.14214548,
        0.15734677
      ]
    ],
    "labels":[
      "peace_inverted"
    ],
    "leading_hand":"right",
    "leading_conf":1.0,
    "user_id":"b0f13b0b31c1069a2917a748b064b62e"
  },
  "74e0e2dc-957c-4911-883a-046241d4ca7c":{
    "bboxes":[
      [
        0.31405834,
        0.38097133,
        0.14111283,
        0.19123295
      ]
    ],
    "labels":[
      "peace_inverted"
    ],
    "leading_hand":"right",
    "leading_conf":1.0,
    "user_id":"39645837f0118fc9b4c6d9b2e675d020"
  },
  "75510fab-3392-4967-b4e1-bd43b261532e":{
    "bboxes":[
      [
        0.56178133,
        0.43282656,
        0.14778184,
        0.19909465
      ]
    ],
    "labels":[
      "peace_inverted"
    ],
    "leading_hand":"left",
    "leading_conf":1.0,
    "user_id":"8796c22faf62893b52cc3969c2d824bb"
  },
  "78f723ab-21ba-4fed-bd60-91b7bcf17d86":{
    "bboxes":[
      [
        0.40094334,
        0.89073881,
        0.04009319,
        0.10926119
      ],
      [
        0.63041245,
        0.15472551,
        0.05536051,
        0.19656429
      ]
    ],
    "labels":[
      "no_gesture",
      "peace_inverted"
    ],
    "leading_hand":"left",
    "leading_conf":1.0,
    "user_id":"feea6c22175f962ab28452f7314d1bc0"
  },
  "793193ac-cd83-416b-9a78-c32ffcb109af":{
    "bboxes":[
      [
        0.21014732,
        0.33900953,
        0.18487252,
        0.24790333
      ]
    ],
    "labels":[
      "peace_inverted"
    ],
    "leading_hand":"right",
    "leading_conf":1.0,
    "user_id":"14653bafc0a19161f26832f34382b5e7"
  },
  "7cb16ce2-8f0b-4740-871f-db23c310a92e":{
    "bboxes":[
      [
        0.17122029,
        0.50800336,
        0.15222068,
        0.22149951
      ]
    ],
    "labels":[
      "peace_inverted"
    ],
    "leading_hand":"right",
    "leading_conf":1.0,
    "user_id":"533ddbda1f91560856d83b53971d13ce"
  },
  "7d379146-9e1c-4bc6-a69f-3b848a835017":{
    "bboxes":[
      [
        0.12614925,
        0.32145884,
        0.1723897,
        0.24896199
      ]
    ],
    "labels":[
      "peace_inverted"
    ],
    "leading_hand":"right",
    "leading_conf":0.8,
    "user_id":"84037e13d66248fb933695fb97a0e50c"
  },
  "80519117-79c7-48e0-8cd3-a8bb78908c6e":{
    "bboxes":[
      [
        0.54774802,
        0.40411008,
        0.16028963,
        0.21108219
      ]
    ],
    "labels":[
      "peace_inverted"
    ],
    "leading_hand":"left",
    "leading_conf":1.0,
    "user_id":"5ae80258419464172c738de128af2182"
  },
  "8056862b-3110-40a4-b22a-4616f92d1a52":{
    "bboxes":[
      [
        0.18049156,
        0.27452685,
        0.16333613,
        0.23016019
      ]
    ],
    "labels":[
      "peace_inverted"
    ],
    "leading_hand":"right",
    "leading_conf":1.0,
    "user_id":"d881ce7fab285cbf0145014996d89ef2"
  },
  "8234783a-3c22-48fa-a95d-c82282895a0c":{
    "bboxes":[
      [
        0.17584483,
        0.3558507,
        0.16247957,
        0.20824262
      ]
    ],
    "labels":[
      "peace_inverted"
    ],
    "leading_hand":"right",
    "leading_conf":1.0,
    "user_id":"a155aeb9e70433635a38843cd9f04822"
  },
  "83295293-53de-4f4a-a9e1-627f949eeaa1":{
    "bboxes":[
      [
        0.35137788,
        0.31681628,
        0.12630602,
        0.17292028
      ]
    ],
    "labels":[
      "peace_inverted"
    ],
    "leading_hand":"right",
    "leading_conf":1.0,
    "user_id":"b47cce9afa0cac3162327031cf02d621"
  },
  "837be6aa-5355-43ae-a254-3944932b6116":{
    "bboxes":[
      [
        0.36685643,
        0.39645126,
        0.06825546,
        0.18562607
      ]
    ],
    "labels":[
      "peace_inverted"
    ],
    "leading_hand":"right",
    "leading_conf":1.0,
    "user_id":"69a3b8005a3d7f2c2ad2541f804d404e"
  },
  "843cbafb-3486-45e3-888b-094de6bda6dd":{
    "bboxes":[
      [
        0.40680788,
        0.59343955,
        0.08014446,
        0.1170684
      ]
    ],
    "labels":[
      "peace_inverted"
    ],
    "leading_hand":"right",
    "leading_conf":1.0,
    "user_id":"98ac033d6d68b6fd9619c125f191f86d"
  },
  "84da3d22-28d4-4791-bd50-57a37d5d3771":{
    "bboxes":[
      [
        0.19606925,
        0.36375397,
        0.14013093,
        0.19010041
      ]
    ],
    "labels":[
      "peace_inverted"
    ],
    "leading_hand":"right",
    "leading_conf":1.0,
    "user_id":"f3507962a7de6323272da2ea85d16d9d"
  },
  "88cf984f-c50b-4f64-9dc9-0ebbadf5d4fa":{
    "bboxes":[
      [
        0.67761976,
        0.19929743,
        0.16100059,
        0.27773963
      ]
    ],
    "labels":[
      "peace_inverted"
    ],
    "leading_hand":"left",
    "leading_conf":0.8,
    "user_id":"080700097f983a472bf52d19b0459d4c"
  },
  "8c80b5b2-c144-4a8d-97ca-06d9a00cbc8a":{
    "bboxes":[
      [
        0.36267314,
        0.47037976,
        0.10354547,
        0.14699247
      ]
    ],
    "labels":[
      "peace_inverted"
    ],
    "leading_hand":"right",
    "leading_conf":1.0,
    "user_id":"8d2bb1f7a81fbf35bbe2c5f6ff0a67fd"
  },
  "8c91729d-35d9-438b-b588-6a1988c4c29e":{
    "bboxes":[
      [
        0.18274118,
        0.43316013,
        0.18275901,
        0.24649206
      ]
    ],
    "labels":[
      "peace_inverted"
    ],
    "leading_hand":"right",
    "leading_conf":1.0,
    "user_id":"2838a892c3e4bf57d9eaa4648072117e"
  },
  "8d528873-74a6-4ecb-a91d-8dee4acb3a66":{
    "bboxes":[
      [
        0.69086428,
        0.37542225,
        0.06269325,
        0.156064
      ]
    ],
    "labels":[
      "peace_inverted"
    ],
    "leading_hand":"left",
    "leading_conf":1.0,
    "user_id":"0195478b47e3c74313b5c2669d6d9259"
  },
  "9064b0e5-fd0f-4454-9977-5427d0bbaf55":{
    "bboxes":[
      [
        0.29893538,
        0.38527985,
        0.15250069,
        0.23401594
      ]
    ],
    "labels":[
      "peace_inverted"
    ],
    "leading_hand":"right",
    "leading_conf":1.0,
    "user_id":"68639f42dac5e11e9469d8974c2c9387"
  },
  "909b50aa-0f7c-4c7d-95c0-277a6a1d2e10":{
    "bboxes":[
      [
        0.2165296,
        0.37687811,
        0.13809777,
        0.19067167
      ]
    ],
    "labels":[
      "peace_inverted"
    ],
    "leading_hand":"right",
    "leading_conf":1.0,
    "user_id":"917eae1e545da908b26cde8e3bfa2299"
  },
  "91a64c8d-f919-440e-8365-2380ef3d073b":{
    "bboxes":[
      [
        0.41508179,
        0.22788259,
        0.09457011,
        0.1443807
      ],
      [
        0.50561123,
        0.45715869,
        0.11569879,
        0.06365571
      ]
    ],
    "labels":[
      "peace_inverted",
      "no_gesture"
    ],
    "leading_hand":"right",
    "leading_conf":1.0,
    "user_id":"9df62b3955d83e4b4f85012a44c71bd1"
  },
  "93dd265f-7cd9-44cf-98f1-f54807f90768":{
    "bboxes":[
      [
        0.56388385,
        0.60871752,
        0.05208934,
        0.12656637
      ]
    ],
    "labels":[
      "peace_inverted"
    ],
    "leading_hand":"left",
    "leading_conf":1.0,
    "user_id":"9c30fbc8ea048495bede475680c1f387"
  },
  "955791a2-cf34-480a-b167-16ea78d90768":{
    "bboxes":[
      [
        0.2272885,
        0.34224831,
        0.0583005,
        0.0845739
      ]
    ],
    "labels":[
      "peace_inverted"
    ],
    "leading_hand":"right",
    "leading_conf":1.0,
    "user_id":"ba4e4ee4e18434438fa29247ae4ffe3e"
  },
  "984a5c69-13f2-49ec-93bd-da1915fafee9":{
    "bboxes":[
      [
        0.30453693,
        0.41546698,
        0.18193027,
        0.15117767
      ],
      [
        0.70708251,
        0.80563371,
        0.20673065,
        0.09877682
      ]
    ],
    "labels":[
      "peace_inverted",
      "no_gesture"
    ],
    "leading_hand":"right",
    "leading_conf":0.8,
    "user_id":"3571fd4e1298367e5e23d4185bbd89b5"
  },
  "9a0de4c5-3dfe-4211-95fe-34f97478feef":{
    "bboxes":[
      [
        0.19702382,
        0.37497217,
        0.13465384,
        0.16712559
      ]
    ],
    "labels":[
      "peace_inverted"
    ],
    "leading_hand":"right",
    "leading_conf":0.8,
    "user_id":"c5630d5bea3c94a8f5c313739b7b2893"
  },
  "9a81066e-0e54-4803-a386-699080451571":{
    "bboxes":[
      [
        0.49653445,
        0.32244631,
        0.15585166,
        0.21602401
      ]
    ],
    "labels":[
      "peace_inverted"
    ],
    "leading_hand":"left",
    "leading_conf":1.0,
    "user_id":"4b28e40b84335d2098b2740e034dfcc3"
  },
  "9b46f6c8-f318-4864-914f-a09ac8bb2163":{
    "bboxes":[
      [
        0.31545631,
        0.9555332,
        0.21968063,
        0.04390553
      ],
      [
        0.6111,
        0.36494836,
        0.13408907,
        0.21170156
      ]
    ],
    "labels":[
      "no_gesture",
      "peace_inverted"
    ],
    "leading_hand":"left",
    "leading_conf":1.0,
    "user_id":"843d1b928d3c208916c5d817c2cf5563"
  },
  "9b8dea13-af88-4e82-8d5f-d7778e1ab1bb":{
    "bboxes":[
      [
        0.26283908,
        0.33567083,
        0.1659035,
        0.16106649
      ]
    ],
    "labels":[
      "peace_inverted"
    ],
    "leading_hand":"right",
    "leading_conf":1.0,
    "user_id":"758c158b6fc478318c9e3437d30d9a2c"
  },
  "9f0208e9-db44-4a30-99d1-e3536193e16e":{
    "bboxes":[
      [
        0.62204456,
        0.39615269,
        0.1123684,
        0.16418234
      ]
    ],
    "labels":[
      "peace_inverted"
    ],
    "leading_hand":"left",
    "leading_conf":1.0,
    "user_id":"b994789b41cb6937500b07cc26a0615e"
  },
  "9f6b5f0e-3653-4122-8cac-47cd7beae76f":{
    "bboxes":[
      [
        0.12612293,
        0.4056244,
        0.17435081,
        0.22922692
      ]
    ],
    "labels":[
      "peace_inverted"
    ],
    "leading_hand":"right",
    "leading_conf":1.0,
    "user_id":"327b866e396f2b57facd6b121d288fe6"
  },
  "a1fb16e3-a2d6-4187-ba20-ea3d4cba802d":{
    "bboxes":[
      [
        0.67854486,
        0.24209346,
        0.14673922,
        0.22147709
      ]
    ],
    "labels":[
      "peace_inverted"
    ],
    "leading_hand":"left",
    "leading_conf":1.0,
    "user_id":"a11e8dfa359415247624cc82a3b97fa4"
  },
  "a293035c-1622-4e71-8fb6-bfff2014c607":{
    "bboxes":[
      [
        0.60227084,
        0.3072053,
        0.08848045,
        0.22329748
      ]
    ],
    "labels":[
      "peace_inverted"
    ],
    "leading_hand":"left",
    "leading_conf":1.0,
    "user_id":"4a3a3193c96fe55c1a78f204efbef946"
  },
  "a3d46911-9e07-410a-a0a8-422d666b46e2":{
    "bboxes":[
      [
        0.34784877,
        0.46569894,
        0.10517361,
        0.09073617
      ],
      [
        0.64722526,
        0.71439528,
        0.09172693,
        0.06525777
      ]
    ],
    "labels":[
      "peace_inverted",
      "no_gesture"
    ],
    "leading_hand":"right",
    "leading_conf":1.0,
    "user_id":"ca39dcf6df74940d06db4db0311877ec"
  },
  "a6e44a1b-1295-4433-b71a-74215b4bfff3":{
    "bboxes":[
      [
        0.17804265,
        0.27357313,
        0.22761732,
        0.34024167
      ]
    ],
    "labels":[
      "peace_inverted"
    ],
    "leading_hand":"right",
    "leading_conf":1.0,
    "user_id":"82ee80d4d3b0ed9a00b10185c78c1e5c"
  },
  "a8c73d74-4d2f-42f1-a2d0-f36e3167c250":{
    "bboxes":[
      [
        0.24132386,
        0.27045447,
        0.14413327,
        0.20351052
      ]
    ],
    "labels":[
      "peace_inverted"
    ],
    "leading_hand":"right",
    "leading_conf":0.8,
    "user_id":"495434f9b40926e6fb182e63bd1ed813"
  },
  "a94e4c8a-b4be-41fb-9ce4-e87a4b4445a2":{
    "bboxes":[
      [
        0.63710858,
        0.62365744,
        0.0751401,
        0.11073563
      ]
    ],
    "labels":[
      "peace_inverted"
    ],
    "leading_hand":"left",
    "leading_conf":1.0,
    "user_id":"fd103efa94a2ce839777ecba959d02c0"
  },
  "aa50fbab-d97f-4029-93d4-8d0a318339d0":{
    "bboxes":[
      [
        0.61449553,
        0.40769384,
        0.09406217,
        0.15374935
      ]
    ],
    "labels":[
      "peace_inverted"
    ],
    "leading_hand":"left",
    "leading_conf":1.0,
    "user_id":"be064a924946d83405001d482f1ee1f9"
  }
}