{
  "00356894-7044-4534-b38c-6cfb36158695":{
    "bboxes":[
      [
        0.60499764,
        0.46589189,
        0.15218571,
        0.19683338
      ]
    ],
    "labels":[
      "peace"
    ],
    "leading_hand":"left",
    "leading_conf":1.0,
    "user_id":"7544a1cda6c3c092fdea6f322c624802"
  },
  "004d1cba-d098-4c66-ae06-4ea68de6578f":{
    "bboxes":[
      [
        0.35804328,
        0.24596391,
        0.06890673,
        0.11257043
      ],
      [
        0.663795,
        0.63147273,
        0.0590044,
        0.08604112
      ]
    ],
    "labels":[
      "peace",
      "no_gesture"
    ],
    "leading_hand":"right",
    "leading_conf":1.0,
    "user_id":"5ccec3437a72c1685a5c890823587aa5"
  },
  "005123bb-8aef-4b85-900d-804bbe9dcb85":{
    "bboxes":[
      [
        0.42147079,
        0.15146666,
        0.06455106,
        0.15891466
      ],
      [
        0.74848663,
        0.69070516,
        0.07387801,
        0.16856177
      ]
    ],
    "labels":[
      "peace",
      "no_gesture"
    ],
    "leading_hand":"right",
    "leading_conf":1.0,
    "user_id":"59f4ec76fd9215854aa06c9589fa6a06"
  },
  "0054b557-8222-4ed7-9ef1-996d4dcf3648":{
    "bboxes":[
      [
        0.64856257,
        0.41924748,
        0.07653158,
        0.17192978
      ]
    ],
    "labels":[
      "peace"
    ],
    "leading_hand":"left",
    "leading_conf":1.0,
    "user_id":"e92c7834dbdeb903e9209c5e982eac54"
  },
  "0087cb03-5b59-4a4f-8248-9d235024ac28":{
    "bboxes":[
      [
        0.17456931,
        0.87379267,
        0.06021095,
        0.10572243
      ],
      [
        0.53883651,
        0.45970632,
        0.08511546,
        0.11699625
      ]
    ],
    "labels":[
      "no_gesture",
      "peace"
    ],
    "leading_hand":"left",
    "leading_conf":1.0,
    "user_id":"8e842a3e6db0a40cd601c59643708e1d"
  },
  "009c6c68-7115-46b6-a276-2fc385da4d38":{
    "bboxes":[
      [
        0.32708935,
        0.82416676,
        0.06761597,
        0.11192645
      ],
      [
        0.59764544,
        0.38649295,
        0.10790505,
        0.14662364
      ]
    ],
    "labels":[
      "no_gesture",
      "peace"
    ],
    "leading_hand":"left",
    "leading_conf":1.0,
    "user_id":"6dd9f588db0c44e1ed1cf740e459b67c"
  },
  "00a0f6b1-11af-410c-a838-b7cf38b6cc88":{
    "bboxes":[
      [
        0.23817014,
        0.53472956,
        0.06821995,
        0.08955314
      ],
      [
        0.58606708,
        0.93333094,
        0.07524633,
        0.06658573
      ]
    ],
    "labels":[
      "peace",
      "no_gesture"
    ],
    "leading_hand":"right",
    "leading_conf":1.0,
    "user_id":"d3578931a47138b136bf81bda5a2743f"
  },
  "00a9bb8b-a484-486f-8c9f-a815d21cfb10":{
    "bboxes":[
      [
        0.1742312,
        0.27425277,
        0.10867206,
        0.14092176
      ],
      [
        0.69109756,
        0.86797065,
        0.10590062,
        0.13158632
      ]
    ],
    "labels":[
      "peace",
      "no_gesture"
    ],
    "leading_hand":"right",
    "leading_conf":1.0,
    "user_id":"6ab9d68781bc08dc166a1834cd3fef87"
  },
  "00abc378-a59c-4323-9f03-69395dd240ff":{
    "bboxes":[
      [
        0.26440463,
        0.15037794,
        0.08112776,
        0.11970232
      ],
      [
        0.68580281,
        0.59541344,
        0.06328298,
        0.08732073
      ]
    ],
    "labels":[
      "peace",
      "no_gesture"
    ],
    "leading_hand":"right",
    "leading_conf":1.0,
    "user_id":"f5ded7d1ad1498fc4c39122c8efd8410"
  },
  "00ac6dfd-4e4c-40ac-9a16-1f411b4bb7f6":{
    "bboxes":[
      [
        0.25201577,
        0.90697651,
        0.09361798,
        0.09247349
      ],
      [
        0.65365091,
        0.3792564,
        0.11622957,
        0.14973121
      ]
    ],
    "labels":[
      "no_gesture",
      "peace"
    ],
    "leading_hand":"left",
    "leading_conf":1.0,
    "user_id":"f9897d8a81ccb0aaadfd0efa41435c85"
  },
  "00bc0875-0b14-4db3-b718-2a6db1552cb2":{
    "bboxes":[
      [
        0.28742698,
        0.85593095,
        0.06051991,
        0.08400588
      ],
      [
        0.56202819,
        0.48732536,
        0.06682431,
        0.103407
      ]
    ],
    "labels":[
      "no_gesture",
      "peace"
    ],
    "leading_hand":"left",
    "leading_conf":1.0,
    "user_id":"24af0997477b545ecf4f92a29960e51b"
  },
  "00c45722-a11f-4d81-8e69-0c6ac081dc88":{
    "bboxes":[
      [
        0.41422111,
        0.40080759,
        0.03828066,
        0.04830812
      ],
      [
        0.52063717,
        0.56689479,
        0.03451833,
        0.04489585
      ]
    ],
    "labels":[
      "peace",
      "no_gesture"
    ],
    "leading_hand":"right",
    "leading_conf":1.0,
    "user_id":"cdc5c9b47f72cc3820c2c9074ed6ac99"
  },
  "00c6d88a-952b-4efc-bb01-040a20dcb7da":{
    "bboxes":[
      [
        0.028285,
        0.43772167,
        0.23326,
        0.33
      ]
    ],
    "labels":[
      "peace"
    ],
    "leading_hand":"right",
    "leading_conf":1.0,
    "user_id":"0fe659b78adb029750842825f590bc2e"
  },
  "00e9c9dc-fbd5-4b2c-809b-648686664281":{
    "bboxes":[
      [
        0.4928625,
        0.2373972,
        0.22769015,
        0.26798683
      ]
    ],
    "labels":[
      "peace"
    ],
    "leading_hand":"left",
    "leading_conf":1.0,
    "user_id":"4c2d70803e35ce2d30f3e875f1b01c6c"
  },
  "00f99e94-2386-4f84-9b46-464d1a0531a2":{
    "bboxes":[
      [
        0.2341569,
        0.1332933,
        0.17419749,
        0.29836782
      ],
      [
        0.50496689,
        0.74524493,
        0.16168577,
        0.18618371
      ]
    ],
    "labels":[
      "peace",
      "no_gesture"
    ],
    "leading_hand":"right",
    "leading_conf":1.0,
    "user_id":"edcd52d8a8098dc550b93d979f4e3dfb"
  },
  "00fecf4f-1823-4e02-ab34-c9fa6c6a79f5":{
    "bboxes":[
      [
        0.33583516,
        0.2097102,
        0.23346636,
        0.10735387
      ],
      [
        0.62512526,
        0.17717422,
        0.13388546,
        0.14544763
      ]
    ],
    "labels":[
      "no_gesture",
      "peace"
    ],
    "leading_hand":"left",
    "leading_conf":1.0,
    "user_id":"3cebd0065c19a0bbfde44e4a8f5e0f7c"
  },
  "0111e4e2-847b-46f4-99c5-0c8c43e3fa1b":{
    "bboxes":[
      [
        0.30994959,
        0.51123868,
        0.08509092,
        0.11205658
      ]
    ],
    "labels":[
      "peace"
    ],
    "leading_hand":"right",
    "leading_conf":1.0,
    "user_id":"c1f76e8edd4a69ebd58847ede305ae07"
  },
  "01197ad5-3116-4b67-9871-f533cdd21d5a":{
    "bboxes":[
      [
        0.23865048,
        0.45791732,
        0.06348639,
        0.09542715
      ],
      [
        0.6703505,
        0.84240149,
        0.06718476,
        0.09447277
      ]
    ],
    "labels":[
      "peace",
      "no_gesture"
    ],
    "leading_hand":"right",
    "leading_conf":1.0,
    "user_id":"4f6c8c05eebe8da51b05d9fc66f06aaa"
  },
  "011c9eb8-2d8b-484c-976e-73f80492056f":{
    "bboxes":[
      [
        0.20940473,
        0.82284271,
        0.05725628,
        0.0753852
      ],
      [
        0.46274232,
        0.5141457,
        0.06072793,
        0.07594192
      ]
    ],
    "labels":[
      "no_gesture",
      "peace"
    ],
    "leading_hand":"left",
    "leading_conf":1.0,
    "user_id":"31df7f4ff7456d0429d4acbe32c4e868"
  },
  "011e271d-2d04-47eb-a46c-2bf049445ef7":{
    "bboxes":[
      [
        0.10495235,
        0.45820289,
        0.11592491,
        0.11846487
      ],
      [
        0.57857599,
        0.85092433,
        0.11206716,
        0.10244669
      ]
    ],
    "labels":[
      "peace",
      "no_gesture"
    ],
    "leading_hand":"right",
    "leading_conf":1.0,
    "user_id":"4582e8f98305540eda365d26ef67fba1"
  },
  "011f0406-c89a-480d-8bb5-bc2ead6bd586":{
    "bboxes":[
      [
        0.07787357,
        0.64261888,
        0.10017841,
        0.11858692
      ],
      [
        0.54292089,
        0.20446385,
        0.11992326,
        0.14343977
      ]
    ],
    "labels":[
      "no_gesture",
      "peace"
    ],
    "leading_hand":"left",
    "leading_conf":1.0,
    "user_id":"9b703967f032dfe9702e90461e3ed293"
  },
  "0142a48d-8a6a-47cf-9cb0-e5df6c8ccea1":{
    "bboxes":[
      [
        0.30396777,
        0.23743966,
        0.10198556,
        0.14788051
      ],
      [
        0.34302333,
        0.58561577,
        0.17562526,
        0.07907925
      ]
    ],
    "labels":[
      "peace",
      "no_gesture"
    ],
    "leading_hand":"right",
    "leading_conf":1.0,
    "user_id":"efee296b69fd4dd98d75de1ec19abc77"
  },
  "014a0df0-892e-48e4-bb26-70e246f2cf2e":{
    "bboxes":[
      [
        0.38650333,
        0.53777167,
        0.108225,
        0.38467
      ]
    ],
    "labels":[
      "peace"
    ],
    "leading_hand":"right",
    "leading_conf":1.0,
    "user_id":"dd80ea4fc6c630aa86fc67d3f487cac0"
  },
  "0154d31c-9e6e-47e0-a8e9-a858f3efb1c6":{
    "bboxes":[
      [
        0.39940504,
        0.27934779,
        0.03947417,
        0.05422813
      ],
      [
        0.48779433,
        0.31237829,
        0.05718775,
        0.04423416
      ]
    ],
    "labels":[
      "peace",
      "no_gesture"
    ],
    "leading_hand":"right",
    "leading_conf":1.0,
    "user_id":"d3f50cb79b5ddab740708f5f2d6b1abe"
  },
  "016c021f-d855-450f-abf6-ad26951033dc":{
    "bboxes":[
      [
        0.49051713,
        0.40022764,
        0.03836117,
        0.04707986
      ]
    ],
    "labels":[
      "peace"
    ],
    "leading_hand":"right",
    "leading_conf":1.0,
    "user_id":"bc7af50ccd5a510a014b4465e414a104"
  },
  "01767505-d1a7-4f81-a8da-9df63c202694":{
    "bboxes":[
      [
        0.36715049,
        0.23464098,
        0.07384687,
        0.09542007
      ],
      [
        0.65832069,
        0.57816674,
        0.07236192,
        0.06997985
      ]
    ],
    "labels":[
      "peace",
      "no_gesture"
    ],
    "leading_hand":"right",
    "leading_conf":1.0,
    "user_id":"33e7dd07a2f2db5cbf51e8d3e8002a5f"
  },
  "018dc44b-198a-4735-abf7-2153b1226da0":{
    "bboxes":[
      [
        0.28611385,
        0.56356306,
        0.06519696,
        0.09175392
      ],
      [
        0.58153394,
        0.88049581,
        0.05546021,
        0.08912271
      ]
    ],
    "labels":[
      "peace",
      "no_gesture"
    ],
    "leading_hand":"right",
    "leading_conf":1.0,
    "user_id":"c16eb776243aa0170a7d86b9e654796e"
  },
  "01937fc1-f704-4421-9d13-83f06633a4d5":{
    "bboxes":[
      [
        0.18833451,
        0.74160861,
        0.07776803,
        0.10879856
      ],
      [
        0.59033101,
        0.31807719,
        0.08955359,
        0.12534521
      ]
    ],
    "labels":[
      "no_gesture",
      "peace"
    ],
    "leading_hand":"left",
    "leading_conf":1.0,
    "user_id":"4757abc1d1682667b79487dc78d6a4b1"
  },
  "01a20793-35c5-4e55-903f-34b5a0ac993e":{
    "bboxes":[
      [
        0.27955127,
        0.45220417,
        0.06861838,
        0.10931247
      ],
      [
        0.53698109,
        0.68346993,
        0.06810313,
        0.05876588
      ]
    ],
    "labels":[
      "peace",
      "no_gesture"
    ],
    "leading_hand":"right",
    "leading_conf":1.0,
    "user_id":"cf3fe5950b43eed3debc24220a386348"
  },
  "01d4e5dd-ec87-49f2-9d82-b9c8b7fae70a":{
    "bboxes":[
      [
        0.36971645,
        0.58824275,
        0.08043319,
        0.10550577
      ],
      [
        0.65091926,
        0.86132514,
        0.07953302,
        0.09450075
      ]
    ],
    "labels":[
      "peace",
      "no_gesture"
    ],
    "leading_hand":"right",
    "leading_conf":1.0,
    "user_id":"6ea348c2d068a6d053f12bea7bb4ae86"
  },
  "01f4e491-ac86-4659-8b69-4cefa315238f":{
    "bboxes":[
      [
        0.00074,
        0.15518333,
        0.18515833,
        0.66754667
      ]
    ],
    "labels":[
      "peace"
    ],
    "leading_hand":"right",
    "leading_conf":1.0,
    "user_id":"7baf08a100318773be990c569e50adf9"
  },
  "02096c62-3893-4a29-95b5-959728afd77d":{
    "bboxes":[
      [
        0.25980595,
        0.34822739,
        0.14643869,
        0.14711233
      ],
      [
        0.40487054,
        0.73159165,
        0.2588294,
        0.10677506
      ]
    ],
    "labels":[
      "peace",
      "no_gesture"
    ],
    "leading_hand":"right",
    "leading_conf":1.0,
    "user_id":"8a4719c7aedc97e9729ec6c2a3b7b277"
  },
  "0224bb42-b2e7-449c-8f2b-92b94ed368b8":{
    "bboxes":[
      [
        0.27832823,
        0.69766053,
        0.0748736,
        0.09067736
      ],
      [
        0.63561336,
        0.34142363,
        0.07239093,
        0.09461797
      ]
    ],
    "labels":[
      "no_gesture",
      "peace"
    ],
    "leading_hand":"left",
    "leading_conf":1.0,
    "user_id":"f068b7094f55d4c239347156d61992b3"
  },
  "0256ffd3-f1c7-4520-8bb5-fe7bdb0c018d":{
    "bboxes":[
      [
        0.3864984,
        0.88026583,
        0.08748669,
        0.11814372
      ],
      [
        0.67844196,
        0.32773317,
        0.07396593,
        0.18517173
      ]
    ],
    "labels":[
      "no_gesture",
      "peace"
    ],
    "leading_hand":"left",
    "leading_conf":1.0,
    "user_id":"36fd7a74870e914bc0579e3a1f9a537b"
  },
  "02638d7e-ab64-45be-ad87-53fb0ac34762":{
    "bboxes":[
      [
        0.58414663,
        0.22575559,
        0.05919176,
        0.2214206
      ]
    ],
    "labels":[
      "peace"
    ],
    "leading_hand":"left",
    "leading_conf":1.0,
    "user_id":"95a89869a1a0bbb36bdbf2e37eb992c1"
  },
  "026ea24a-25ca-48f7-bc91-52b2d64b42ae":{
    "bboxes":[
      [
        0.13447634,
        0.28215725,
        0.13975499,
        0.19359774
      ]
    ],
    "labels":[
      "peace"
    ],
    "leading_hand":"right",
    "leading_conf":1.0,
    "user_id":"ed8ee2c1ff2107401cd074d84a3c4c62"
  },
  "0297fdcd-966b-4e88-8c08-adc69f512bf6":{
    "bboxes":[
      [
        0.62950167,
        0.011315,
        0.14553167,
        0.46184667
      ]
    ],
    "labels":[
      "peace"
    ],
    "leading_hand":"left",
    "leading_conf":1.0,
    "user_id":"35b46476f8c773085f7436fa30b79966"
  },
  "0298ab0c-df73-4ed5-aa95-5094b4c9bb4f":{
    "bboxes":[
      [
        0.08839488,
        0.25137536,
        0.1527574,
        0.19715922
      ]
    ],
    "labels":[
      "peace"
    ],
    "leading_hand":"right",
    "leading_conf":1.0,
    "user_id":"59c792bb4e3069e5ac26c1cf4ec2b631"
  },
  "02afd5dc-d489-4b81-8073-032a6dd8c5ca":{
    "bboxes":[
      [
        0.12290389,
        0.22160333,
        0.17503167,
        0.25975833
      ]
    ],
    "labels":[
      "peace"
    ],
    "leading_hand":"right",
    "leading_conf":1.0,
    "user_id":"e67ffea9faf804e603e010807272f58d"
  },
  "02b382be-6523-4322-8e19-50fc196288e5":{
    "bboxes":[
      [
        0.2511439,
        0.26482494,
        0.11838191,
        0.16868968
      ]
    ],
    "labels":[
      "peace"
    ],
    "leading_hand":"right",
    "leading_conf":1.0,
    "user_id":"9df1907cf45531c1e3cc149bb0773919"
  },
  "02b942fe-b8c5-4162-976d-38870da86c39":{
    "bboxes":[
      [
        0.75784333,
        0.46439,
        0.18061167,
        0.529075
      ]
    ],
    "labels":[
      "peace"
    ],
    "leading_hand":"left",
    "leading_conf":1.0,
    "user_id":"dfb0a516f239d38af2a0d88b885ca383"
  },
  "02bc7606-3f59-4d00-84c9-9c2141c0541f":{
    "bboxes":[
      [
        0.38689261,
        0.90691064,
        0.06773599,
        0.06096475
      ],
      [
        0.5785653,
        0.68980732,
        0.06136306,
        0.0906345
      ]
    ],
    "labels":[
      "no_gesture",
      "peace"
    ],
    "leading_hand":"left",
    "leading_conf":1.0,
    "user_id":"ce552ca16d8cb36f1cf63e864b4b8e15"
  },
  "02d101f2-8f47-4083-b8a0-c1a1a3f76070":{
    "bboxes":[
      [
        0.25204815,
        0.84716699,
        0.05533418,
        0.08038158
      ],
      [
        0.67183579,
        0.40934794,
        0.0765079,
        0.11133602
      ]
    ],
    "labels":[
      "no_gesture",
      "peace"
    ],
    "leading_hand":"left",
    "leading_conf":1.0,
    "user_id":"5aa014c78141dbe0ad62384f6300235b"
  },
  "02e163d4-9298-4614-a489-960b91ea232d":{
    "bboxes":[
      [
        0.35037308,
        0.55167797,
        0.08018695,
        0.11255237
      ]
    ],
    "labels":[
      "peace"
    ],
    "leading_hand":"right",
    "leading_conf":1.0,
    "user_id":"036f71795a542e954706d86aadf7b5ac"
  },
  "02eb1928-9836-4ca6-b8e4-7e793fb29d86":{
    "bboxes":[
      [
        0.43714287,
        0.45843235,
        0.05363609,
        0.07041437
      ],
      [
        0.63346389,
        0.75555506,
        0.05755429,
        0.08067284
      ]
    ],
    "labels":[
      "peace",
      "no_gesture"
    ],
    "leading_hand":"right",
    "leading_conf":1.0,
    "user_id":"db573f94204e56e0cf3fc2ea000e5bdc"
  },
  "02ffc536-5477-493c-a0f7-e84d2120f04e":{
    "bboxes":[
      [
        0.24337284,
        0.09412676,
        0.1237728,
        0.19346075
      ],
      [
        0.57361927,
        0.53784669,
        0.12093283,
        0.08398481
      ]
    ],
    "labels":[
      "peace",
      "no_gesture"
    ],
    "leading_hand":"right",
    "leading_conf":1.0,
    "user_id":"119cdd96ae39d6714ff6d9ca9edca4a6"
  },
  "03094c0a-499c-4daa-8ffd-a2911c0561d0":{
    "bboxes":[
      [
        0.63524833,
        0.28321,
        0.36191333,
        0.27170667
      ]
    ],
    "labels":[
      "peace"
    ],
    "leading_hand":"left",
    "leading_conf":1.0,
    "user_id":"df50742ffe0a5db1bdc618057dd6101a"
  },
  "0309f9af-9cf7-4f78-985d-b0315674d583":{
    "bboxes":[
      [
        0.39971261,
        0.47099099,
        0.06691772,
        0.08587954
      ],
      [
        0.70654918,
        0.7166033,
        0.05719858,
        0.06866718
      ]
    ],
    "labels":[
      "peace",
      "no_gesture"
    ],
    "leading_hand":"right",
    "leading_conf":1.0,
    "user_id":"2bb5707677cd2d651b083bee8ea652e7"
  },
  "0313c156-c22d-402e-891f-a4e6511e6427":{
    "bboxes":[
      [
        0.20698228,
        0.30458156,
        0.11042569,
        0.16671262
      ]
    ],
    "labels":[
      "peace"
    ],
    "leading_hand":"right",
    "leading_conf":1.0,
    "user_id":"78fe7502f5f67cf2e7ed977be51c5b84"
  },
  "031d227a-7c95-499d-9e55-ade28d7e6f57":{
    "bboxes":[
      [
        0.66255449,
        0.44805532,
        0.19067253,
        0.35186816
      ]
    ],
    "labels":[
      "peace"
    ],
    "leading_hand":"left",
    "leading_conf":1.0,
    "user_id":"ae59653b2021ae148a31d4cff8c3ad67"
  },
  "0337b2c2-f3fe-46d7-b41e-577f5bc1460e":{
    "bboxes":[
      [
        0.38670528,
        0.33808273,
        0.13633384,
        0.21855752
      ]
    ],
    "labels":[
      "peace"
    ],
    "leading_hand":"right",
    "leading_conf":1.0,
    "user_id":"390b5a2eaad56ca61e7db6b1c7109e20"
  },
  "034039c1-70b3-4730-9250-91619c45210c":{
    "bboxes":[
      [
        0.21944384,
        0.13025903,
        0.08854232,
        0.23429687
      ]
    ],
    "labels":[
      "peace"
    ],
    "leading_hand":"right",
    "leading_conf":1.0,
    "user_id":"ae4d256f47e1256c45c7c196fca1883c"
  },
  "0350fca2-4934-47f9-891b-12ed6e0e89be":{
    "bboxes":[
      [
        0.20092,
        0.44920167,
        0.16962167,
        0.24479
      ]
    ],
    "labels":[
      "peace"
    ],
    "leading_hand":"right",
    "leading_conf":1.0,
    "user_id":"9cf0cf83e903677df1520626ba0def4f"
  },
  "035683d3-55bc-4ac7-9fd6-6e236efde9d1":{
    "bboxes":[
      [
        0.15031702,
        0.23009074,
        0.14179411,
        0.16742349
      ],
      [
        0.69858196,
        0.69384031,
        0.14683332,
        0.17155113
      ]
    ],
    "labels":[
      "peace",
      "no_gesture"
    ],
    "leading_hand":"right",
    "leading_conf":1.0,
    "user_id":"70ed25f13fa683c3b74d7abc75127c34"
  },
  "0379c43f-440d-4106-a31d-a9d792d0600a":{
    "bboxes":[
      [
        0.41024168,
        0.82374089,
        0.10244762,
        0.10612322
      ],
      [
        0.58305878,
        0.42724855,
        0.07415463,
        0.16447221
      ]
    ],
    "labels":[
      "no_gesture",
      "peace"
    ],
    "leading_hand":"left",
    "leading_conf":1.0,
    "user_id":"19923f06f459406d7ba9dc6a69d9d5aa"
  },
  "03a52a97-70aa-484d-90e6-507eb2443a43":{
    "bboxes":[
      [
        0.36947614,
        0.4169569,
        0.05248134,
        0.04118474
      ]
    ],
    "labels":[
      "peace"
    ],
    "leading_hand":"left",
    "leading_conf":1.0,
    "user_id":"2950834d0f171c7a2d2e4dac32d2071f"
  },
  "03ac5380-8674-41da-844b-dc1946f04e3e":{
    "bboxes":[
      [
        0.29359228,
        0.26043368,
        0.07223296,
        0.1090433
      ]
    ],
    "labels":[
      "peace"
    ],
    "leading_hand":"right",
    "leading_conf":1.0,
    "user_id":"a13ee26dd254695f4fb3a6628497a3fd"
  },
  "03b38e1c-41f1-4354-bfad-17c6febe0006":{
    "bboxes":[
      [
        0.53605195,
        0.24770052,
        0.09963869,
        0.33006986
      ]
    ],
    "labels":[
      "peace"
    ],
    "leading_hand":"left",
    "leading_conf":1.0,
    "user_id":"7e43d6c1b6115ae9a4b1749426bc8bc3"
  },
  "03b90a1c-0c5c-4d3d-93d2-cfbfabf5fd0f":{
    "bboxes":[
      [
        0.28505217,
        0.27929599,
        0.04338282,
        0.06024732
      ],
      [
        0.54614012,
        0.47433175,
        0.03731197,
        0.04923568
      ]
    ],
    "labels":[
      "peace",
      "no_gesture"
    ],
    "leading_hand":"right",
    "leading_conf":1.0,
    "user_id":"d8957cf301c6f45d026201261538f198"
  },
  "03bb5ecf-2933-48f1-adbc-f34b8eee6f52":{
    "bboxes":[
      [
        0.74023466,
        0.47505059,
        0.12271758,
        0.18025739
      ]
    ],
    "labels":[
      "peace"
    ],
    "leading_hand":"left",
    "leading_conf":1.0,
    "user_id":"10f9b2ca599b5f6ecfa69cca432ce0b3"
  },
  "03e3c21a-dfff-4b9e-9421-ef9ac01040ca":{
    "bboxes":[
      [
        0.2852947,
        0.10196943,
        0.290276,
        0.37046877
      ]
    ],
    "labels":[
      "peace"
    ],
    "leading_hand":"right",
    "leading_conf":1.0,
    "user_id":"0233035be4c6e60b7536c6aac44ecf36"
  },
  "03e9a038-40e0-4c83-a033-214f014ced1b":{
    "bboxes":[
      [
        0.19935591,
        0.85597475,
        0.18351056,
        0.07617167
      ],
      [
        0.6124048,
        0.35451975,
        0.13408111,
        0.16675167
      ]
    ],
    "labels":[
      "no_gesture",
      "peace"
    ],
    "leading_hand":"left",
    "leading_conf":1.0,
    "user_id":"3bd2c8d9fa1c54bf5bddb586af7c514d"
  },
  "03eb7a30-1c18-4f7f-81d8-fbd56fe017ee":{
    "bboxes":[
      [
        0.10797818,
        0.9188054,
        0.08289145,
        0.0806446
      ],
      [
        0.56725369,
        0.41496654,
        0.10320156,
        0.14846604
      ]
    ],
    "labels":[
      "no_gesture",
      "peace"
    ],
    "leading_hand":"left",
    "leading_conf":1.0,
    "user_id":"603739b3731c936b50185415870b96af"
  },
  "03f0d69f-9351-4178-a766-7e83dcb4519a":{
    "bboxes":[
      [
        0.39083612,
        0.2013282,
        0.07885774,
        0.11038761
      ],
      [
        0.6803589,
        0.53935861,
        0.05973261,
        0.08776089
      ]
    ],
    "labels":[
      "peace",
      "no_gesture"
    ],
    "leading_hand":"right",
    "leading_conf":1.0,
    "user_id":"f767a7aad72d8e8ffca661603aa259f4"
  },
  "03ff985e-8842-48e4-a42f-3d4cb760934d":{
    "bboxes":[
      [
        0.27857909,
        0.74295341,
        0.10143827,
        0.13306283
      ],
      [
        0.73536072,
        0.12423532,
        0.14182042,
        0.18987026
      ]
    ],
    "labels":[
      "no_gesture",
      "peace"
    ],
    "leading_hand":"left",
    "leading_conf":1.0,
    "user_id":"65d19c5646b51c6629fda4d156ca333c"
  },
  "040c1280-19ed-48f0-a0cf-506a5b293c3a":{
    "bboxes":[
      [
        0.19870628,
        0.34108578,
        0.10246536,
        0.13457506
      ],
      [
        0.63637513,
        0.8266885,
        0.0795073,
        0.12493589
      ]
    ],
    "labels":[
      "peace",
      "no_gesture"
    ],
    "leading_hand":"right",
    "leading_conf":1.0,
    "user_id":"6eaf337c0d9f30d84c9e89071e8e50a5"
  },
  "04130e7e-1b9e-4aa0-a3b1-db715b6ee93c":{
    "bboxes":[
      [
        0.21777339,
        0.48618866,
        0.03026754,
        0.06772909
      ],
      [
        0.29369584,
        0.73536258,
        0.02913803,
        0.03290904
      ]
    ],
    "labels":[
      "peace",
      "no_gesture"
    ],
    "leading_hand":"right",
    "leading_conf":1.0,
    "user_id":"575f932a174e97355bb9ca2afaf170ad"
  },
  "0427b250-a020-4578-aeb8-e2d546dd38ee":{
    "bboxes":[
      [
        0.44030333,
        0.36490333,
        0.05355,
        0.147065
      ],
      [
        0.70345333,
        0.81194167,
        0.053685,
        0.12649167
      ]
    ],
    "labels":[
      "peace",
      "no_gesture"
    ],
    "leading_hand":"right",
    "leading_conf":1.0,
    "user_id":"3e5a7c8ebf97f7185372c33e0bc45c7b"
  },
  "043f1e6d-f1f8-4180-a241-bceda4bca62a":{
    "bboxes":[
      [
        0.1491287,
        0.69889399,
        0.09282784,
        0.14674362
      ],
      [
        0.68057997,
        0.18522787,
        0.11527559,
        0.18219045
      ]
    ],
    "labels":[
      "no_gesture",
      "peace"
    ],
    "leading_hand":"left",
    "leading_conf":1.0,
    "user_id":"a863240507fb988162b07469c3159c0a"
  },
  "0459508e-6be3-4494-939c-cf74fa0c9c29":{
    "bboxes":[
      [
        0.41554771,
        0.77262442,
        0.05755354,
        0.07046769
      ],
      [
        0.64312591,
        0.47223593,
        0.0716928,
        0.08532914
      ]
    ],
    "labels":[
      "no_gesture",
      "peace"
    ],
    "leading_hand":"left",
    "leading_conf":1.0,
    "user_id":"b99c8a427df9fda1e12d6f1abefe7dbc"
  },
  "045b6ef5-972f-424e-bc24-a700bdf23254":{
    "bboxes":[
      [
        0.30155173,
        0.34113673,
        0.08055603,
        0.20022396
      ],
      [
        0.56705612,
        0.89039201,
        0.12417464,
        0.10877465
      ]
    ],
    "labels":[
      "peace",
      "no_gesture"
    ],
    "leading_hand":"right",
    "leading_conf":1.0,
    "user_id":"7af5914506df46497a0d69fcfab385d5"
  },
  "046a2bea-e479-4ec2-9fa9-05d5a1e96755":{
    "bboxes":[
      [
        0.15279891,
        0.65895782,
        0.08562984,
        0.1134463
      ],
      [
        0.62030638,
        0.25492193,
        0.09896731,
        0.14212041
      ]
    ],
    "labels":[
      "no_gesture",
      "peace"
    ],
    "leading_hand":"left",
    "leading_conf":1.0,
    "user_id":"a95867dabb182a992d422f9f017936f7"
  },
  "046e2442-e3ef-4fa8-94e4-abb55f743e7d":{
    "bboxes":[
      [
        0.11886581,
        0.67413653,
        0.08706619,
        0.09400099
      ],
      [
        0.55579627,
        0.19630429,
        0.13941327,
        0.17652553
      ]
    ],
    "labels":[
      "no_gesture",
      "peace"
    ],
    "leading_hand":"left",
    "leading_conf":1.0,
    "user_id":"13de9b8fa48daef298c5893f19733848"
  },
  "0479e8fc-993f-4f53-8eaa-9f5adb5065b7":{
    "bboxes":[
      [
        0.35208102,
        0.84331427,
        0.07131174,
        0.15522216
      ],
      [
        0.65588098,
        0.18710896,
        0.08263818,
        0.24317706
      ]
    ],
    "labels":[
      "no_gesture",
      "peace"
    ],
    "leading_hand":"left",
    "leading_conf":1.0,
    "user_id":"27472a4c9924294af39f5a7325b0152f"
  },
  "04a5e8d6-70f2-45ae-aac5-b8c69cd92fc6":{
    "bboxes":[
      [
        0.57811981,
        0.46988995,
        0.19967729,
        0.23909961
      ]
    ],
    "labels":[
      "peace"
    ],
    "leading_hand":"left",
    "leading_conf":1.0,
    "user_id":"4f39dfc46822976cdd1861aa49aea8cf"
  },
  "04a8793e-3ffb-43c0-b7d3-d75b90ce9b1c":{
    "bboxes":[
      [
        0.09722133,
        0.18880479,
        0.16304618,
        0.1970587
      ],
      [
        0.70237227,
        0.82488472,
        0.14046731,
        0.12838918
      ]
    ],
    "labels":[
      "peace",
      "no_gesture"
    ],
    "leading_hand":"right",
    "leading_conf":1.0,
    "user_id":"afefa3900e2ad6c60adb170bc282a8fa"
  },
  "04c6f15a-2c55-4d75-a015-dc8ac89c75f8":{
    "bboxes":[
      [
        0.79684667,
        0.37202333,
        0.15065667,
        0.231465
      ]
    ],
    "labels":[
      "peace"
    ],
    "leading_hand":"left",
    "leading_conf":1.0,
    "user_id":"fa8e6fd5d39eb875507b3e54e7a78fdf"
  },
  "04d0c305-4775-4905-9bab-92ffb17bfcc6":{
    "bboxes":[
      [
        0.36047039,
        0.83287193,
        0.06671318,
        0.13828231
      ],
      [
        0.5840564,
        0.32860071,
        0.06599324,
        0.13960491
      ]
    ],
    "labels":[
      "no_gesture",
      "peace"
    ],
    "leading_hand":"left",
    "leading_conf":1.0,
    "user_id":"fe320f7a993855dfedbddf2f3553b390"
  },
  "04d82bef-04aa-42e4-b832-cb344204ae12":{
    "bboxes":[
      [
        0.18119757,
        0.40304485,
        0.11452749,
        0.09812136
      ],
      [
        0.66509521,
        0.80282405,
        0.0870485,
        0.08046659
      ]
    ],
    "labels":[
      "peace",
      "no_gesture"
    ],
    "leading_hand":"right",
    "leading_conf":1.0,
    "user_id":"ca39dcf6df74940d06db4db0311877ec"
  },
  "04f33079-2172-4d70-8664-f7fd599273cd":{
    "bboxes":[
      [
        0.29990789,
        0.67607782,
        0.06126481,
        0.0844215
      ],
      [
        0.61334408,
        0.21639038,
        0.07791789,
        0.09467153
      ]
    ],
    "labels":[
      "no_gesture",
      "peace"
    ],
    "leading_hand":"left",
    "leading_conf":1.0,
    "user_id":"db573f94204e56e0cf3fc2ea000e5bdc"
  },
  "05092e30-6f98-41f4-b2f6-e4da8278f8ef":{
    "bboxes":[
      [
        0.59173484,
        0.4796554,
        0.24190058,
        0.31069351
      ]
    ],
    "labels":[
      "peace"
    ],
    "leading_hand":"left",
    "leading_conf":1.0,
    "user_id":"e59982c50f2df3fd8b567e234d2b1bf7"
  },
  "0512ec67-512b-4554-a19d-f0b4ea57ecb4":{
    "bboxes":[
      [
        0.35692658,
        0.10758788,
        0.07316318,
        0.15822697
      ],
      [
        0.6752739,
        0.59007963,
        0.04670374,
        0.10244264
      ]
    ],
    "labels":[
      "peace",
      "no_gesture"
    ],
    "leading_hand":"right",
    "leading_conf":1.0,
    "user_id":"4e440f5dcb40c38bec53162a74a64d24"
  },
  "05210ce0-ef4d-4f43-b832-35166e10b403":{
    "bboxes":[
      [
        0.65525333,
        0.49988167,
        0.29982833,
        0.37067333
      ]
    ],
    "labels":[
      "peace"
    ],
    "leading_hand":"left",
    "leading_conf":1.0,
    "user_id":"54c531ffd84c30ef0a9153984175dfa8"
  },
  "052370b7-c1d9-4607-a430-8c4234b2febd":{
    "bboxes":[
      [
        0.33470146,
        0.76863283,
        0.03768635,
        0.1309683
      ],
      [
        0.57124033,
        0.19841592,
        0.04410081,
        0.17500679
      ]
    ],
    "labels":[
      "no_gesture",
      "peace"
    ],
    "leading_hand":"left",
    "leading_conf":1.0,
    "user_id":"6deaec04d87e7c1fea7c73d3882075f8"
  },
  "053d997a-7210-4fb8-a794-9eb91a8b5bf9":{
    "bboxes":[
      [
        0.31937003,
        0.75333966,
        0.07328103,
        0.10901789
      ],
      [
        0.67375995,
        0.2812223,
        0.08661532,
        0.13383957
      ]
    ],
    "labels":[
      "no_gesture",
      "peace"
    ],
    "leading_hand":"left",
    "leading_conf":1.0,
    "user_id":"36baf6626e2ebdb78c5165ba0f5775cc"
  },
  "056f5699-3cd0-4cd3-875c-56931e21ace4":{
    "bboxes":[
      [
        0.4151358,
        0.78045545,
        0.03699247,
        0.05048942
      ],
      [
        0.65069482,
        0.51452073,
        0.05114465,
        0.06713802
      ]
    ],
    "labels":[
      "no_gesture",
      "peace"
    ],
    "leading_hand":"left",
    "leading_conf":1.0,
    "user_id":"c1ea60a8c15961c2198b1079d91b770f"
  },
  "059b45f4-3f1a-4de2-ad54-fa454817361a":{
    "bboxes":[
      [
        0.5626738,
        0.59065361,
        0.08864282,
        0.1196552
      ]
    ],
    "labels":[
      "peace"
    ],
    "leading_hand":"left",
    "leading_conf":1.0,
    "user_id":"a0ddd4923524341f97711bc457de0799"
  },
  "05b1c7c7-7d59-411c-88da-05862f4b9952":{
    "bboxes":[
      [
        0.26712247,
        0.85145384,
        0.09260197,
        0.14644283
      ],
      [
        0.56613019,
        0.42839938,
        0.07352166,
        0.16789284
      ]
    ],
    "labels":[
      "no_gesture",
      "peace"
    ],
    "leading_hand":"left",
    "leading_conf":1.0,
    "user_id":"3af198e82bc14aefffb54eef8d94520b"
  },
  "05b56ad9-6742-4465-a6ce-ce7fa786014a":{
    "bboxes":[
      [
        0.14999062,
        0.43220066,
        0.13264443,
        0.17817565
      ],
      [
        0.54335197,
        0.84196639,
        0.16323059,
        0.15553361
      ]
    ],
    "labels":[
      "peace",
      "no_gesture"
    ],
    "leading_hand":"right",
    "leading_conf":1.0,
    "user_id":"40fff8979820e8f0ef45cc8e6564bd3a"
  },
  "05d73a69-72c7-4fc7-892d-84034980dd8d":{
    "bboxes":[
      [
        0.30996804,
        0.43896593,
        0.06579598,
        0.09481391
      ],
      [
        0.65098873,
        0.80389703,
        0.05949258,
        0.08705171
      ]
    ],
    "labels":[
      "peace",
      "no_gesture"
    ],
    "leading_hand":"right",
    "leading_conf":1.0,
    "user_id":"3215da23b0d1279da508e8170a3f9cfd"
  },
  "05e7957d-a436-4a7a-bde0-8f567d9b1851":{
    "bboxes":[
      [
        0.36989973,
        0.60021487,
        0.0691853,
        0.09533771
      ]
    ],
    "labels":[
      "peace"
    ],
    "leading_hand":"right",
    "leading_conf":0.8,
    "user_id":"b994789b41cb6937500b07cc26a0615e"
  },
  "05fec3e8-39f7-493d-bc70-58df604fd95c":{
    "bboxes":[
      [
        0.72610045,
        0.39967409,
        0.11107388,
        0.14998955
      ]
    ],
    "labels":[
      "peace"
    ],
    "leading_hand":"left",
    "leading_conf":1.0,
    "user_id":"ca8548c1a42a84df1ea8a3087fc1c837"
  },
  "060fc025-15e8-4cce-bfd5-c01c909e5525":{
    "bboxes":[
      [
        0.23274184,
        0.19449287,
        0.10369249,
        0.13939519
      ],
      [
        0.68269629,
        0.65291748,
        0.08084494,
        0.10287324
      ]
    ],
    "labels":[
      "peace",
      "no_gesture"
    ],
    "leading_hand":"right",
    "leading_conf":1.0,
    "user_id":"ccf0f5f9edaaa995c062d769c91d9a5e"
  },
  "0612fd35-c0a7-454e-be8d-ea19fa13266a":{
    "bboxes":[
      [
        0.15339632,
        0.50085542,
        0.08342479,
        0.07560273
      ],
      [
        0.50656476,
        0.76755298,
        0.0786609,
        0.06755285
      ]
    ],
    "labels":[
      "peace",
      "no_gesture"
    ],
    "leading_hand":"right",
    "leading_conf":1.0,
    "user_id":"168a2718add9caa5db9f4eca15bc8cc2"
  },
  "063e7109-50d6-402b-9019-16f010c1ccba":{
    "bboxes":[
      [
        0.02888223,
        0.16138848,
        0.24999051,
        0.28262572
      ]
    ],
    "labels":[
      "peace"
    ],
    "leading_hand":"right",
    "leading_conf":1.0,
    "user_id":"33d962d5ae43142a46615b741fc0f7ca"
  },
  "06501ae5-ddc0-4df8-a0e5-b7044615b686":{
    "bboxes":[
      [
        0.26608161,
        0.25946829,
        0.0804455,
        0.13121561
      ],
      [
        0.60607073,
        0.68049605,
        0.05702019,
        0.09578044
      ]
    ],
    "labels":[
      "peace",
      "no_gesture"
    ],
    "leading_hand":"right",
    "leading_conf":1.0,
    "user_id":"9e5a45851413fd96d4f9caa373e63de2"
  },
  "066be32e-4045-48c5-9aad-0165ff7282f5":{
    "bboxes":[
      [
        0.5780526,
        0.78490351,
        0.17083577,
        0.14431246
      ],
      [
        0.72494849,
        0.38412034,
        0.11708984,
        0.17260793
      ]
    ],
    "labels":[
      "no_gesture",
      "peace"
    ],
    "leading_hand":"left",
    "leading_conf":1.0,
    "user_id":"921f9c4d3ef13e4b84a30da031fffeab"
  },
  "0689a391-30c0-468c-8572-37f2d88d485f":{
    "bboxes":[
      [
        0.08035203,
        0.65222641,
        0.08390507,
        0.11583564
      ],
      [
        0.55040427,
        0.28164069,
        0.08540729,
        0.12252098
      ]
    ],
    "labels":[
      "no_gesture",
      "peace"
    ],
    "leading_hand":"left",
    "leading_conf":1.0,
    "user_id":"9615bf40130b9979b90ff7d48f73c851"
  },
  "068ba7f6-c635-4391-9e7d-06128ccccca1":{
    "bboxes":[
      [
        0.19643657,
        0.86670154,
        0.04282037,
        0.07685508
      ],
      [
        0.48569607,
        0.56139411,
        0.05837794,
        0.07602184
      ]
    ],
    "labels":[
      "no_gesture",
      "peace"
    ],
    "leading_hand":"left",
    "leading_conf":1.0,
    "user_id":"a4c1a4e0e4fe8bd301b5b0776188a632"
  },
  "06955f51-694b-49a4-8e83-8df3dc268c13":{
    "bboxes":[
      [
        0.26385117,
        0.56422536,
        0.03243755,
        0.07369519
      ],
      [
        0.41850532,
        0.26063623,
        0.0447434,
        0.08728572
      ]
    ],
    "labels":[
      "no_gesture",
      "peace"
    ],
    "leading_hand":"left",
    "leading_conf":1.0,
    "user_id":"575f932a174e97355bb9ca2afaf170ad"
  }
}