{
  "000dfea0-f327-4193-b55c-c7111f118245":{
    "bboxes":[
      [
        0.35531378,
        0.44893756,
        0.19410034,
        0.17137223
      ]
    ],
    "labels":[
      "rock"
    ],
    "leading_hand":"right",
    "leading_conf":1.0,
    "user_id":"a1fcef39ac71deec7c66f1fdf416d754"
  },
  "001c7380-780e-44c7-b244-24e7f6bdf4de":{
    "bboxes":[
      [
        0.6471039,
        0.28669023,
        0.17280827,
        0.16501053
      ]
    ],
    "labels":[
      "rock"
    ],
    "leading_hand":"left",
    "leading_conf":1.0,
    "user_id":"082c026a350df098be61ed03e6eeef25"
  },
  "001e9522-981a-4d9c-96b8-2a9d6be74faa":{
    "bboxes":[
      [
        0.20991708,
        0.22059573,
        0.1589885,
        0.1573419
      ],
      [
        0.68225069,
        0.76097037,
        0.08600924,
        0.11780456
      ]
    ],
    "labels":[
      "rock",
      "no_gesture"
    ],
    "leading_hand":"right",
    "leading_conf":1.0,
    "user_id":"4c7f51e3a6880f59e831c975570482d1"
  },
  "00239a96-1f58-435b-ae34-4ed8a112ee8f":{
    "bboxes":[
      [
        0.70778646,
        0.20651295,
        0.15462891,
        0.21556743
      ]
    ],
    "labels":[
      "rock"
    ],
    "leading_hand":"left",
    "leading_conf":1.0,
    "user_id":"91f2fdea5e683b872ee718cba49aa351"
  },
  "009626ec-2a18-4b36-8b42-579e2cd1352e":{
    "bboxes":[
      [
        0.3933298,
        0.15960019,
        0.08232904,
        0.11601661
      ],
      [
        0.5712599,
        0.42360568,
        0.13168683,
        0.08835868
      ]
    ],
    "labels":[
      "rock",
      "no_gesture"
    ],
    "leading_hand":"right",
    "leading_conf":1.0,
    "user_id":"42b107f0c0339553c72f6ccc27f72297"
  },
  "00987a96-2cdd-4a5f-95a8-457d358a13c1":{
    "bboxes":[
      [
        0.5895604,
        0.3654281,
        0.1296736,
        0.13554798
      ]
    ],
    "labels":[
      "rock"
    ],
    "leading_hand":"left",
    "leading_conf":1.0,
    "user_id":"4db6b6c02bb7751f9b371f78854b6846"
  },
  "00a6471d-bd8a-42e3-a97b-073ace11f623":{
    "bboxes":[
      [
        0.37226939,
        0.22170128,
        0.12029781,
        0.14830136
      ],
      [
        0.81279176,
        0.71372657,
        0.11294378,
        0.15348605
      ]
    ],
    "labels":[
      "rock",
      "no_gesture"
    ],
    "leading_hand":"right",
    "leading_conf":1.0,
    "user_id":"1cff2adfee230ce178982535ad8193ec"
  },
  "00aa12ba-852c-480f-ac8a-c9d67339d841":{
    "bboxes":[
      [
        0.12287149,
        0.80571914,
        0.09435867,
        0.14948287
      ],
      [
        0.58755832,
        0.23394878,
        0.15773005,
        0.1384254
      ]
    ],
    "labels":[
      "no_gesture",
      "rock"
    ],
    "leading_hand":"left",
    "leading_conf":1.0,
    "user_id":"578f5bd535169095f897881984d14944"
  },
  "00b47b98-f64f-4685-b06c-6018a6090cf6":{
    "bboxes":[
      [
        0.62466243,
        0.09583954,
        0.09051064,
        0.14146631
      ]
    ],
    "labels":[
      "rock"
    ],
    "leading_hand":"left",
    "leading_conf":1.0,
    "user_id":"4a33992b7a6fcda90f9d5ed7a40f3d5d"
  },
  "00b9ddcf-9308-40a4-ac01-ee011a9ec91e":{
    "bboxes":[
      [
        0.2170928,
        0.86450023,
        0.10394172,
        0.12938269
      ],
      [
        0.69616657,
        0.33727105,
        0.11034673,
        0.15242123
      ]
    ],
    "labels":[
      "no_gesture",
      "rock"
    ],
    "leading_hand":"left",
    "leading_conf":1.0,
    "user_id":"9dc25e8bfeeaef93a444938120063994"
  },
  "00c22e76-b6ad-449d-9f3c-bce090c9542d":{
    "bboxes":[
      [
        0.23957775,
        0.52093786,
        0.09326044,
        0.08931376
      ],
      [
        0.46417775,
        0.11303499,
        0.10371125,
        0.12061298
      ]
    ],
    "labels":[
      "no_gesture",
      "rock"
    ],
    "leading_hand":"left",
    "leading_conf":1.0,
    "user_id":"dc002a7caf9c929fc90c1895f18cff7e"
  },
  "00c791f8-b025-4903-b0ea-518ce931888a":{
    "bboxes":[
      [
        0.14986743,
        0.56003846,
        0.04528022,
        0.05253752
      ],
      [
        0.34232445,
        0.32154909,
        0.07972223,
        0.06003932
      ]
    ],
    "labels":[
      "no_gesture",
      "rock"
    ],
    "leading_hand":"left",
    "leading_conf":1.0,
    "user_id":"dcc4b3ccafa91491b2caea6634adcab8"
  },
  "00c7d7ed-4ca9-4a36-86bf-2a5b2848f95d":{
    "bboxes":[
      [
        0.21010202,
        0.37789323,
        0.17019444,
        0.25477
      ]
    ],
    "labels":[
      "rock"
    ],
    "leading_hand":"right",
    "leading_conf":1.0,
    "user_id":"5b22253d496e135b020b1056b5f5fd83"
  },
  "00db5a90-2f25-4875-a36b-cb871050034c":{
    "bboxes":[
      [
        0.20491617,
        0.77145029,
        0.07718006,
        0.10775874
      ],
      [
        0.60846761,
        0.34824114,
        0.11475757,
        0.13222776
      ]
    ],
    "labels":[
      "no_gesture",
      "rock"
    ],
    "leading_hand":"left",
    "leading_conf":1.0,
    "user_id":"f4d2b6e26138a8a901e38f8f523663ed"
  },
  "00e1370a-bb1f-4eda-982d-104f2e7e4245":{
    "bboxes":[
      [
        0.39361308,
        0.42009305,
        0.04410503,
        0.12119634
      ],
      [
        0.53133771,
        0.92535978,
        0.03681007,
        0.07358689
      ]
    ],
    "labels":[
      "rock",
      "no_gesture"
    ],
    "leading_hand":"right",
    "leading_conf":1.0,
    "user_id":"3e4b5e0e11671fe0d64531149c2ceab5"
  },
  "00f0d42d-e72e-49b8-9a27-1f5fb603738b":{
    "bboxes":[
      [
        0.2656574,
        0.902459,
        0.11902106,
        0.09735203
      ],
      [
        0.69197745,
        0.4074369,
        0.08089213,
        0.22107475
      ]
    ],
    "labels":[
      "no_gesture",
      "rock"
    ],
    "leading_hand":"left",
    "leading_conf":1.0,
    "user_id":"ac50b6e3b3bc4a1dfc28369211665ef2"
  },
  "00f19f0d-a176-4669-a583-3e16d21cc1d0":{
    "bboxes":[
      [
        0.29106504,
        0.13927703,
        0.12521508,
        0.15970959
      ],
      [
        0.87088534,
        0.63430169,
        0.10379168,
        0.17375344
      ]
    ],
    "labels":[
      "rock",
      "no_gesture"
    ],
    "leading_hand":"right",
    "leading_conf":1.0,
    "user_id":"f21d47d9228102bb4d0edb3d49c0ce79"
  },
  "010bac92-854e-4333-97f6-59b70528c45b":{
    "bboxes":[
      [
        0.07088734,
        0.19675572,
        0.29865058,
        0.2972138
      ]
    ],
    "labels":[
      "rock"
    ],
    "leading_hand":"right",
    "leading_conf":1.0,
    "user_id":"15ee2655c4dff853c294ca16e203d51a"
  },
  "010f70e1-894b-428f-980b-733acf6560e9":{
    "bboxes":[
      [
        0.34845883,
        0.40018993,
        0.06733769,
        0.07729084
      ],
      [
        0.57489496,
        0.70783514,
        0.05878958,
        0.08270733
      ]
    ],
    "labels":[
      "rock",
      "no_gesture"
    ],
    "leading_hand":"right",
    "leading_conf":1.0,
    "user_id":"ef85abda9a45a1f9df58329e7c33d04d"
  },
  "0117fb74-ce0b-4a8f-a715-39648ede406b":{
    "bboxes":[
      [
        0.30876696,
        0.52137452,
        0.10962223,
        0.11791619
      ]
    ],
    "labels":[
      "rock"
    ],
    "leading_hand":"right",
    "leading_conf":1.0,
    "user_id":"5a55c30ba807f910840eaa8be4b4843d"
  },
  "011c9d8b-98c4-4d6a-a4d5-cde54ae1a639":{
    "bboxes":[
      [
        0.43055816,
        0.39135561,
        0.04122985,
        0.03874949
      ],
      [
        0.57195994,
        0.56597919,
        0.03374955,
        0.03779433
      ]
    ],
    "labels":[
      "rock",
      "no_gesture"
    ],
    "leading_hand":"right",
    "leading_conf":1.0,
    "user_id":"b3857f2e7cc0392939f83aec51f4e61a"
  },
  "0124e22a-9103-4af8-9b67-477d995a28c4":{
    "bboxes":[
      [
        0.22149523,
        0.31200713,
        0.09891109,
        0.1185814
      ],
      [
        0.62930625,
        0.76556894,
        0.11895505,
        0.13812953
      ]
    ],
    "labels":[
      "rock",
      "no_gesture"
    ],
    "leading_hand":"right",
    "leading_conf":1.0,
    "user_id":"94394bd2e03cec9f6e8e84ad3ac97c6d"
  },
  "0126a550-3c25-4826-9c5c-c46ca9257c43":{
    "bboxes":[
      [
        0.67865628,
        0.18233045,
        0.10705505,
        0.19018838
      ]
    ],
    "labels":[
      "rock"
    ],
    "leading_hand":"left",
    "leading_conf":1.0,
    "user_id":"bf230e688b30e5a4743530da90bc9d71"
  },
  "012932cd-b84a-4f8d-a1b9-d28af5f07359":{
    "bboxes":[
      [
        0.2249305,
        0.22642846,
        0.14332462,
        0.14162071
      ],
      [
        0.66042115,
        0.81945845,
        0.08890279,
        0.10066841
      ]
    ],
    "labels":[
      "rock",
      "no_gesture"
    ],
    "leading_hand":"right",
    "leading_conf":1.0,
    "user_id":"3e95306a36282c1ea6a9916709f51e78"
  },
  "012eeb3c-64a0-44b4-955c-0916e038ac44":{
    "bboxes":[
      [
        0.36200983,
        0.18623739,
        0.11581052,
        0.13061484
      ],
      [
        0.78040599,
        0.53789882,
        0.08751498,
        0.07741639
      ]
    ],
    "labels":[
      "rock",
      "no_gesture"
    ],
    "leading_hand":"right",
    "leading_conf":1.0,
    "user_id":"60e8aa1b025666ed39314b6fc863e909"
  },
  "013b8087-0594-4c00-9c50-c84cce3717dd":{
    "bboxes":[
      [
        0.17608423,
        0.3445332,
        0.13197869,
        0.16919086
      ]
    ],
    "labels":[
      "rock"
    ],
    "leading_hand":"right",
    "leading_conf":1.0,
    "user_id":"6acc345a2574df7dd7017e48a8c4599a"
  },
  "015029de-6691-47dd-ab05-a8e974d2f45d":{
    "bboxes":[
      [
        0.04481552,
        0.67434169,
        0.09759659,
        0.12819914
      ],
      [
        0.48668099,
        0.19182303,
        0.10759342,
        0.10787051
      ]
    ],
    "labels":[
      "no_gesture",
      "rock"
    ],
    "leading_hand":"left",
    "leading_conf":1.0,
    "user_id":"404af3c79b9d6e0facd2302c98cb3b8d"
  },
  "0151d388-a8e3-442d-8601-f721a7b6f1f5":{
    "bboxes":[
      [
        0.23469241,
        0.30273959,
        0.17040958,
        0.12454591
      ],
      [
        0.73538729,
        0.93145391,
        0.0861914,
        0.06828276
      ]
    ],
    "labels":[
      "rock",
      "no_gesture"
    ],
    "leading_hand":"right",
    "leading_conf":1.0,
    "user_id":"86eb91e1ce0fa4c68147d4ffd5ad381c"
  },
  "017f1af1-3aea-48ce-a1e6-d6d567038522":{
    "bboxes":[
      [
        0.00250735,
        0.89749294,
        0.07913084,
        0.10178896
      ],
      [
        0.65224131,
        0.39075647,
        0.19760342,
        0.09332013
      ]
    ],
    "labels":[
      "no_gesture",
      "rock"
    ],
    "leading_hand":"left",
    "leading_conf":1.0,
    "user_id":"18c633fc6749909a5313c673d32039af"
  },
  "01817ab3-001e-4fc8-b7e0-1b00289bbccc":{
    "bboxes":[
      [
        0.19815239,
        0.31370352,
        0.15791158,
        0.15163103
      ],
      [
        0.56622561,
        0.78834351,
        0.43064805,
        0.20928816
      ]
    ],
    "labels":[
      "rock",
      "no_gesture"
    ],
    "leading_hand":"right",
    "leading_conf":1.0,
    "user_id":"fd49a7edf82f3551ef0a2ed51c825f9c"
  },
  "0183ad2a-aa2a-4b95-9864-49a9abb07454":{
    "bboxes":[
      [
        0.27965347,
        0.3983112,
        0.0424571,
        0.05109401
      ],
      [
        0.41760593,
        0.56427037,
        0.045506,
        0.04024565
      ]
    ],
    "labels":[
      "rock",
      "no_gesture"
    ],
    "leading_hand":"right",
    "leading_conf":1.0,
    "user_id":"bc7af50ccd5a510a014b4465e414a104"
  },
  "01a09d01-a0ce-4957-9330-9a5f41b9422e":{
    "bboxes":[
      [
        0.13142379,
        0.20347607,
        0.14266635,
        0.13678308
      ],
      [
        0.58429052,
        0.69418069,
        0.16908322,
        0.10594157
      ]
    ],
    "labels":[
      "rock",
      "no_gesture"
    ],
    "leading_hand":"right",
    "leading_conf":1.0,
    "user_id":"59c792bb4e3069e5ac26c1cf4ec2b631"
  },
  "01a2dc5c-9350-4a56-84ae-e01969ef5a9a":{
    "bboxes":[
      [
        0.52625216,
        0.4198312,
        0.07777257,
        0.06685967
      ]
    ],
    "labels":[
      "rock"
    ],
    "leading_hand":"left",
    "leading_conf":1.0,
    "user_id":"78197406bb824bbe861de5480e9933c2"
  },
  "01a35656-92a0-4893-bdb5-94f025c3dc8a":{
    "bboxes":[
      [
        0.3832147,
        0.86879343,
        0.05322693,
        0.07645226
      ],
      [
        0.59266195,
        0.60840099,
        0.08148843,
        0.07645802
      ]
    ],
    "labels":[
      "no_gesture",
      "rock"
    ],
    "leading_hand":"left",
    "leading_conf":1.0,
    "user_id":"17364dd140ed4c7c48385e83e3d72aee"
  },
  "01c38cfd-17d2-4bf2-9af8-674e1593a83b":{
    "bboxes":[
      [
        0.32363217,
        0.68218535,
        0.05602316,
        0.04125056
      ],
      [
        0.51848795,
        0.49071714,
        0.06635806,
        0.04218411
      ]
    ],
    "labels":[
      "no_gesture",
      "rock"
    ],
    "leading_hand":"left",
    "leading_conf":1.0,
    "user_id":"2cf2108ffc0375cf4c4a8434c3f22d89"
  },
  "01c4bf2e-a263-41f7-8f93-c1e7aab86b55":{
    "bboxes":[
      [
        0.25145936,
        0.22964815,
        0.10376256,
        0.13500457
      ],
      [
        0.7281176,
        0.75580608,
        0.08750283,
        0.13320912
      ]
    ],
    "labels":[
      "rock",
      "no_gesture"
    ],
    "leading_hand":"right",
    "leading_conf":1.0,
    "user_id":"5dc4286eb63b2f48ff5afbf2067e0ed8"
  },
  "01cbc147-184b-4c73-b134-abd7e0f1f8a8":{
    "bboxes":[
      [
        0.35039588,
        0.446559,
        0.16444312,
        0.09859625
      ],
      [
        0.64101265,
        0.2459904,
        0.10876535,
        0.13362971
      ]
    ],
    "labels":[
      "no_gesture",
      "rock"
    ],
    "leading_hand":"left",
    "leading_conf":1.0,
    "user_id":"8a274da78e9e176396ba71e06b3866a0"
  },
  "0228cfb9-1311-446a-b7d9-087235cb3c9b":{
    "bboxes":[
      [
        0.07149727,
        0.78224247,
        0.10219655,
        0.10675265
      ],
      [
        0.52264889,
        0.39160914,
        0.0822148,
        0.23073623
      ]
    ],
    "labels":[
      "no_gesture",
      "rock"
    ],
    "leading_hand":"left",
    "leading_conf":0.8,
    "user_id":"e237e533a6ca7f8449e48d07136b19ea"
  },
  "0240a3d7-7e33-478d-aab3-1ae80c779080":{
    "bboxes":[
      [
        0.5688009,
        0.65217441,
        0.03343031,
        0.06638723
      ]
    ],
    "labels":[
      "rock"
    ],
    "leading_hand":"left",
    "leading_conf":1.0,
    "user_id":"90394f3dbc2d94f9a9513f987958ac2e"
  },
  "025532b4-1070-4659-83de-a060aaa09bf2":{
    "bboxes":[
      [
        0.39654392,
        0.44264933,
        0.06593302,
        0.05954273
      ],
      [
        0.64375873,
        0.71056986,
        0.04058655,
        0.04971548
      ]
    ],
    "labels":[
      "rock",
      "no_gesture"
    ],
    "leading_hand":"right",
    "leading_conf":1.0,
    "user_id":"e0aebbcd230a0027157996be61ac80ee"
  },
  "025a953a-d1a2-49ec-a1b8-dceaab3305d4":{
    "bboxes":[
      [
        0.14218142,
        0.89158217,
        0.1242481,
        0.10801617
      ],
      [
        0.64933862,
        0.28488652,
        0.16344909,
        0.22315797
      ]
    ],
    "labels":[
      "no_gesture",
      "rock"
    ],
    "leading_hand":"left",
    "leading_conf":1.0,
    "user_id":"33afb58cf87d5edac211d1729a07c234"
  },
  "026c6346-9d79-4328-802c-3026f1a7df49":{
    "bboxes":[
      [
        0.62777251,
        0.40279752,
        0.14322054,
        0.10109854
      ]
    ],
    "labels":[
      "rock"
    ],
    "leading_hand":"left",
    "leading_conf":1.0,
    "user_id":"85780a8afe3985d3c62e5b7386baaa2d"
  },
  "026e5532-df1b-4362-9271-0da05fba200a":{
    "bboxes":[
      [
        0.12561216,
        0.17992043,
        0.16805307,
        0.16941935
      ]
    ],
    "labels":[
      "rock"
    ],
    "leading_hand":"right",
    "leading_conf":1.0,
    "user_id":"83597ae129bafde9d04f5611c1fcf90a"
  },
  "027cc6ae-7cd9-470c-9643-3b9381d990c8":{
    "bboxes":[
      [
        0.38780247,
        0.32418593,
        0.04473677,
        0.03202177
      ],
      [
        0.50233779,
        0.45564743,
        0.04061222,
        0.02951389
      ]
    ],
    "labels":[
      "rock",
      "no_gesture"
    ],
    "leading_hand":"right",
    "leading_conf":1.0,
    "user_id":"8e52a4c969b70bfefc5b85c3b5231251"
  },
  "02a0f9ef-cfad-4862-abc2-d9604fdf08b9":{
    "bboxes":[
      [
        0.16511027,
        0.29631584,
        0.18775455,
        0.22979858
      ]
    ],
    "labels":[
      "rock"
    ],
    "leading_hand":"right",
    "leading_conf":1.0,
    "user_id":"e67ffea9faf804e603e010807272f58d"
  },
  "02b4bcce-e166-4ddd-b7f3-8cf3e47c6f1a":{
    "bboxes":[
      [
        0.2474467,
        0.89492307,
        0.06413026,
        0.10257632
      ],
      [
        0.64533124,
        0.49682805,
        0.07810066,
        0.09462518
      ]
    ],
    "labels":[
      "no_gesture",
      "rock"
    ],
    "leading_hand":"left",
    "leading_conf":1.0,
    "user_id":"5117c7878b6158b0f5086bcc27ee2fc8"
  },
  "02b58c32-15a0-470f-ab1c-b6057b61ab5f":{
    "bboxes":[
      [
        0.10852696,
        0.5061501,
        0.16882268,
        0.19083375
      ]
    ],
    "labels":[
      "rock"
    ],
    "leading_hand":"right",
    "leading_conf":1.0,
    "user_id":"d466384ef331a1d9248d0ce03d8da1cd"
  },
  "02c09198-b122-451d-a0da-2568e39a5aad":{
    "bboxes":[
      [
        0.32160247,
        0.87384661,
        0.06261354,
        0.08043553
      ],
      [
        0.56560895,
        0.47132471,
        0.1021192,
        0.09584093
      ]
    ],
    "labels":[
      "no_gesture",
      "rock"
    ],
    "leading_hand":"left",
    "leading_conf":1.0,
    "user_id":"90e24e7ec703fb68a66990698071420b"
  },
  "02dd0ee2-cfd9-4eb2-8374-14d3bd0165ef":{
    "bboxes":[
      [
        0.15250917,
        0.83282469,
        0.04839134,
        0.07007505
      ],
      [
        0.35697695,
        0.56904075,
        0.06605212,
        0.06307446
      ]
    ],
    "labels":[
      "no_gesture",
      "rock"
    ],
    "leading_hand":"left",
    "leading_conf":1.0,
    "user_id":"cb393dd21908800455f69444243e1cfc"
  },
  "02eabc23-afa0-4e69-9cda-4c5419758d29":{
    "bboxes":[
      [
        0.67846297,
        0.30581598,
        0.17856955,
        0.17662618
      ]
    ],
    "labels":[
      "rock"
    ],
    "leading_hand":"left",
    "leading_conf":1.0,
    "user_id":"d97b0d56b9e6cb9a9ed07d8a220c56b9"
  },
  "02ef7428-f346-46e8-9732-bcff292845f1":{
    "bboxes":[
      [
        0.2423988,
        0.2243123,
        0.11616997,
        0.13241996
      ],
      [
        0.62307213,
        0.68721858,
        0.06636791,
        0.09474403
      ]
    ],
    "labels":[
      "rock",
      "no_gesture"
    ],
    "leading_hand":"right",
    "leading_conf":1.0,
    "user_id":"e38a4786fe529839d0e61f5fcf56851c"
  },
  "02f069af-8651-40d2-bb28-93268b6adef7":{
    "bboxes":[
      [
        0.63852282,
        0.48098243,
        0.17038958,
        0.19741154
      ]
    ],
    "labels":[
      "rock"
    ],
    "leading_hand":"left",
    "leading_conf":1.0,
    "user_id":"4707baa041ba5015b149ff50c97b77c9"
  },
  "02f102d2-72bd-4300-8fc2-0da222e6a09c":{
    "bboxes":[
      [
        0.29069768,
        0.37933202,
        0.08962835,
        0.09653039
      ],
      [
        0.56602039,
        0.74422004,
        0.06446743,
        0.09252533
      ]
    ],
    "labels":[
      "rock",
      "no_gesture"
    ],
    "leading_hand":"right",
    "leading_conf":1.0,
    "user_id":"94c110e352b63046e6f3d119c4d4f78a"
  },
  "030b7472-0650-471b-bc78-527fb18c324b":{
    "bboxes":[
      [
        0.32134857,
        0.29998066,
        0.11233944,
        0.11817922
      ],
      [
        0.75763796,
        0.79671934,
        0.08200091,
        0.11181603
      ]
    ],
    "labels":[
      "rock",
      "no_gesture"
    ],
    "leading_hand":"right",
    "leading_conf":1.0,
    "user_id":"bb9556db660466b00200a6645f714e66"
  },
  "030f27d3-e76c-47d1-ae38-d0ee26a757f5":{
    "bboxes":[
      [
        0.31061417,
        0.84988414,
        0.03922141,
        0.06405461
      ],
      [
        0.51889552,
        0.5438486,
        0.07172374,
        0.07634435
      ]
    ],
    "labels":[
      "no_gesture",
      "rock"
    ],
    "leading_hand":"left",
    "leading_conf":1.0,
    "user_id":"cb393dd21908800455f69444243e1cfc"
  },
  "0313571e-da5f-4484-9683-465633cb8f38":{
    "bboxes":[
      [
        0.33802009,
        0.82607283,
        0.10133632,
        0.17296217
      ],
      [
        0.58623991,
        0.3485299,
        0.08659864,
        0.13269585
      ]
    ],
    "labels":[
      "no_gesture",
      "rock"
    ],
    "leading_hand":"left",
    "leading_conf":1.0,
    "user_id":"4d5abd758b117d7e80918cfeea27afdd"
  },
  "031dd13d-ae8b-4722-8e7d-5848b270d543":{
    "bboxes":[
      [
        0.20394732,
        0.88403487,
        0.13383588,
        0.11511169
      ],
      [
        0.51681906,
        0.40194113,
        0.13510295,
        0.11044996
      ]
    ],
    "labels":[
      "no_gesture",
      "rock"
    ],
    "leading_hand":"left",
    "leading_conf":1.0,
    "user_id":"56777e1bf8004d354737dd94d1c74a14"
  },
  "032acfab-7260-41f6-89fb-8af5e54ec5b9":{
    "bboxes":[
      [
        0.21925481,
        0.58643401,
        0.11708086,
        0.1713779
      ]
    ],
    "labels":[
      "rock"
    ],
    "leading_hand":"right",
    "leading_conf":1.0,
    "user_id":"b5885b3567dee8551409ca5aedb57259"
  },
  "033442b4-5a22-499d-9b25-e4eebfc9de76":{
    "bboxes":[
      [
        0.28530567,
        0.59045039,
        0.0601828,
        0.05974317
      ],
      [
        0.5211589,
        0.3293185,
        0.07811005,
        0.06912844
      ]
    ],
    "labels":[
      "no_gesture",
      "rock"
    ],
    "leading_hand":"left",
    "leading_conf":1.0,
    "user_id":"ebc5a617762d7b0332eb0ea21ffe1ab9"
  },
  "0335cb58-0263-4d97-95f6-811e1d6c868d":{
    "bboxes":[
      [
        0.35518015,
        0.45024574,
        0.12947159,
        0.12307964
      ],
      [
        0.70484859,
        0.88942417,
        0.07475075,
        0.09918586
      ]
    ],
    "labels":[
      "rock",
      "no_gesture"
    ],
    "leading_hand":"right",
    "leading_conf":1.0,
    "user_id":"f767a7aad72d8e8ffca661603aa259f4"
  },
  "0338bdb9-138c-4bf4-9aa4-f50aa6c2f6bc":{
    "bboxes":[
      [
        0.20076781,
        0.2802307,
        0.1173661,
        0.08397549
      ]
    ],
    "labels":[
      "rock"
    ],
    "leading_hand":"right",
    "leading_conf":1.0,
    "user_id":"5c3c17282f07d9fbc9c4bd568027b7de"
  },
  "033bfb01-2a77-4390-a2cb-adabdf960092":{
    "bboxes":[
      [
        0.28456716,
        0.26236759,
        0.13282721,
        0.12569806
      ],
      [
        0.64496443,
        0.70965242,
        0.09318251,
        0.13041419
      ]
    ],
    "labels":[
      "rock",
      "no_gesture"
    ],
    "leading_hand":"right",
    "leading_conf":1.0,
    "user_id":"fe4d64c1aae99db8c2274a3499c10070"
  },
  "0361d2fd-f2d3-40a6-a1ed-d2c0afb2eaa5":{
    "bboxes":[
      [
        0.47128041,
        0.70908338,
        0.05911477,
        0.04423003
      ],
      [
        0.53996775,
        0.52936956,
        0.04659731,
        0.05273918
      ]
    ],
    "labels":[
      "no_gesture",
      "rock"
    ],
    "leading_hand":"left",
    "leading_conf":1.0,
    "user_id":"a0ddd4923524341f97711bc457de0799"
  },
  "03728440-a146-4c8e-864c-56861746cd1d":{
    "bboxes":[
      [
        0.21365156,
        0.79585843,
        0.08083445,
        0.0635728
      ],
      [
        0.6159937,
        0.51116811,
        0.09000442,
        0.06436381
      ]
    ],
    "labels":[
      "no_gesture",
      "rock"
    ],
    "leading_hand":"left",
    "leading_conf":1.0,
    "user_id":"48cce8adf10b5a533c7eb07ab8238c6e"
  },
  "03857ee6-1c0d-41ba-ad71-eb9429c7c055":{
    "bboxes":[
      [
        0.20965506,
        0.37675926,
        0.16864379,
        0.19741603
      ]
    ],
    "labels":[
      "rock"
    ],
    "leading_hand":"right",
    "leading_conf":0.8,
    "user_id":"8b4e68e3991cca3510d093871459ce88"
  },
  "0390056d-9f9e-4e88-93cd-d5f0055a1b1d":{
    "bboxes":[
      [
        0.1211279,
        0.3202699,
        0.24275162,
        0.26540615
      ]
    ],
    "labels":[
      "rock"
    ],
    "leading_hand":"right",
    "leading_conf":1.0,
    "user_id":"8792fd7450f46d779cedf8424533b32f"
  },
  "03aaf6c9-cf23-4b04-bc54-35b56d7261cd":{
    "bboxes":[
      [
        0.57307499,
        0.19570122,
        0.04553146,
        0.08647252
      ]
    ],
    "labels":[
      "rock"
    ],
    "leading_hand":"left",
    "leading_conf":1.0,
    "user_id":"3af198e82bc14aefffb54eef8d94520b"
  },
  "03c70265-cdf2-4764-bdc8-b23a0015b31a":{
    "bboxes":[
      [
        0.34115745,
        0.13648998,
        0.06960844,
        0.17916564
      ],
      [
        0.57710114,
        0.8100439,
        0.051798,
        0.16438201
      ]
    ],
    "labels":[
      "rock",
      "no_gesture"
    ],
    "leading_hand":"right",
    "leading_conf":1.0,
    "user_id":"bf1c817968838f9ec569f78c6fdb2303"
  },
  "03cb8675-fbcc-4070-a47e-9158c7306778":{
    "bboxes":[
      [
        0.1812395,
        0.65618301,
        0.09613809,
        0.14271326
      ],
      [
        0.67624729,
        0.13407999,
        0.10786523,
        0.15604976
      ]
    ],
    "labels":[
      "no_gesture",
      "rock"
    ],
    "leading_hand":"left",
    "leading_conf":1.0,
    "user_id":"746e68d63d547fe9920954fcc59d55ef"
  },
  "03cc2485-3c61-4aeb-b536-571405b210a6":{
    "bboxes":[
      [
        0.3862694,
        0.42784003,
        0.11383926,
        0.14386398
      ],
      [
        0.50117065,
        0.88419639,
        0.11175119,
        0.11365013
      ]
    ],
    "labels":[
      "rock",
      "no_gesture"
    ],
    "leading_hand":"right",
    "leading_conf":1.0,
    "user_id":"edcd52d8a8098dc550b93d979f4e3dfb"
  },
  "03d75627-218d-4243-8bd2-7f8066bbdc57":{
    "bboxes":[
      [
        0.38488209,
        0.25852156,
        0.06619065,
        0.08007869
      ],
      [
        0.62176502,
        0.51410503,
        0.05178717,
        0.05578265
      ]
    ],
    "labels":[
      "rock",
      "no_gesture"
    ],
    "leading_hand":"right",
    "leading_conf":1.0,
    "user_id":"70eb261e4c5fac95f75f468bc7f96745"
  },
  "03dee060-deee-4d00-aa43-6177bcf03dc3":{
    "bboxes":[
      [
        0.63536897,
        0.20442612,
        0.18666363,
        0.13312551
      ]
    ],
    "labels":[
      "rock"
    ],
    "leading_hand":"left",
    "leading_conf":1.0,
    "user_id":"4f084a46eb99b2709b511d2605842334"
  },
  "03e1cb8a-1243-42d4-9e72-8938e95ae510":{
    "bboxes":[
      [
        0.56980613,
        0.45448229,
        0.13311418,
        0.11903839
      ]
    ],
    "labels":[
      "rock"
    ],
    "leading_hand":"left",
    "leading_conf":1.0,
    "user_id":"cdc27ff9d16448abc34d4b084f99d841"
  },
  "03e81635-eea8-441b-a294-5115812e0abd":{
    "bboxes":[
      [
        0.27025791,
        0.40054352,
        0.04904573,
        0.05878721
      ],
      [
        0.48091941,
        0.6421199,
        0.04381606,
        0.05938258
      ]
    ],
    "labels":[
      "rock",
      "no_gesture"
    ],
    "leading_hand":"right",
    "leading_conf":1.0,
    "user_id":"91d882064c7ad10400e7cc174beb4ec2"
  },
  "03efed3d-4f8c-4762-b594-2a14b944444f":{
    "bboxes":[
      [
        0.06995471,
        0.90587954,
        0.0869021,
        0.09342213
      ],
      [
        0.60704312,
        0.42975188,
        0.11822455,
        0.11718902
      ]
    ],
    "labels":[
      "no_gesture",
      "rock"
    ],
    "leading_hand":"left",
    "leading_conf":1.0,
    "user_id":"a1a87122db0d24da910e1a9bae4ad5e1"
  },
  "03f3129f-2fb0-46fe-8b3c-f0e42a14d6a2":{
    "bboxes":[
      [
        0.29376768,
        0.3700953,
        0.12547799,
        0.14630091
      ],
      [
        0.67784338,
        0.87001888,
        0.0970539,
        0.12836612
      ]
    ],
    "labels":[
      "rock",
      "no_gesture"
    ],
    "leading_hand":"right",
    "leading_conf":1.0,
    "user_id":"2b8969ff2872321b5b7097a614eb2305"
  },
  "04031bb5-cd39-4529-b285-8671ff44214b":{
    "bboxes":[
      [
        0.26535148,
        0.48621478,
        0.0539631,
        0.03716659
      ],
      [
        0.45521035,
        0.29585825,
        0.06193772,
        0.0521203
      ]
    ],
    "labels":[
      "no_gesture",
      "rock"
    ],
    "leading_hand":"left",
    "leading_conf":0.8,
    "user_id":"e5d73c0be6563094f7b90ca0516e4187"
  },
  "0403b967-899e-491b-a29f-921e2d21148d":{
    "bboxes":[
      [
        0.1587459,
        0.67765269,
        0.05927386,
        0.08789781
      ],
      [
        0.45953571,
        0.30406417,
        0.07133044,
        0.0727507
      ]
    ],
    "labels":[
      "no_gesture",
      "rock"
    ],
    "leading_hand":"left",
    "leading_conf":1.0,
    "user_id":"bdb98fbd9547475c3bfabab7754aad85"
  },
  "040b84a8-e98e-4d21-b036-21bc4cb1d648":{
    "bboxes":[
      [
        0.34811166,
        0.25419545,
        0.05209335,
        0.16052221
      ],
      [
        0.54839235,
        0.7360869,
        0.04120611,
        0.13695984
      ]
    ],
    "labels":[
      "rock",
      "no_gesture"
    ],
    "leading_hand":"right",
    "leading_conf":1.0,
    "user_id":"6852e380b15991a353297c3871d2103a"
  },
  "040dec99-16b1-4b0d-9a54-9bf28e1849b4":{
    "bboxes":[
      [
        0.36941638,
        0.41430347,
        0.0806531,
        0.1125936
      ],
      [
        0.70364962,
        0.83583646,
        0.07795293,
        0.11481228
      ]
    ],
    "labels":[
      "rock",
      "no_gesture"
    ],
    "leading_hand":"right",
    "leading_conf":1.0,
    "user_id":"f1b57d717350e34832b2e0506d3095d1"
  },
  "040f9a35-bcc3-45c1-9089-9e59303237ed":{
    "bboxes":[
      [
        0.1604388,
        0.25018506,
        0.12082732,
        0.11207128
      ],
      [
        0.62008877,
        0.63982899,
        0.07496715,
        0.09231334
      ]
    ],
    "labels":[
      "rock",
      "no_gesture"
    ],
    "leading_hand":"right",
    "leading_conf":1.0,
    "user_id":"f5ded7d1ad1498fc4c39122c8efd8410"
  },
  "041ebd0e-1730-428f-99bd-5b39a1db52b6":{
    "bboxes":[
      [
        0.28751086,
        0.71021228,
        0.11524878,
        0.04249076
      ],
      [
        0.67533385,
        0.37128115,
        0.08990446,
        0.09428713
      ]
    ],
    "labels":[
      "no_gesture",
      "rock"
    ],
    "leading_hand":"left",
    "leading_conf":1.0,
    "user_id":"b42af28e4ad6747a4ba08c61d78d1f9e"
  },
  "0421599b-c52e-42cc-9bee-7f5f12358e39":{
    "bboxes":[
      [
        0.64856729,
        0.36641028,
        0.17342225,
        0.20363604
      ]
    ],
    "labels":[
      "rock"
    ],
    "leading_hand":"left",
    "leading_conf":0.8,
    "user_id":"0aab7ee7d728f225839d7802b986c5dd"
  },
  "042a7f39-0424-4615-9423-3258661ef4b8":{
    "bboxes":[
      [
        0.15554916,
        0.24108957,
        0.12102829,
        0.09815095
      ],
      [
        0.71658795,
        0.52328168,
        0.07298308,
        0.05934705
      ]
    ],
    "labels":[
      "rock",
      "no_gesture"
    ],
    "leading_hand":"right",
    "leading_conf":1.0,
    "user_id":"0372c580d96808a563249afe14f25a19"
  },
  "0439d5cf-8f62-4bfd-9694-bfa4417b0f0a":{
    "bboxes":[
      [
        0.26267286,
        0.77865519,
        0.08260501,
        0.1508077
      ],
      [
        0.61344988,
        0.1153558,
        0.10261455,
        0.18316725
      ]
    ],
    "labels":[
      "no_gesture",
      "rock"
    ],
    "leading_hand":"left",
    "leading_conf":1.0,
    "user_id":"0188bf458a2c5ab1ffd14d34de527cc2"
  },
  "045062ee-0c2c-41d4-adc6-375af45d7e88":{
    "bboxes":[
      [
        0.11599003,
        0.94898728,
        0.21407432,
        0.04618272
      ],
      [
        0.33883059,
        0.51521994,
        0.11252079,
        0.1560626
      ]
    ],
    "labels":[
      "no_gesture",
      "rock"
    ],
    "leading_hand":"right",
    "leading_conf":1.0,
    "user_id":"2b8969ff2872321b5b7097a614eb2305"
  },
  "0454399c-529b-4c44-b7bc-e6a870c18110":{
    "bboxes":[
      [
        0.26648424,
        0.17678919,
        0.13672788,
        0.14171232
      ],
      [
        0.76403017,
        0.69583793,
        0.07690701,
        0.10033706
      ]
    ],
    "labels":[
      "rock",
      "no_gesture"
    ],
    "leading_hand":"right",
    "leading_conf":1.0,
    "user_id":"ba906e0ed52c8525f061701f25cc0439"
  },
  "045d5ac7-0495-4955-b1c9-a6c2737528e7":{
    "bboxes":[
      [
        0.12660517,
        0.49772734,
        0.11579942,
        0.11773984
      ]
    ],
    "labels":[
      "rock"
    ],
    "leading_hand":"right",
    "leading_conf":1.0,
    "user_id":"79b5e015098f4ce9cc2512290e6a53dc"
  },
  "047a4713-aa9c-479d-9fdd-8edcd82b9d04":{
    "bboxes":[
      [
        0.34335474,
        0.22416291,
        0.09443958,
        0.09930174
      ],
      [
        0.71955941,
        0.60678107,
        0.06863411,
        0.07965782
      ]
    ],
    "labels":[
      "rock",
      "no_gesture"
    ],
    "leading_hand":"right",
    "leading_conf":1.0,
    "user_id":"52ec77228e6cc6bce5167d4ee9619eec"
  },
  "04820f99-2eb7-46ec-b9cc-fbd6de51af82":{
    "bboxes":[
      [
        0.37152432,
        0.52681799,
        0.09951773,
        0.1501174
      ]
    ],
    "labels":[
      "rock"
    ],
    "leading_hand":"right",
    "leading_conf":1.0,
    "user_id":"3cae17d90ac1068d2c5566fc387cb167"
  },
  "048f7896-ac47-4a32-8ef7-1ce9165cec5a":{
    "bboxes":[
      [
        0.34293187,
        0.2414794,
        0.11468942,
        0.11604068
      ],
      [
        0.75060635,
        0.64742747,
        0.06956963,
        0.12891959
      ]
    ],
    "labels":[
      "rock",
      "no_gesture"
    ],
    "leading_hand":"right",
    "leading_conf":1.0,
    "user_id":"65922ff799c01efc2a5917dcc25256ca"
  },
  "049be5fc-e680-4410-ba3c-b15f98fc505b":{
    "bboxes":[
      [
        0.16423845,
        0.45994179,
        0.1267532,
        0.1459862
      ],
      [
        0.36786647,
        0.90804931,
        0.22094058,
        0.09153402
      ]
    ],
    "labels":[
      "rock",
      "no_gesture"
    ],
    "leading_hand":"right",
    "leading_conf":1.0,
    "user_id":"5da52deb6e826917af1dd593901c151f"
  },
  "04ab22f1-3f8b-43dd-8743-23268f166913":{
    "bboxes":[
      [
        0.29797945,
        0.65113666,
        0.06896842,
        0.11192788
      ],
      [
        0.58000754,
        0.21894719,
        0.12359623,
        0.10825468
      ]
    ],
    "labels":[
      "no_gesture",
      "rock"
    ],
    "leading_hand":"left",
    "leading_conf":1.0,
    "user_id":"36baf6626e2ebdb78c5165ba0f5775cc"
  },
  "04ac3be1-96ff-4a43-a2e0-6540f56d2f5a":{
    "bboxes":[
      [
        0.36830818,
        0.38502645,
        0.04008943,
        0.14987851
      ],
      [
        0.47604978,
        0.80667435,
        0.053379,
        0.0814117
      ]
    ],
    "labels":[
      "rock",
      "no_gesture"
    ],
    "leading_hand":"right",
    "leading_conf":1.0,
    "user_id":"8a4719c7aedc97e9729ec6c2a3b7b277"
  },
  "04ba86ef-5dd4-471d-b837-a4c28ab7ec00":{
    "bboxes":[
      [
        0.35125593,
        0.9275301,
        0.05656925,
        0.06798477
      ],
      [
        0.59425127,
        0.66319049,
        0.06244163,
        0.06895842
      ]
    ],
    "labels":[
      "no_gesture",
      "rock"
    ],
    "leading_hand":"left",
    "leading_conf":1.0,
    "user_id":"a13ee26dd254695f4fb3a6628497a3fd"
  },
  "04c868e3-55be-4e57-8d99-41bbea377613":{
    "bboxes":[
      [
        0.22754246,
        0.23203495,
        0.17922798,
        0.19204327
      ]
    ],
    "labels":[
      "rock"
    ],
    "leading_hand":"right",
    "leading_conf":1.0,
    "user_id":"2dbdf69686c0ca9b3d0efe13b4a8d3db"
  },
  "04d5bccc-69ff-45ff-87ac-7b1381d29f2a":{
    "bboxes":[
      [
        0.62231451,
        0.30650142,
        0.19562967,
        0.19107688
      ]
    ],
    "labels":[
      "rock"
    ],
    "leading_hand":"left",
    "leading_conf":1.0,
    "user_id":"9158c9bdb9479da690829a50bcdfa6e3"
  },
  "04e71991-caea-4ee3-975d-767fb5810887":{
    "bboxes":[
      [
        0.26219059,
        0.70118361,
        0.06654632,
        0.08833656
      ],
      [
        0.51443199,
        0.33212898,
        0.09482315,
        0.10561372
      ]
    ],
    "labels":[
      "no_gesture",
      "rock"
    ],
    "leading_hand":"left",
    "leading_conf":1.0,
    "user_id":"4c3fddef47b313ab5ebaeffbc17af086"
  },
  "04ef455f-cec2-45a8-ab3e-34f4560035e0":{
    "bboxes":[
      [
        0.39062974,
        0.40867558,
        0.04612474,
        0.03380216
      ]
    ],
    "labels":[
      "rock"
    ],
    "leading_hand":"right",
    "leading_conf":1.0,
    "user_id":"bc7af50ccd5a510a014b4465e414a104"
  },
  "04f1e510-cc0c-4623-b471-bc75c253a878":{
    "bboxes":[
      [
        0.54743554,
        0.35186964,
        0.30655718,
        0.23388748
      ]
    ],
    "labels":[
      "rock"
    ],
    "leading_hand":"left",
    "leading_conf":1.0,
    "user_id":"d0d5ef0afbb7f411593cc86e7145bf3d"
  }
}