{
  "000da0f2-b764-44e9-94c9-3d2e5893d69e":{
    "bboxes":[
      [
        0.51976587,
        0.37458101,
        0.05858516,
        0.06814756
      ],
      [
        0.77045964,
        0.62671602,
        0.04299539,
        0.0638089
      ]
    ],
    "labels":[
      "stop",
      "no_gesture"
    ],
    "leading_hand":"right",
    "leading_conf":1.0,
    "user_id":"35f31b3eee083e898ca95aaf597334f9"
  },
  "0010d045-051c-42b0-a322-02670867dd72":{
    "bboxes":[
      [
        0.20117638,
        0.2754122,
        0.12280842,
        0.16811841
      ],
      [
        0.55151643,
        0.86019756,
        0.13397368,
        0.13702147
      ]
    ],
    "labels":[
      "stop",
      "no_gesture"
    ],
    "leading_hand":"right",
    "leading_conf":1.0,
    "user_id":"7488dc27b1bc2b049437d742c16d80cb"
  },
  "0011f3a6-80fb-42a3-9ae9-163114f5750b":{
    "bboxes":[
      [
        0.52776283,
        0.32894072,
        0.05453076,
        0.06627956
      ],
      [
        0.7556618,
        0.59606428,
        0.04407198,
        0.06466132
      ]
    ],
    "labels":[
      "stop",
      "no_gesture"
    ],
    "leading_hand":"right",
    "leading_conf":1.0,
    "user_id":"d64260fb7e136401f3376d1c5627a51a"
  },
  "00178e16-e20c-4007-8114-1e8f5a001b3a":{
    "bboxes":[
      [
        0.60939167,
        0.116825,
        0.2000175,
        0.39933278
      ]
    ],
    "labels":[
      "stop"
    ],
    "leading_hand":"left",
    "leading_conf":1.0,
    "user_id":"f8722410ff8cf9de277b387f1b67e36c"
  },
  "001da38e-7ab1-405c-a9d8-fbaeb46b5faf":{
    "bboxes":[
      [
        0.53648505,
        0.38799614,
        0.23243969,
        0.27621571
      ]
    ],
    "labels":[
      "stop"
    ],
    "leading_hand":"left",
    "leading_conf":1.0,
    "user_id":"ff9d1566e2b11267329000a6f02dd9cc"
  },
  "0024e456-a8d2-4bd0-872b-77145141039b":{
    "bboxes":[
      [
        0.38241761,
        0.26706118,
        0.04285358,
        0.06214462
      ],
      [
        0.50988052,
        0.46779582,
        0.04819214,
        0.05512366
      ]
    ],
    "labels":[
      "stop",
      "no_gesture"
    ],
    "leading_hand":"right",
    "leading_conf":1.0,
    "user_id":"02d4bd7187fb9867c280213a94303c76"
  },
  "0030467f-b54a-405d-b274-7225972f804d":{
    "bboxes":[
      [
        0.16001645,
        0.25354575,
        0.16692174,
        0.22024856
      ],
      [
        0.26113225,
        0.74504533,
        0.18068052,
        0.15467099
      ]
    ],
    "labels":[
      "stop",
      "no_gesture"
    ],
    "leading_hand":"right",
    "leading_conf":1.0,
    "user_id":"a863240507fb988162b07469c3159c0a"
  },
  "0034c051-76d2-4243-9b99-113f2047f19d":{
    "bboxes":[
      [
        0.19082702,
        0.64960226,
        0.06171346,
        0.06501345
      ],
      [
        0.58395899,
        0.33610115,
        0.07669298,
        0.06662949
      ]
    ],
    "labels":[
      "no_gesture",
      "stop"
    ],
    "leading_hand":"left",
    "leading_conf":1.0,
    "user_id":"86232f64250fffa5ff81bc05d5a6502a"
  },
  "003b73ea-beba-4bdc-bf65-fbabc5bbe168":{
    "bboxes":[
      [
        0.49525756,
        0.39378406,
        0.03248,
        0.08558385
      ],
      [
        0.65999393,
        0.6953498,
        0.03125235,
        0.07721596
      ]
    ],
    "labels":[
      "stop",
      "no_gesture"
    ],
    "leading_hand":"right",
    "leading_conf":1.0,
    "user_id":"20d24f239ee0875204899589960731bb"
  },
  "003f2700-fdf5-47c0-8f14-25f022d22d1d":{
    "bboxes":[
      [
        0.59685012,
        0.5216365,
        0.07217726,
        0.06726602
      ]
    ],
    "labels":[
      "stop"
    ],
    "leading_hand":"left",
    "leading_conf":1.0,
    "user_id":"c0c0bb778e1053d93f1307318f45a4a2"
  },
  "00401c66-8f98-4988-b1df-4662209630c1":{
    "bboxes":[
      [
        0.64725773,
        0.34113546,
        0.19117522,
        0.22221454
      ]
    ],
    "labels":[
      "stop"
    ],
    "leading_hand":"left",
    "leading_conf":1.0,
    "user_id":"f8f605348691519fe798083c03d6e77e"
  },
  "00443972-5f18-45ff-89bb-f382547d9256":{
    "bboxes":[
      [
        0.26876403,
        0.1982416,
        0.08313634,
        0.12761388
      ],
      [
        0.55892537,
        0.61296492,
        0.05917892,
        0.08193557
      ]
    ],
    "labels":[
      "stop",
      "no_gesture"
    ],
    "leading_hand":"right",
    "leading_conf":1.0,
    "user_id":"4d8900d51e653df1f50f489ac2b0e0b4"
  },
  "004a59dd-34ce-43cf-b3c9-b6e42762ce60":{
    "bboxes":[
      [
        0.10832143,
        0.50863429,
        0.31483571,
        0.41160714
      ]
    ],
    "labels":[
      "stop"
    ],
    "leading_hand":"right",
    "leading_conf":1.0,
    "user_id":"b141441895fe4d273a11dba333c0b771"
  },
  "00509e79-f0b8-41ac-9ccc-86f1f11d8079":{
    "bboxes":[
      [
        0.5995475,
        0.3174075,
        0.25831312,
        0.43822625
      ]
    ],
    "labels":[
      "stop"
    ],
    "leading_hand":"left",
    "leading_conf":1.0,
    "user_id":"4fc67ea0c981b62811ea5effd991321f"
  },
  "0073e816-7b68-47da-8552-9297c6e417e8":{
    "bboxes":[
      [
        0.3046624,
        0.64660166,
        0.06760803,
        0.09893366
      ],
      [
        0.60333199,
        0.25023667,
        0.0728865,
        0.11062393
      ]
    ],
    "labels":[
      "no_gesture",
      "stop"
    ],
    "leading_hand":"left",
    "leading_conf":0.8,
    "user_id":"e7e1152e393c1783d1b5fb73d68c55d9"
  },
  "0078ace3-28c7-4bac-961d-7184977433cf":{
    "bboxes":[
      [
        0.49553551,
        0.23002275,
        0.28444693,
        0.26134245
      ]
    ],
    "labels":[
      "stop"
    ],
    "leading_hand":"left",
    "leading_conf":1.0,
    "user_id":"5e2c99ed87bedb961ae148051d919dc6"
  },
  "008136f5-6c5b-4b5b-b98c-ab69214257a7":{
    "bboxes":[
      [
        0.19210278,
        0.17362721,
        0.09121095,
        0.09217973
      ],
      [
        0.54303154,
        0.47608957,
        0.07064168,
        0.07351879
      ]
    ],
    "labels":[
      "stop",
      "no_gesture"
    ],
    "leading_hand":"right",
    "leading_conf":1.0,
    "user_id":"94558f16594201e6c1cf886b080d2d9b"
  },
  "0082f2ef-46d9-416d-81b6-9c23e3f8df89":{
    "bboxes":[
      [
        0.31916911,
        0.7653335,
        0.04033125,
        0.0689956
      ],
      [
        0.56220912,
        0.38373093,
        0.05852371,
        0.0652638
      ]
    ],
    "labels":[
      "no_gesture",
      "stop"
    ],
    "leading_hand":"left",
    "leading_conf":1.0,
    "user_id":"419d7cc07929c1cd12ba0023b4dde574"
  },
  "00857019-2ed4-4723-9311-4654e8f1d03a":{
    "bboxes":[
      [
        0.11992095,
        0.67407581,
        0.11779383,
        0.15545384
      ],
      [
        0.54878982,
        0.18553217,
        0.10983439,
        0.14775572
      ]
    ],
    "labels":[
      "no_gesture",
      "stop"
    ],
    "leading_hand":"left",
    "leading_conf":1.0,
    "user_id":"7982176dedb38cccf6952d12780b8b12"
  },
  "009784d3-a311-4a7a-8f87-92a215d36a4a":{
    "bboxes":[
      [
        0.37795695,
        0.09164473,
        0.0702004,
        0.11245442
      ],
      [
        0.61188036,
        0.51310166,
        0.05342985,
        0.09493842
      ]
    ],
    "labels":[
      "stop",
      "no_gesture"
    ],
    "leading_hand":"right",
    "leading_conf":1.0,
    "user_id":"4e440f5dcb40c38bec53162a74a64d24"
  },
  "00bfa92d-5b85-4993-9340-b223d15ace3c":{
    "bboxes":[
      [
        0.32918773,
        0.47532016,
        0.11150926,
        0.11922025
      ],
      [
        0.64142523,
        0.87546474,
        0.13334435,
        0.1196169
      ]
    ],
    "labels":[
      "stop",
      "no_gesture"
    ],
    "leading_hand":"right",
    "leading_conf":1.0,
    "user_id":"605c73c4f52acd1fb2587abf1a602a74"
  },
  "00d0a827-e4e1-4f74-99d8-b1880d06e5ee":{
    "bboxes":[
      [
        0.47632287,
        0.23108692,
        0.2621004,
        0.29562433
      ]
    ],
    "labels":[
      "stop"
    ],
    "leading_hand":"left",
    "leading_conf":1.0,
    "user_id":"cb393dd21908800455f69444243e1cfc"
  },
  "00d6f1ba-3f7b-4dbe-aa82-5ae6b75304d5":{
    "bboxes":[
      [
        0.13608527,
        0.19111167,
        0.13447171,
        0.17473041
      ],
      [
        0.7460943,
        0.78886756,
        0.1148851,
        0.16319964
      ]
    ],
    "labels":[
      "stop",
      "no_gesture"
    ],
    "leading_hand":"right",
    "leading_conf":1.0,
    "user_id":"6acc345a2574df7dd7017e48a8c4599a"
  },
  "00da9d0a-3c2b-4567-b062-efb14fb2338b":{
    "bboxes":[
      [
        0.20288005,
        0.48670398,
        0.24000919,
        0.24686326
      ]
    ],
    "labels":[
      "stop"
    ],
    "leading_hand":"right",
    "leading_conf":1.0,
    "user_id":"e5d73c0be6563094f7b90ca0516e4187"
  },
  "010c2809-9193-4ce6-842b-0675733071bf":{
    "bboxes":[
      [
        0.60723034,
        0.37305964,
        0.11999137,
        0.1115426
      ]
    ],
    "labels":[
      "stop"
    ],
    "leading_hand":"left",
    "leading_conf":1.0,
    "user_id":"43e40a182d5ea837ba7a88f5867840eb"
  },
  "010cd6f2-6b83-4966-a2b4-911730df1797":{
    "bboxes":[
      [
        0.04875541,
        0.91143099,
        0.11524687,
        0.0873678
      ],
      [
        0.52322528,
        0.41659295,
        0.12245761,
        0.11961282
      ]
    ],
    "labels":[
      "no_gesture",
      "stop"
    ],
    "leading_hand":"left",
    "leading_conf":1.0,
    "user_id":"fc645fd63f94148bec2a87d585b99f31"
  },
  "0115e737-7c43-4565-ad40-55f4fea7b6d1":{
    "bboxes":[
      [
        0.21602924,
        0.34320663,
        0.12245101,
        0.20845381
      ]
    ],
    "labels":[
      "stop"
    ],
    "leading_hand":"right",
    "leading_conf":1.0,
    "user_id":"fd8171c9ceea59dcf306068d31180c32"
  },
  "01199159-9c1d-4034-a85d-209d6eeff14d":{
    "bboxes":[
      [
        0.34830877,
        0.31424333,
        0.07451412,
        0.16521667
      ]
    ],
    "labels":[
      "stop"
    ],
    "leading_hand":"right",
    "leading_conf":1.0,
    "user_id":"7e3e95c9df4081ac4c0005f76d641596"
  },
  "011b22a5-191f-4a03-a425-ca6bd1d0f61c":{
    "bboxes":[
      [
        0.1672241,
        0.35362381,
        0.213196,
        0.26878066
      ]
    ],
    "labels":[
      "stop"
    ],
    "leading_hand":"right",
    "leading_conf":1.0,
    "user_id":"fdec6725a5461407d0824ab099995448"
  },
  "011b51e3-c1d5-4aa8-b7be-661f09179e6d":{
    "bboxes":[
      [
        0.50910773,
        0.32865846,
        0.23185796,
        0.2572715
      ]
    ],
    "labels":[
      "stop"
    ],
    "leading_hand":"left",
    "leading_conf":1.0,
    "user_id":"16c291761fbd89899ffce456c2136324"
  },
  "012d280f-4106-4ae6-ae5b-3b5bc6bd22ad":{
    "bboxes":[
      [
        0.00857833,
        0.55220333,
        0.34897333,
        0.33463667
      ]
    ],
    "labels":[
      "stop"
    ],
    "leading_hand":"right",
    "leading_conf":1.0,
    "user_id":"08a5bf2b9a660c5ef58d4a086d81e3e2"
  },
  "01340e0c-d05f-4459-b023-8afa3f3d5110":{
    "bboxes":[
      [
        0.35133758,
        0.26530384,
        0.03965693,
        0.11720163
      ],
      [
        0.51832181,
        0.6729669,
        0.03206146,
        0.10439683
      ]
    ],
    "labels":[
      "stop",
      "no_gesture"
    ],
    "leading_hand":"right",
    "leading_conf":1.0,
    "user_id":"bb1435daa30845cf90e403050eb7c686"
  },
  "014ef7eb-273d-4143-b77e-bbfd2bac0bf6":{
    "bboxes":[
      [
        0.13893833,
        0.35753667,
        0.28950333,
        0.54535667
      ]
    ],
    "labels":[
      "stop"
    ],
    "leading_hand":"right",
    "leading_conf":1.0,
    "user_id":"0a1b1beef963e097c605019fe35aa6f6"
  },
  "015c7450-7bf4-4667-afe2-0a86e4ee634c":{
    "bboxes":[
      [
        0.52815833,
        0.27192833,
        0.24807,
        0.40667667
      ]
    ],
    "labels":[
      "stop"
    ],
    "leading_hand":"left",
    "leading_conf":1.0,
    "user_id":"b4a7a7e2e47a352ff1fc5d1279b2a764"
  },
  "016d217d-6745-4439-a443-c3f4f4116a29":{
    "bboxes":[
      [
        0.3245556,
        0.1564936,
        0.06464184,
        0.17787025
      ],
      [
        0.59764195,
        0.80613773,
        0.04458432,
        0.13335386
      ]
    ],
    "labels":[
      "stop",
      "no_gesture"
    ],
    "leading_hand":"right",
    "leading_conf":1.0,
    "user_id":"bc79fe60dd19dac53b38acc1f12a613d"
  },
  "017e6c4c-2945-485f-9c1b-1d39f00c524e":{
    "bboxes":[
      [
        0.02834333,
        0.47944,
        0.45764833,
        0.40729833
      ]
    ],
    "labels":[
      "stop"
    ],
    "leading_hand":"right",
    "leading_conf":1.0,
    "user_id":"00c282474a28c2abc53dad3168a3c6b0"
  },
  "01804123-40d9-45c7-97a1-0954c940bd75":{
    "bboxes":[
      [
        0.28298743,
        0.50632476,
        0.08078798,
        0.11414544
      ]
    ],
    "labels":[
      "stop"
    ],
    "leading_hand":"right",
    "leading_conf":1.0,
    "user_id":"4827776669e52c911c3870ce2cff512e"
  },
  "01880d3f-825b-4a38-9192-c4284aac37cd":{
    "bboxes":[
      [
        0.15011379,
        0.42866082,
        0.13617713,
        0.1371413
      ]
    ],
    "labels":[
      "stop"
    ],
    "leading_hand":"right",
    "leading_conf":1.0,
    "user_id":"8e40520d5db63bd44bb01af884071177"
  },
  "018f48a1-f288-42ba-9b21-cd200d3d1fe1":{
    "bboxes":[
      [
        0.32285329,
        0.62908655,
        0.1268254,
        0.1434887
      ]
    ],
    "labels":[
      "stop"
    ],
    "leading_hand":"right",
    "leading_conf":1.0,
    "user_id":"bfb2d8875d48826d8e687c3602b25904"
  },
  "01b1b4b5-6473-42fb-a68d-193da2923185":{
    "bboxes":[
      [
        0.19993226,
        0.22185798,
        0.10843762,
        0.14120498
      ],
      [
        0.59180664,
        0.7030728,
        0.07014097,
        0.13011358
      ]
    ],
    "labels":[
      "stop",
      "no_gesture"
    ],
    "leading_hand":"right",
    "leading_conf":1.0,
    "user_id":"03a3f0490d96c74caefcb885047c8753"
  },
  "01b92aaf-000c-4b70-b681-87964194f349":{
    "bboxes":[
      [
        0.50479106,
        0.48048984,
        0.04825954,
        0.09096319
      ]
    ],
    "labels":[
      "stop"
    ],
    "leading_hand":"left",
    "leading_conf":1.0,
    "user_id":"9c30fbc8ea048495bede475680c1f387"
  },
  "01c18c3b-4be2-4e4f-bdf9-4e95da7829fb":{
    "bboxes":[
      [
        0.17140394,
        0.91186259,
        0.08915155,
        0.08805386
      ],
      [
        0.65669382,
        0.31235664,
        0.12683687,
        0.15869647
      ]
    ],
    "labels":[
      "no_gesture",
      "stop"
    ],
    "leading_hand":"left",
    "leading_conf":1.0,
    "user_id":"bb7fb613d52981c6c9d9191bf95f24d2"
  },
  "01c4f492-09ee-49e1-986b-e29086d7883c":{
    "bboxes":[
      [
        0.36753374,
        0.41683321,
        0.07106456,
        0.10019275
      ],
      [
        0.63808371,
        0.74850234,
        0.05851767,
        0.09551848
      ]
    ],
    "labels":[
      "stop",
      "no_gesture"
    ],
    "leading_hand":"right",
    "leading_conf":1.0,
    "user_id":"64f7b4acf9ccd530acbc150e6f3865cc"
  },
  "01c64760-02f4-4aa8-aad6-f2a388675ded":{
    "bboxes":[
      [
        0.64234575,
        0.56983682,
        0.0980876,
        0.13708935
      ]
    ],
    "labels":[
      "stop"
    ],
    "leading_hand":"left",
    "leading_conf":1.0,
    "user_id":"81d8c7d20e05169f602004214de9964a"
  },
  "01c8c817-dc63-4483-a3f8-4c9fdf23f562":{
    "bboxes":[
      [
        0.14999663,
        0.63361729,
        0.08743916,
        0.10651333
      ],
      [
        0.64420951,
        0.17371432,
        0.1218882,
        0.11656008
      ]
    ],
    "labels":[
      "no_gesture",
      "stop"
    ],
    "leading_hand":"left",
    "leading_conf":1.0,
    "user_id":"5d0bf6d220913bd39a9c33a2e6363663"
  },
  "01eb2913-90b8-472c-8b03-1698a75c9f30":{
    "bboxes":[
      [
        0.35263123,
        0.09249822,
        0.1178012,
        0.14738425
      ],
      [
        0.7672709,
        0.68128961,
        0.08587159,
        0.12683128
      ]
    ],
    "labels":[
      "stop",
      "no_gesture"
    ],
    "leading_hand":"right",
    "leading_conf":1.0,
    "user_id":"eb07c0dce5616379bebaba3b8986f3e2"
  },
  "01fb88bd-bb8c-46e7-89b9-031583bb22e8":{
    "bboxes":[
      [
        0.52173953,
        0.28602373,
        0.04677346,
        0.07885894
      ]
    ],
    "labels":[
      "stop"
    ],
    "leading_hand":"left",
    "leading_conf":1.0,
    "user_id":"185bd3a81d9d618518d10abebf0d17a8"
  },
  "01fcbb49-0295-44b6-aeea-3757745d6e4a":{
    "bboxes":[
      [
        0.21222585,
        0.47131067,
        0.10644307,
        0.11799359
      ],
      [
        0.60310342,
        0.92964883,
        0.08192573,
        0.07017451
      ]
    ],
    "labels":[
      "stop",
      "no_gesture"
    ],
    "leading_hand":"right",
    "leading_conf":1.0,
    "user_id":"7bfc2cb709a29bd7627a5dab79d062ee"
  },
  "02045b8a-fb75-4593-a692-b6dba12da0ee":{
    "bboxes":[
      [
        0.32133768,
        0.35093384,
        0.11052503,
        0.09640957
      ],
      [
        0.70001707,
        0.68678252,
        0.05887723,
        0.06970846
      ]
    ],
    "labels":[
      "stop",
      "no_gesture"
    ],
    "leading_hand":"right",
    "leading_conf":1.0,
    "user_id":"54fdee731038d909a6eba724f6bec65c"
  },
  "0213adeb-73f5-415f-9501-932d722757d2":{
    "bboxes":[
      [
        0.50899156,
        0.449755,
        0.10017438,
        0.19729375
      ]
    ],
    "labels":[
      "stop"
    ],
    "leading_hand":"left",
    "leading_conf":1.0,
    "user_id":"d80435a2ffcaf588285ed8ac3f86b30e"
  },
  "0213d712-d3c5-4194-b82a-7047b152d766":{
    "bboxes":[
      [
        0.07132667,
        0.386945,
        0.37322833,
        0.607425
      ]
    ],
    "labels":[
      "stop"
    ],
    "leading_hand":"right",
    "leading_conf":1.0,
    "user_id":"326f7aa29e4e4d6359023bda359e9eaf"
  },
  "023dfbdd-e9ca-438f-b391-9b5c2bd7510c":{
    "bboxes":[
      [
        0.37721224,
        0.82961212,
        0.05722184,
        0.08484362
      ],
      [
        0.68037384,
        0.46451613,
        0.09011872,
        0.09558556
      ]
    ],
    "labels":[
      "no_gesture",
      "stop"
    ],
    "leading_hand":"left",
    "leading_conf":0.8,
    "user_id":"fa552fb2e5a47f5c080154b446b5c1a6"
  },
  "02424736-1c51-4ae7-baa9-c08bc12f5ec3":{
    "bboxes":[
      [
        0.3454698,
        0.8407779,
        0.11542883,
        0.1214536
      ],
      [
        0.61746027,
        0.44116472,
        0.10962482,
        0.122325
      ]
    ],
    "labels":[
      "no_gesture",
      "stop"
    ],
    "leading_hand":"left",
    "leading_conf":1.0,
    "user_id":"542e907e3e208a16c9e199d45ab9ae04"
  },
  "024a6d53-eb47-4959-b4fd-7aef882fbb50":{
    "bboxes":[
      [
        0.41997107,
        0.63218659,
        0.04033707,
        0.10009049
      ]
    ],
    "labels":[
      "stop"
    ],
    "leading_hand":"right",
    "leading_conf":1.0,
    "user_id":"9c30fbc8ea048495bede475680c1f387"
  },
  "0252f974-88f4-430a-952f-951a2b7c4dd4":{
    "bboxes":[
      [
        0.32255793,
        0.34344999,
        0.10625303,
        0.23414376
      ]
    ],
    "labels":[
      "stop"
    ],
    "leading_hand":"right",
    "leading_conf":1.0,
    "user_id":"ca8548c1a42a84df1ea8a3087fc1c837"
  },
  "025abc10-f3ae-4fe1-b385-4654d0ddc2f8":{
    "bboxes":[
      [
        0.24359913,
        0.31116895,
        0.20906325,
        0.40842808
      ]
    ],
    "labels":[
      "stop"
    ],
    "leading_hand":"right",
    "leading_conf":1.0,
    "user_id":"a46bf613410dd3a05b93d938feb1a09b"
  },
  "0260c4ca-e702-4994-b56e-1b50095d9e03":{
    "bboxes":[
      [
        0.67112958,
        0.47940792,
        0.16823112,
        0.19903955
      ]
    ],
    "labels":[
      "stop"
    ],
    "leading_hand":"left",
    "leading_conf":1.0,
    "user_id":"557ec57fdfb6a7e22bb2efcc6fd43051"
  },
  "027f4247-fef3-40b1-8d54-fadab6659f44":{
    "bboxes":[
      [
        0.09583499,
        0.26806594,
        0.1425085,
        0.19488112
      ],
      [
        0.71481371,
        0.90800263,
        0.10118016,
        0.08802348
      ]
    ],
    "labels":[
      "stop",
      "no_gesture"
    ],
    "leading_hand":"right",
    "leading_conf":1.0,
    "user_id":"97c781c98c5a5d96f49f13db161b5c05"
  },
  "0284539c-d36e-4b1f-9ff0-4a80cdcb5972":{
    "bboxes":[
      [
        0.60698847,
        0.31490175,
        0.11931558,
        0.3550456
      ]
    ],
    "labels":[
      "stop"
    ],
    "leading_hand":"left",
    "leading_conf":1.0,
    "user_id":"e237e533a6ca7f8449e48d07136b19ea"
  },
  "0284f933-22e4-4ad4-844e-64e11286e20f":{
    "bboxes":[
      [
        0.25976866,
        0.66851435,
        0.07039474,
        0.10511524
      ],
      [
        0.6335525,
        0.27189346,
        0.08488997,
        0.10479976
      ]
    ],
    "labels":[
      "no_gesture",
      "stop"
    ],
    "leading_hand":"left",
    "leading_conf":1.0,
    "user_id":"9cf0cf83e903677df1520626ba0def4f"
  },
  "02884f7b-0788-42b3-a34f-cb71d29e1ac3":{
    "bboxes":[
      [
        0.59421974,
        0.3708849,
        0.16746502,
        0.20071764
      ]
    ],
    "labels":[
      "stop"
    ],
    "leading_hand":"left",
    "leading_conf":1.0,
    "user_id":"4a14b75b6fc63abbe0bf083f682bdee9"
  },
  "02890265-6869-4490-98f0-069bf01b06be":{
    "bboxes":[
      [
        0.584275,
        0.25140667,
        0.309695,
        0.31817
      ]
    ],
    "labels":[
      "stop"
    ],
    "leading_hand":"left",
    "leading_conf":1.0,
    "user_id":"bf824a062bc9fa32d7ef56d4ec9b00e3"
  },
  "028c301a-7037-4858-a259-5ba845e95a3d":{
    "bboxes":[
      [
        0.25271472,
        0.42380023,
        0.051883,
        0.06249993
      ],
      [
        0.45001693,
        0.69025409,
        0.03434116,
        0.04798479
      ]
    ],
    "labels":[
      "stop",
      "no_gesture"
    ],
    "leading_hand":"right",
    "leading_conf":1.0,
    "user_id":"db573f94204e56e0cf3fc2ea000e5bdc"
  },
  "028e5825-a2be-431c-83e6-9c06b72f9d6a":{
    "bboxes":[
      [
        0.550355,
        0.43453667,
        0.26951167,
        0.28271667
      ]
    ],
    "labels":[
      "stop"
    ],
    "leading_hand":"left",
    "leading_conf":1.0,
    "user_id":"f7708db49238adb711a3cd104b06a6d6"
  },
  "02a06e54-e84f-4c49-9888-2fea966c9ac3":{
    "bboxes":[
      [
        0.52609,
        0.17782167,
        0.065235,
        0.14313833
      ]
    ],
    "labels":[
      "stop"
    ],
    "leading_hand":"left",
    "leading_conf":1.0,
    "user_id":"80c2ff30882e01d1d5ee3008bc20052a"
  },
  "02b9bdf4-007d-4e5e-ae7e-f1b35edf7602":{
    "bboxes":[
      [
        0.22966607,
        0.14988551,
        0.14560538,
        0.16195156
      ],
      [
        0.70600774,
        0.73059965,
        0.10200162,
        0.15070158
      ]
    ],
    "labels":[
      "stop",
      "no_gesture"
    ],
    "leading_hand":"right",
    "leading_conf":1.0,
    "user_id":"6ab9d68781bc08dc166a1834cd3fef87"
  },
  "02c3a03b-0517-44b9-a457-72d7fc97f580":{
    "bboxes":[
      [
        0.29428789,
        0.9381081,
        0.04600477,
        0.0611069
      ],
      [
        0.53520963,
        0.63110778,
        0.07084462,
        0.08391452
      ]
    ],
    "labels":[
      "no_gesture",
      "stop"
    ],
    "leading_hand":"left",
    "leading_conf":1.0,
    "user_id":"3cce059b9f999227a6ab8cc19870c10a"
  },
  "02c605b6-1991-4532-b583-d030158fd6f2":{
    "bboxes":[
      [
        0.18546833,
        0.23462,
        0.18309833,
        0.50224167
      ]
    ],
    "labels":[
      "stop"
    ],
    "leading_hand":"right",
    "leading_conf":1.0,
    "user_id":"e0f26edc427e09df20982eb25feebf96"
  },
  "02c8fe29-1eda-4277-96c3-fddde7010817":{
    "bboxes":[
      [
        0.5714121,
        0.5133428,
        0.3628275,
        0.33746938
      ]
    ],
    "labels":[
      "stop"
    ],
    "leading_hand":"left",
    "leading_conf":0.8,
    "user_id":"36d4ec0534d373b800e213e1e862ff16"
  },
  "02d1a2a9-5129-4468-8196-60061849130f":{
    "bboxes":[
      [
        0.57810692,
        0.36824819,
        0.1987204,
        0.32537656
      ]
    ],
    "labels":[
      "stop"
    ],
    "leading_hand":"left",
    "leading_conf":1.0,
    "user_id":"5e9e139fd8608e17f0fb5316b1c3926c"
  },
  "02d7d72c-5c8f-4916-b093-559a7ee695c7":{
    "bboxes":[
      [
        0.65476545,
        0.44350092,
        0.15987124,
        0.19792075
      ]
    ],
    "labels":[
      "stop"
    ],
    "leading_hand":"left",
    "leading_conf":1.0,
    "user_id":"ef80fbaafde18a3e653924092c637043"
  },
  "02dd24ea-ab4b-4584-8adb-97ef93429077":{
    "bboxes":[
      [
        0.59859976,
        0.46257078,
        0.06077913,
        0.07122635
      ]
    ],
    "labels":[
      "stop"
    ],
    "leading_hand":"left",
    "leading_conf":1.0,
    "user_id":"21f2a43b311298eca5bb14f1c96f2f64"
  },
  "02e37333-bacb-4bc2-8c20-e69da4b0ec1e":{
    "bboxes":[
      [
        0.6475895,
        0.4534527,
        0.06900049,
        0.13733426
      ]
    ],
    "labels":[
      "stop"
    ],
    "leading_hand":"left",
    "leading_conf":1.0,
    "user_id":"295e37b01856505f1e0164d2bc8ed10b"
  },
  "02e6a642-5dd4-485e-8109-7f26c4c6cef2":{
    "bboxes":[
      [
        0.26315167,
        0.481825,
        0.15231833,
        0.169065
      ]
    ],
    "labels":[
      "stop"
    ],
    "leading_hand":"right",
    "leading_conf":1.0,
    "user_id":"b1e386801cfacdfd77c0501431606fa7"
  },
  "02f7cfef-f807-4622-ab62-25ccdc34e35d":{
    "bboxes":[
      [
        0.22385496,
        0.27833493,
        0.08785316,
        0.10648572
      ]
    ],
    "labels":[
      "stop"
    ],
    "leading_hand":"right",
    "leading_conf":1.0,
    "user_id":"b069bd37965c8d03532d0d6ef52cc516"
  },
  "0310aa7a-c449-48e7-a1ee-60863887d212":{
    "bboxes":[
      [
        0.19474365,
        0.23879602,
        0.34764312,
        0.37393126
      ]
    ],
    "labels":[
      "stop"
    ],
    "leading_hand":"right",
    "leading_conf":1.0,
    "user_id":"8f2fea5731031a57b1bc373274671ea7"
  },
  "031a45f8-01d7-4c78-a805-7ee0ebed11d1":{
    "bboxes":[
      [
        0.2026046,
        0.81424069,
        0.1936279,
        0.15808738
      ],
      [
        0.60406887,
        0.42829757,
        0.19829896,
        0.21742807
      ]
    ],
    "labels":[
      "no_gesture",
      "stop"
    ],
    "leading_hand":"left",
    "leading_conf":1.0,
    "user_id":"c7cf4461196d4edb86c6331bc1e47c49"
  },
  "03203ffc-42c5-4bea-a586-40114aa45ba5":{
    "bboxes":[
      [
        0.14877167,
        0.42484167,
        0.26029,
        0.247145
      ]
    ],
    "labels":[
      "stop"
    ],
    "leading_hand":"right",
    "leading_conf":1.0,
    "user_id":"b7f21502c5013079b851fd204b38dac0"
  },
  "0322d3d9-ae02-49c1-8380-e96332d25c97":{
    "bboxes":[
      [
        0.25910833,
        0.13887,
        0.17241,
        0.35294333
      ]
    ],
    "labels":[
      "stop"
    ],
    "leading_hand":"right",
    "leading_conf":1.0,
    "user_id":"a6e07724e48b133fc0bdc9263e187bbd"
  },
  "0324107e-b958-4ab2-ac28-b3586ce95533":{
    "bboxes":[
      [
        0.36126683,
        0.34423879,
        0.07959841,
        0.08765125
      ],
      [
        0.62336649,
        0.64070281,
        0.06267624,
        0.07156588
      ]
    ],
    "labels":[
      "stop",
      "no_gesture"
    ],
    "leading_hand":"right",
    "leading_conf":1.0,
    "user_id":"bb9556db660466b00200a6645f714e66"
  },
  "0328ec4b-d898-449f-8abd-d92f9d6b7003":{
    "bboxes":[
      [
        0.67044214,
        0.28258379,
        0.10911103,
        0.1323949
      ]
    ],
    "labels":[
      "stop"
    ],
    "leading_hand":"left",
    "leading_conf":1.0,
    "user_id":"d732b952a751f4a50c11c60ac328d5b6"
  },
  "03295279-7eb0-4746-b373-81944c80e802":{
    "bboxes":[
      [
        0.43776408,
        0.46540176,
        0.04252058,
        0.08545133
      ],
      [
        0.48759163,
        0.74440119,
        0.03966496,
        0.03997191
      ]
    ],
    "labels":[
      "stop",
      "no_gesture"
    ],
    "leading_hand":"right",
    "leading_conf":1.0,
    "user_id":"9d6ba51a6c0db0602c6fdf632891a14f"
  },
  "032d79e5-b94c-4e12-a0e9-1c80a2f3ae0b":{
    "bboxes":[
      [
        0.20520759,
        0.75081166,
        0.13108136,
        0.16042463
      ],
      [
        0.60278343,
        0.12176536,
        0.19713542,
        0.21501279
      ]
    ],
    "labels":[
      "no_gesture",
      "stop"
    ],
    "leading_hand":"left",
    "leading_conf":1.0,
    "user_id":"5f338a62e0aad5a50bc290e2c9e6fd70"
  },
  "0343123a-fca4-4ce0-8491-b4b98bf2e7c9":{
    "bboxes":[
      [
        0.007215,
        0.32738833,
        0.41661333,
        0.49885
      ]
    ],
    "labels":[
      "stop"
    ],
    "leading_hand":"right",
    "leading_conf":1.0,
    "user_id":"96bb44820037808167bb02582e3262fd"
  },
  "034bab50-9607-4800-9885-52eb6e0ca292":{
    "bboxes":[
      [
        0.2043403,
        0.28296239,
        0.16630584,
        0.17062086
      ]
    ],
    "labels":[
      "stop"
    ],
    "leading_hand":"right",
    "leading_conf":1.0,
    "user_id":"5432aeb06758be8346b6430fb9854890"
  },
  "0353921c-71f6-4459-bf80-727fb113f19d":{
    "bboxes":[
      [
        0.23667333,
        0.89879713,
        0.04647503,
        0.06433344
      ],
      [
        0.48211936,
        0.60126058,
        0.05871418,
        0.07638658
      ]
    ],
    "labels":[
      "no_gesture",
      "stop"
    ],
    "leading_hand":"left",
    "leading_conf":1.0,
    "user_id":"542e907e3e208a16c9e199d45ab9ae04"
  },
  "03650a3b-6563-48f7-aa1f-d4fdf1c1dfd8":{
    "bboxes":[
      [
        0.244046,
        0.3056755,
        0.14845636,
        0.15542194
      ],
      [
        0.64919276,
        0.76316326,
        0.09650982,
        0.10255417
      ]
    ],
    "labels":[
      "stop",
      "no_gesture"
    ],
    "leading_hand":"right",
    "leading_conf":1.0,
    "user_id":"a8080952a8aeca020277c96c217f3571"
  },
  "036d5d2a-1d05-4b94-8dee-9dcef7abcf55":{
    "bboxes":[
      [
        0.26230829,
        0.77663816,
        0.03334885,
        0.12933136
      ],
      [
        0.46784991,
        0.29255267,
        0.0462763,
        0.14236888
      ]
    ],
    "labels":[
      "no_gesture",
      "stop"
    ],
    "leading_hand":"left",
    "leading_conf":1.0,
    "user_id":"6deaec04d87e7c1fea7c73d3882075f8"
  },
  "038718c5-a206-4141-ae05-5b4c09ede062":{
    "bboxes":[
      [
        0.13709537,
        0.26070665,
        0.15253327,
        0.19688715
      ],
      [
        0.63337113,
        0.82499912,
        0.09105819,
        0.13234416
      ]
    ],
    "labels":[
      "stop",
      "no_gesture"
    ],
    "leading_hand":"right",
    "leading_conf":1.0,
    "user_id":"e67ffea9faf804e603e010807272f58d"
  },
  "038d76ed-9d15-42f3-8a1c-78f4870addc5":{
    "bboxes":[
      [
        0.61925158,
        0.29533776,
        0.27784452,
        0.29934308
      ]
    ],
    "labels":[
      "stop"
    ],
    "leading_hand":"left",
    "leading_conf":1.0,
    "user_id":"f46dc34501244c24cabcab50afd945e5"
  },
  "0393a9ca-96ec-42d7-bf1a-0e34ff0696fc":{
    "bboxes":[
      [
        0.57726501,
        0.37499407,
        0.06062001,
        0.12248298
      ]
    ],
    "labels":[
      "stop"
    ],
    "leading_hand":"left",
    "leading_conf":1.0,
    "user_id":"ff0f74ab4c3837a8291b942f12b409da"
  },
  "0397406f-2c61-4fe7-a770-0a940fd21ccf":{
    "bboxes":[
      [
        0.66185133,
        0.3927193,
        0.30228187,
        0.28326367
      ]
    ],
    "labels":[
      "stop"
    ],
    "leading_hand":"left",
    "leading_conf":1.0,
    "user_id":"e47f02e92c36f417f2ca46bf2abd85a1"
  },
  "03a5acf2-a226-4f62-a2ff-2a6c507792d9":{
    "bboxes":[
      [
        0.61406333,
        0.47607333,
        0.37045667,
        0.45943833
      ]
    ],
    "labels":[
      "stop"
    ],
    "leading_hand":"left",
    "leading_conf":1.0,
    "user_id":"cdcf3b1747690f174620709ead015c75"
  },
  "03a6ef72-a1ab-4b20-b2a9-103d48f2fbea":{
    "bboxes":[
      [
        0.217134,
        0.14258776,
        0.11922293,
        0.2817697
      ]
    ],
    "labels":[
      "stop"
    ],
    "leading_hand":"right",
    "leading_conf":1.0,
    "user_id":"2582e10b5f3f92c3d46794f528633213"
  },
  "03aa97dd-e1db-4a31-963b-3f8ca426d0f7":{
    "bboxes":[
      [
        0.06656,
        0.49977667,
        0.28798167,
        0.36238167
      ]
    ],
    "labels":[
      "stop"
    ],
    "leading_hand":"right",
    "leading_conf":1.0,
    "user_id":"e6914165c268823b065bac44ba028216"
  },
  "03ab6869-a809-4761-b2ef-44046fc4931c":{
    "bboxes":[
      [
        0.23228,
        0.36792667,
        0.15189833,
        0.37948167
      ]
    ],
    "labels":[
      "stop"
    ],
    "leading_hand":"right",
    "leading_conf":1.0,
    "user_id":"757a513c9c2488501fb30b2aaed56ef4"
  },
  "03ba4ad1-c554-4eaf-a273-be8c5acae854":{
    "bboxes":[
      [
        0.01221167,
        0.42180667,
        0.28350667,
        0.309715
      ]
    ],
    "labels":[
      "stop"
    ],
    "leading_hand":"right",
    "leading_conf":1.0,
    "user_id":"2d854a827741ea25378572e43b09f2f0"
  },
  "03bc3f5f-ae3c-436e-9789-dbb15720a928":{
    "bboxes":[
      [
        0.03238853,
        0.40998921,
        0.34122719,
        0.35389558
      ]
    ],
    "labels":[
      "stop"
    ],
    "leading_hand":"right",
    "leading_conf":1.0,
    "user_id":"46d5b2c342a00d68bc2ce1e6abeb0b49"
  },
  "03ec2a83-bd86-45cc-b0b8-99b29ad29a5d":{
    "bboxes":[
      [
        0.564135,
        0.42021667,
        0.25894833,
        0.22211167
      ]
    ],
    "labels":[
      "stop"
    ],
    "leading_hand":"left",
    "leading_conf":1.0,
    "user_id":"003b05d60d05a363b79b3cadd0d82f32"
  },
  "03f1a3f6-d17b-4690-988d-1dec1dfa9b6d":{
    "bboxes":[
      [
        0.17655044,
        0.39907666,
        0.14282871,
        0.15326389
      ]
    ],
    "labels":[
      "stop"
    ],
    "leading_hand":"right",
    "leading_conf":1.0,
    "user_id":"3146496ea8464dcecc122297331ddc3c"
  }
}