{
  "0032e8d0-b9ca-449d-a27e-91fa335a8b75":{
    "bboxes":[
      [
        0.6668388,
        0.31244518,
        0.13396538,
        0.17625898
      ]
    ],
    "labels":[
      "stop_inverted"
    ],
    "leading_hand":"left",
    "leading_conf":0.8,
    "user_id":"3bd2c8d9fa1c54bf5bddb586af7c514d"
  },
  "08df4a1d-0e1f-4fd8-8c35-86d173dcddf5":{
    "bboxes":[
      [
        0.33673914,
        0.5301646,
        0.08976759,
        0.13914135
      ]
    ],
    "labels":[
      "stop_inverted"
    ],
    "leading_hand":"right",
    "leading_conf":1.0,
    "user_id":"51dde3c93a08f53f200ef0e862bf1532"
  },
  "13be1111-08ba-41bb-90fa-7cc6456c3ac7":{
    "bboxes":[
      [
        0.65287905,
        0.52199821,
        0.09510547,
        0.12699518
      ]
    ],
    "labels":[
      "stop_inverted"
    ],
    "leading_hand":"left",
    "leading_conf":1.0,
    "user_id":"5da52deb6e826917af1dd593901c151f"
  },
  "1b9a6f27-80b7-4fa0-a2c2-6921da5e7e94":{
    "bboxes":[
      [
        0.30541085,
        0.92827081,
        0.14470447,
        0.05357155
      ],
      [
        0.62378306,
        0.40055906,
        0.11307906,
        0.13831999
      ]
    ],
    "labels":[
      "no_gesture",
      "stop_inverted"
    ],
    "leading_hand":"left",
    "leading_conf":1.0,
    "user_id":"bb6ba4236abc22dd1f6bd49a82dc654b"
  },
  "22ffc4d8-ce84-449d-a827-d5f03e64ad91":{
    "bboxes":[
      [
        0.26893996,
        0.71342981,
        0.2773246,
        0.11884613
      ],
      [
        0.65992984,
        0.20007738,
        0.20316935,
        0.161869
      ]
    ],
    "labels":[
      "no_gesture",
      "stop_inverted"
    ],
    "leading_hand":"left",
    "leading_conf":1.0,
    "user_id":"a1bcb0e85e5e74bb0b4dd12286c80dde"
  },
  "2719d117-1915-4fc5-818d-5ca294ac56db":{
    "bboxes":[
      [
        0.39396989,
        0.15657242,
        0.08403608,
        0.18218213
      ]
    ],
    "labels":[
      "stop_inverted"
    ],
    "leading_hand":"right",
    "leading_conf":1.0,
    "user_id":"bf230e688b30e5a4743530da90bc9d71"
  },
  "2cd57cd1-99cb-4289-b35d-ef6a9d679015":{
    "bboxes":[
      [
        0.57862903,
        0.36726462,
        0.05963047,
        0.10955409
      ]
    ],
    "labels":[
      "stop_inverted"
    ],
    "leading_hand":"left",
    "leading_conf":1.0,
    "user_id":"3f75020bda42672cf52b537e3f89615e"
  },
  "402ae956-e6fa-4427-8138-73367b2ef012":{
    "bboxes":[
      [
        0.6140868,
        0.28489296,
        0.07463421,
        0.17000708
      ]
    ],
    "labels":[
      "stop_inverted"
    ],
    "leading_hand":"left",
    "leading_conf":1.0,
    "user_id":"8b1c78ae5f34e6814294fd38d095081f"
  },
  "535d1f02-9d71-4d35-bf4e-b731b86562a6":{
    "bboxes":[
      [
        0.30439324,
        0.38276555,
        0.11988453,
        0.15711664
      ]
    ],
    "labels":[
      "stop_inverted"
    ],
    "leading_hand":"right",
    "leading_conf":1.0,
    "user_id":"c6eb01fdd2763e9c47c271c40a1acf24"
  },
  "63376350-3b0a-41d1-8715-4acb18b34d27":{
    "bboxes":[
      [
        0.16957254,
        0.3903492,
        0.19559385,
        0.25213803
      ],
      [
        0.3993584,
        0.81331212,
        0.31430166,
        0.18612645
      ]
    ],
    "labels":[
      "stop_inverted",
      "no_gesture"
    ],
    "leading_hand":"right",
    "leading_conf":1.0,
    "user_id":"859c091a49f2d404ead810023f7013ea"
  },
  "674dfeb0-2888-49a0-9a2d-3483ed3543e6":{
    "bboxes":[
      [
        0.2515122,
        0.90764732,
        0.07221968,
        0.09093143
      ],
      [
        0.65699609,
        0.33130417,
        0.11787388,
        0.15161747
      ]
    ],
    "labels":[
      "no_gesture",
      "stop_inverted"
    ],
    "leading_hand":"left",
    "leading_conf":1.0,
    "user_id":"9df1907cf45531c1e3cc149bb0773919"
  },
  "6ff780b6-f689-4224-bbda-aac4f9575d36":{
    "bboxes":[
      [
        0.33336376,
        0.84112125,
        0.07467815,
        0.0870874
      ],
      [
        0.54169086,
        0.38134174,
        0.06217346,
        0.16852468
      ]
    ],
    "labels":[
      "no_gesture",
      "stop_inverted"
    ],
    "leading_hand":"left",
    "leading_conf":1.0,
    "user_id":"77cd12a8cc2416e551ea800a759033f2"
  },
  "93a04e41-4a56-4676-aa34-2984be88ce86":{
    "bboxes":[
      [
        0.27165325,
        0.19014103,
        0.11095745,
        0.15305889
      ],
      [
        0.74826827,
        0.81735706,
        0.09833442,
        0.16066901
      ]
    ],
    "labels":[
      "stop_inverted",
      "no_gesture"
    ],
    "leading_hand":"right",
    "leading_conf":1.0,
    "user_id":"65d19c5646b51c6629fda4d156ca333c"
  },
  "adda5345-9b07-4178-b543-05b662855eec":{
    "bboxes":[
      [
        0.27655554,
        0.65682557,
        0.04362754,
        0.0833664
      ],
      [
        0.53393858,
        0.31738659,
        0.07104765,
        0.09656493
      ]
    ],
    "labels":[
      "no_gesture",
      "stop_inverted"
    ],
    "leading_hand":"left",
    "leading_conf":1.0,
    "user_id":"b99c8a427df9fda1e12d6f1abefe7dbc"
  },
  "b9861ba0-3154-444f-ba86-a10a2f9bdf35":{
    "bboxes":[
      [
        0.61301501,
        0.35532747,
        0.13178567,
        0.16831853
      ]
    ],
    "labels":[
      "stop_inverted"
    ],
    "leading_hand":"left",
    "leading_conf":1.0,
    "user_id":"ac9c02a767da7ce06e14dc63f0cbe328"
  },
  "bb3eebf3-8822-45d5-bd74-1571add1761d":{
    "bboxes":[
      [
        0.39201437,
        0.55197394,
        0.05672625,
        0.08263513
      ]
    ],
    "labels":[
      "stop_inverted"
    ],
    "leading_hand":"right",
    "leading_conf":1.0,
    "user_id":"945c3a7067c483eb06d2e4110a28cf6e"
  },
  "d470ff4b-1147-4ed4-883a-789dc46f23db":{
    "bboxes":[
      [
        0.29447399,
        0.90876205,
        0.07983194,
        0.0901292
      ],
      [
        0.58314161,
        0.45774637,
        0.09318581,
        0.11666805
      ]
    ],
    "labels":[
      "no_gesture",
      "stop_inverted"
    ],
    "leading_hand":"left",
    "leading_conf":1.0,
    "user_id":"14a613388f34b3708372979a7e269a00"
  },
  "f24d8119-2a3e-4f47-b79e-009685b10c5d":{
    "bboxes":[
      [
        0.16303045,
        0.84537121,
        0.06265153,
        0.06504187
      ],
      [
        0.44182376,
        0.43662572,
        0.07733552,
        0.10371045
      ]
    ],
    "labels":[
      "no_gesture",
      "stop_inverted"
    ],
    "leading_hand":"left",
    "leading_conf":1.0,
    "user_id":"3ec9ed4234002df51383537178d88332"
  },
  "f7713264-f147-47f3-ace3-e3a8b1492e25":{
    "bboxes":[
      [
        0.24110161,
        0.37303604,
        0.11922397,
        0.15595822
      ]
    ],
    "labels":[
      "stop_inverted"
    ],
    "leading_hand":"right",
    "leading_conf":1.0,
    "user_id":"72dfc3a010975acf90f5350fddb07b47"
  },
  "0180507d-61d2-41d3-bb32-21eed46839d9":{
    "bboxes":[
      [
        0.51620835,
        0.38238291,
        0.06535494,
        0.15729811
      ]
    ],
    "labels":[
      "stop_inverted"
    ],
    "leading_hand":"left",
    "leading_conf":1.0,
    "user_id":"9ccd66e2045daa5f802e68a685cef73a"
  },
  "02afd59f-887a-4345-84db-d446cedc29b1":{
    "bboxes":[
      [
        0.61733418,
        0.21253567,
        0.20591346,
        0.27618389
      ]
    ],
    "labels":[
      "stop_inverted"
    ],
    "leading_hand":"left",
    "leading_conf":1.0,
    "user_id":"807501b0e669e9fe3240a207b63f2bee"
  },
  "02bac857-eb30-4ca3-8e65-44fde95b34c0":{
    "bboxes":[
      [
        0.46586578,
        0.25928304,
        0.14002774,
        0.11115775
      ]
    ],
    "labels":[
      "stop_inverted"
    ],
    "leading_hand":"left",
    "leading_conf":1.0,
    "user_id":"b39f601831c8134ff9bfb71f95d77dc5"
  },
  "065107b4-0392-4d27-8930-f96324431ae6":{
    "bboxes":[
      [
        0.22693308,
        0.37034251,
        0.12055908,
        0.17065098
      ],
      [
        0.19391155,
        0.86752227,
        0.20425107,
        0.07640123
      ]
    ],
    "labels":[
      "stop_inverted",
      "no_gesture"
    ],
    "leading_hand":"right",
    "leading_conf":1.0,
    "user_id":"fa778fe04be03eaa33af053bd541660f"
  },
  "098243de-24a6-47a3-b4cc-333d0389b8ad":{
    "bboxes":[
      [
        0.21795447,
        0.3232624,
        0.14977505,
        0.19230277
      ]
    ],
    "labels":[
      "stop_inverted"
    ],
    "leading_hand":"right",
    "leading_conf":1.0,
    "user_id":"559f74e6763c19ce3a74317e00d9e843"
  },
  "0cb1c616-0b3d-45b5-8367-32e5e16784e5":{
    "bboxes":[
      [
        0.64231264,
        0.40320449,
        0.05763843,
        0.06505369
      ]
    ],
    "labels":[
      "stop_inverted"
    ],
    "leading_hand":"left",
    "leading_conf":1.0,
    "user_id":"bc7af50ccd5a510a014b4465e414a104"
  },
  "0f9a7728-384b-4d73-953c-7c925646a54e":{
    "bboxes":[
      [
        0.22398553,
        0.24910124,
        0.144325,
        0.19569715
      ]
    ],
    "labels":[
      "stop_inverted"
    ],
    "leading_hand":"right",
    "leading_conf":1.0,
    "user_id":"d7d9858b2d1a5901d2c65827189a16be"
  },
  "11ced830-0993-4f0c-99f4-e1ea047b3368":{
    "bboxes":[
      [
        0.15401697,
        0.20726993,
        0.15346756,
        0.21189353
      ]
    ],
    "labels":[
      "stop_inverted"
    ],
    "leading_hand":"right",
    "leading_conf":1.0,
    "user_id":"45564532335f2d7093718a16426d18ce"
  },
  "123f9ac4-5b49-48e2-8b95-63c9d316f9fe":{
    "bboxes":[
      [
        0.13095147,
        0.28373776,
        0.16463555,
        0.23228163
      ]
    ],
    "labels":[
      "stop_inverted"
    ],
    "leading_hand":"right",
    "leading_conf":1.0,
    "user_id":"54866255c07161c6b34fcd8624b33dbd"
  },
  "1258c30e-f3f5-4897-affd-6b004b8ac4c6":{
    "bboxes":[
      [
        0.37658066,
        0.24954585,
        0.09325446,
        0.14064199
      ]
    ],
    "labels":[
      "stop_inverted"
    ],
    "leading_hand":"right",
    "leading_conf":1.0,
    "user_id":"77cd12a8cc2416e551ea800a759033f2"
  },
  "14ad43a8-493c-4496-9e48-fe0cd5cd1e7b":{
    "bboxes":[
      [
        0.59948928,
        0.3000441,
        0.27914082,
        0.2295638
      ]
    ],
    "labels":[
      "stop_inverted"
    ],
    "leading_hand":"left",
    "leading_conf":1.0,
    "user_id":"efee296b69fd4dd98d75de1ec19abc77"
  },
  "14c90b0a-17f3-440f-b6a6-923f7ffb6484":{
    "bboxes":[
      [
        0.18192882,
        0.39611996,
        0.12401316,
        0.17669515
      ]
    ],
    "labels":[
      "stop_inverted"
    ],
    "leading_hand":"right",
    "leading_conf":1.0,
    "user_id":"523ae0d1ce0fde9eb8bcc03e6f7ae302"
  },
  "14d1d275-27ef-4104-9a62-50d388537ec6":{
    "bboxes":[
      [
        0.63163919,
        0.46726691,
        0.04442936,
        0.10605131
      ]
    ],
    "labels":[
      "stop_inverted"
    ],
    "leading_hand":"left",
    "leading_conf":1.0,
    "user_id":"600fb44e6f24a33bd4bb34b4d34e60f4"
  },
  "16b42dcd-04de-4aca-b99b-ba3f9bc34b15":{
    "bboxes":[
      [
        0.39038841,
        0.42371205,
        0.07106523,
        0.10496714
      ],
      [
        0.61225234,
        0.82883065,
        0.06019605,
        0.09423701
      ]
    ],
    "labels":[
      "stop_inverted",
      "no_gesture"
    ],
    "leading_hand":"right",
    "leading_conf":1.0,
    "user_id":"73091c721e6a0e27e663872a68b37c63"
  },
  "18caedc5-70d0-4b5a-b69b-4f3f20eca0bb":{
    "bboxes":[
      [
        0.58816053,
        0.47275051,
        0.05144426,
        0.11375648
      ]
    ],
    "labels":[
      "stop_inverted"
    ],
    "leading_hand":"left",
    "leading_conf":1.0,
    "user_id":"3512a468f928723187615a3564ca56ff"
  },
  "1babac0a-62d3-44bc-862d-604e357a52ad":{
    "bboxes":[
      [
        0.49542468,
        0.33482318,
        0.02387637,
        0.02068496
      ],
      [
        0.53685193,
        0.32785876,
        0.01993439,
        0.02421051
      ]
    ],
    "labels":[
      "no_gesture",
      "stop_inverted"
    ],
    "leading_hand":"left",
    "leading_conf":0.8,
    "user_id":"cad6174856b01bcd90802afc7b26a36a"
  },
  "1bd1d664-dec4-4fd8-9111-988815968932":{
    "bboxes":[
      [
        0.57435989,
        0.33327702,
        0.23097029,
        0.18801092
      ]
    ],
    "labels":[
      "stop_inverted"
    ],
    "leading_hand":"left",
    "leading_conf":1.0,
    "user_id":"bfd8c7c739839ef6fe542e0cf9006432"
  },
  "20ef6b19-76a2-4a3e-8212-5ceef3d85047":{
    "bboxes":[
      [
        0.5536824,
        0.07847368,
        0.16988031,
        0.23339802
      ]
    ],
    "labels":[
      "stop_inverted"
    ],
    "leading_hand":"left",
    "leading_conf":1.0,
    "user_id":"f0012ec71458c0a577a5f42cd3335486"
  },
  "2117c75e-2ea1-4467-b863-47aa35c45e82":{
    "bboxes":[
      [
        0.64227022,
        0.53715007,
        0.0989082,
        0.14111744
      ]
    ],
    "labels":[
      "stop_inverted"
    ],
    "leading_hand":"left",
    "leading_conf":1.0,
    "user_id":"48f85fa3f4ccc262386be2513f57a2eb"
  },
  "2201a084-b845-40d4-b356-6287d45682ac":{
    "bboxes":[
      [
        0.5975201,
        0.18439487,
        0.14895189,
        0.13981334
      ]
    ],
    "labels":[
      "stop_inverted"
    ],
    "leading_hand":"left",
    "leading_conf":1.0,
    "user_id":"9128615283cac4e060fbd9065a0ca5c9"
  },
  "24d89868-d99d-4840-bb95-75cded598896":{
    "bboxes":[
      [
        0.00105702,
        0.74611245,
        0.09370169,
        0.13261138
      ],
      [
        0.53950247,
        0.25695214,
        0.13731116,
        0.23069807
      ]
    ],
    "labels":[
      "no_gesture",
      "stop_inverted"
    ],
    "leading_hand":"left",
    "leading_conf":1.0,
    "user_id":"e55d5d89209f962f3cfc2d5670d44682"
  },
  "26f1d404-25ff-497f-ae15-905986478c43":{
    "bboxes":[
      [
        0.17617134,
        0.49389985,
        0.15137435,
        0.11260291
      ],
      [
        0.4878834,
        0.90307381,
        0.18942326,
        0.07957444
      ]
    ],
    "labels":[
      "stop_inverted",
      "no_gesture"
    ],
    "leading_hand":"right",
    "leading_conf":1.0,
    "user_id":"a1bcb0e85e5e74bb0b4dd12286c80dde"
  },
  "27fc478c-f910-461d-b0e9-fb856867f9f5":{
    "bboxes":[
      [
        0.23761936,
        0.34030622,
        0.12579468,
        0.13907596
      ],
      [
        0.7202891,
        0.88333244,
        0.09325527,
        0.10539073
      ]
    ],
    "labels":[
      "stop_inverted",
      "no_gesture"
    ],
    "leading_hand":"right",
    "leading_conf":1.0,
    "user_id":"4c2a3ff7823ea9214ec6b2bdb8a259e7"
  },
  "290d4c31-a8ec-4d91-95c8-f9ee5ef8551a":{
    "bboxes":[
      [
        0.15384527,
        0.82932432,
        0.11360781,
        0.13375501
      ],
      [
        0.63697826,
        0.20419931,
        0.15715753,
        0.20205753
      ]
    ],
    "labels":[
      "no_gesture",
      "stop_inverted"
    ],
    "leading_hand":"left",
    "leading_conf":1.0,
    "user_id":"ac7f72bca67a21255ebd91e1c75fbc8b"
  },
  "2a21eb33-87c0-4522-872f-b4802217b8ed":{
    "bboxes":[
      [
        0.480351,
        0.62064388,
        0.05545321,
        0.06233241
      ]
    ],
    "labels":[
      "stop_inverted"
    ],
    "leading_hand":"left",
    "leading_conf":1.0,
    "user_id":"e546008c4e32130cb5380a6ca66a39b5"
  },
  "2eb6d071-196e-4aab-9da7-af1fb07d0a64":{
    "bboxes":[
      [
        0.33500426,
        0.6005951,
        0.07127116,
        0.10506349
      ],
      [
        0.63846704,
        0.08162828,
        0.10432084,
        0.13194252
      ]
    ],
    "labels":[
      "no_gesture",
      "stop_inverted"
    ],
    "leading_hand":"left",
    "leading_conf":1.0,
    "user_id":"02f23a178fda4fbcf42f25d6dab093a5"
  },
  "2eba7875-afe6-4f64-a624-e310bdee7619":{
    "bboxes":[
      [
        0.63820861,
        0.21335925,
        0.15400596,
        0.22935444
      ]
    ],
    "labels":[
      "stop_inverted"
    ],
    "leading_hand":"left",
    "leading_conf":1.0,
    "user_id":"ff169f3bbab458308b88188be3657125"
  },
  "2eca27e3-c0d9-4fbf-ab8d-d98ad06218a0":{
    "bboxes":[
      [
        0.18410901,
        0.41670433,
        0.13993489,
        0.18209371
      ]
    ],
    "labels":[
      "stop_inverted"
    ],
    "leading_hand":"right",
    "leading_conf":1.0,
    "user_id":"917eae1e545da908b26cde8e3bfa2299"
  },
  "332b7ed6-0232-4ac8-819b-3224ff864001":{
    "bboxes":[
      [
        0.5891616,
        0.42552482,
        0.10070506,
        0.13332442
      ]
    ],
    "labels":[
      "stop_inverted"
    ],
    "leading_hand":"left",
    "leading_conf":1.0,
    "user_id":"f21ae25db98498f13e3a4197d5cd7d0d"
  },
  "338162b6-eae8-4f57-8c65-22ce04d6b396":{
    "bboxes":[
      [
        0.38417784,
        0.38238247,
        0.09823445,
        0.11524724
      ],
      [
        0.68363223,
        0.7973777,
        0.07778304,
        0.09453079
      ]
    ],
    "labels":[
      "stop_inverted",
      "no_gesture"
    ],
    "leading_hand":"right",
    "leading_conf":1.0,
    "user_id":"908f93c8f8a20eb2102df388defe6c9e"
  },
  "3f1e7090-d14d-46dc-8d34-afdb623c2b49":{
    "bboxes":[
      [
        0.36284524,
        0.37337,
        0.11284857,
        0.13827571
      ]
    ],
    "labels":[
      "stop_inverted"
    ],
    "leading_hand":"right",
    "leading_conf":1.0,
    "user_id":"559f74e6763c19ce3a74317e00d9e843"
  },
  "41883128-bc5a-45f4-9bcf-0565a45e1b3e":{
    "bboxes":[
      [
        0.26479177,
        0.47267635,
        0.09903857,
        0.13285642
      ],
      [
        0.42559105,
        0.94632623,
        0.17409692,
        0.05288092
      ]
    ],
    "labels":[
      "stop_inverted",
      "no_gesture"
    ],
    "leading_hand":"right",
    "leading_conf":1.0,
    "user_id":"0b1faef707f0e390ea6831c8bfd0fec3"
  },
  "47a34603-1429-4b86-acd5-56d635262bc2":{
    "bboxes":[
      [
        0.1533756,
        0.88499024,
        0.12779317,
        0.11375466
      ],
      [
        0.59178772,
        0.41068623,
        0.12501563,
        0.12727562
      ]
    ],
    "labels":[
      "no_gesture",
      "stop_inverted"
    ],
    "leading_hand":"left",
    "leading_conf":1.0,
    "user_id":"234e24dcc022bb59743182b8fb427789"
  },
  "4bf3b72c-6324-4018-87d6-3f1ed40318df":{
    "bboxes":[
      [
        0.19287465,
        0.44858576,
        0.1607273,
        0.130958
      ],
      [
        0.76486512,
        0.88270021,
        0.0914237,
        0.0940315
      ]
    ],
    "labels":[
      "stop_inverted",
      "no_gesture"
    ],
    "leading_hand":"right",
    "leading_conf":1.0,
    "user_id":"1649d40aa3270d8b2ed5ff87273da2c0"
  },
  "518db6ec-eec7-4515-a253-f47e890b8043":{
    "bboxes":[
      [
        0.53962271,
        0.31550863,
        0.13983988,
        0.12686443
      ]
    ],
    "labels":[
      "stop_inverted"
    ],
    "leading_hand":"left",
    "leading_conf":1.0,
    "user_id":"9128615283cac4e060fbd9065a0ca5c9"
  },
  "5339570c-a8dd-430f-b8be-770a914f8d76":{
    "bboxes":[
      [
        0.43603381,
        0.77939268,
        0.15431773,
        0.06371226
      ],
      [
        0.57843921,
        0.40501522,
        0.11494463,
        0.11924753
      ]
    ],
    "labels":[
      "no_gesture",
      "stop_inverted"
    ],
    "leading_hand":"left",
    "leading_conf":1.0,
    "user_id":"4f084a46eb99b2709b511d2605842334"
  },
  "547025c3-78a8-4441-a32b-9a5ac5228bbc":{
    "bboxes":[
      [
        0.37248021,
        0.4470965,
        0.08218526,
        0.10716354
      ]
    ],
    "labels":[
      "stop_inverted"
    ],
    "leading_hand":"right",
    "leading_conf":0.8,
    "user_id":"a79be9aad440a2b79d487f6274f90ef2"
  },
  "57974375-bb1c-447c-95c6-a7b23a69cbe6":{
    "bboxes":[
      [
        0.31265936,
        0.25340361,
        0.08468887,
        0.1908986
      ]
    ],
    "labels":[
      "stop_inverted"
    ],
    "leading_hand":"right",
    "leading_conf":1.0,
    "user_id":"6fa10450b5342df6ac562263277ee760"
  },
  "5d3d6a28-98d9-4041-93d7-064a274132d9":{
    "bboxes":[
      [
        0.39190654,
        0.47934517,
        0.07835562,
        0.11472974
      ]
    ],
    "labels":[
      "stop_inverted"
    ],
    "leading_hand":"right",
    "leading_conf":1.0,
    "user_id":"79cfa1226290a26e11ab90ec19fb4dc6"
  },
  "5e3974c8-a715-44a2-832b-aaab31373cbc":{
    "bboxes":[
      [
        0.26793351,
        0.25107144,
        0.10258368,
        0.14766479
      ]
    ],
    "labels":[
      "stop_inverted"
    ],
    "leading_hand":"right",
    "leading_conf":1.0,
    "user_id":"fa0caff1c3175c867b4cfa27e626355b"
  },
  "61ea0856-59bf-4354-8fa7-19fc41adc4b4":{
    "bboxes":[
      [
        0.05112108,
        0.19399176,
        0.23315466,
        0.25373468
      ],
      [
        0.13089414,
        0.82636818,
        0.24854545,
        0.12715233
      ]
    ],
    "labels":[
      "stop_inverted",
      "no_gesture"
    ],
    "leading_hand":"right",
    "leading_conf":1.0,
    "user_id":"f3cbad0685b97e0004dfe22d8d9d298d"
  },
  "648e0c48-caac-47ab-9532-09aa930da31f":{
    "bboxes":[
      [
        0.59548448,
        0.43788915,
        0.10878216,
        0.13258618
      ]
    ],
    "labels":[
      "stop_inverted"
    ],
    "leading_hand":"left",
    "leading_conf":1.0,
    "user_id":"7fbac71f3cd25e7198d4172067517df2"
  },
  "663a2802-c9cd-4138-8401-218782a64e35":{
    "bboxes":[
      [
        0.62770264,
        0.19874099,
        0.23867481,
        0.21859232
      ]
    ],
    "labels":[
      "stop_inverted"
    ],
    "leading_hand":"left",
    "leading_conf":1.0,
    "user_id":"48c697730815be9660a5074ce52ac2d3"
  },
  "668a5eec-6c05-47da-9c9c-5edba66a6293":{
    "bboxes":[
      [
        0.44509337,
        0.57039257,
        0.0833444,
        0.11596357
      ]
    ],
    "labels":[
      "stop_inverted"
    ],
    "leading_hand":"right",
    "leading_conf":1.0,
    "user_id":"05cd0e431a3a219a03d6316141a59058"
  },
  "66975140-9845-456b-a440-6a5de82ddb6b":{
    "bboxes":[
      [
        0.55041459,
        0.31605348,
        0.06030636,
        0.18767694
      ]
    ],
    "labels":[
      "stop_inverted"
    ],
    "leading_hand":"left",
    "leading_conf":1.0,
    "user_id":"6deaec04d87e7c1fea7c73d3882075f8"
  },
  "67e9c1c3-4148-435f-b1eb-9b6ce27f123e":{
    "bboxes":[
      [
        0.15263645,
        0.34288531,
        0.12034708,
        0.1673482
      ]
    ],
    "labels":[
      "stop_inverted"
    ],
    "leading_hand":"right",
    "leading_conf":1.0,
    "user_id":"c4fb560b674c875fa7a182055250e84c"
  },
  "69fb5ba0-a3dd-4a31-a75e-2cfeb803150a":{
    "bboxes":[
      [
        0.19304324,
        0.35122246,
        0.18387951,
        0.24020079
      ]
    ],
    "labels":[
      "stop_inverted"
    ],
    "leading_hand":"right",
    "leading_conf":1.0,
    "user_id":"8c2f29c9fd31a23b0fa0ad2e838606b4"
  },
  "6e29f506-762f-4f6d-af3b-6ec516efa4ea":{
    "bboxes":[
      [
        0.32387294,
        0.89495916,
        0.06930513,
        0.09982827
      ],
      [
        0.59342518,
        0.42303921,
        0.11976534,
        0.12949176
      ]
    ],
    "labels":[
      "no_gesture",
      "stop_inverted"
    ],
    "leading_hand":"left",
    "leading_conf":1.0,
    "user_id":"130f8a9a9189c13494c86125580f3d4a"
  },
  "6ec9c5a3-1517-4b71-89b2-99dd315a517c":{
    "bboxes":[
      [
        0.5400088,
        0.24726461,
        0.15556649,
        0.19669133
      ]
    ],
    "labels":[
      "stop_inverted"
    ],
    "leading_hand":"left",
    "leading_conf":1.0,
    "user_id":"4754bf6054eaec870d1be8de6efc435b"
  },
  "6f484a33-46c6-4c8e-bad0-b178f266e2be":{
    "bboxes":[
      [
        0.412057,
        0.3871608,
        0.03072268,
        0.0401903
      ],
      [
        0.51198504,
        0.53787226,
        0.02273477,
        0.03392766
      ]
    ],
    "labels":[
      "stop_inverted",
      "no_gesture"
    ],
    "leading_hand":"right",
    "leading_conf":1.0,
    "user_id":"bc7af50ccd5a510a014b4465e414a104"
  },
  "71a373eb-6304-47a6-bda1-dbc8c3bfc00e":{
    "bboxes":[
      [
        0.36416839,
        0.48000215,
        0.08108389,
        0.10032178
      ],
      [
        0.66304523,
        0.87371675,
        0.08087015,
        0.10142626
      ]
    ],
    "labels":[
      "stop_inverted",
      "no_gesture"
    ],
    "leading_hand":"right",
    "leading_conf":1.0,
    "user_id":"7988bf213f22282d36afd5100c976d1b"
  },
  "793ab286-adbc-4308-93b8-0f1bba0ccb81":{
    "bboxes":[
      [
        0.20169563,
        0.40790836,
        0.16849971,
        0.19645803
      ]
    ],
    "labels":[
      "stop_inverted"
    ],
    "leading_hand":"right",
    "leading_conf":1.0,
    "user_id":"f9987f18864641f3ecb79560d7952d05"
  },
  "7b523920-7f3b-4355-8712-5caa311b2784":{
    "bboxes":[
      [
        0.35816719,
        0.36522307,
        0.11539486,
        0.16109292
      ]
    ],
    "labels":[
      "stop_inverted"
    ],
    "leading_hand":"right",
    "leading_conf":1.0,
    "user_id":"aff2c8a730f88184a52dd0aadcc2bbfa"
  },
  "7daaa071-94c6-4b80-9d19-2b236059c04f":{
    "bboxes":[
      [
        0.54462535,
        0.2280262,
        0.15076129,
        0.17394236
      ]
    ],
    "labels":[
      "stop_inverted"
    ],
    "leading_hand":"left",
    "leading_conf":1.0,
    "user_id":"564399b7a347afe7610ad5105040f2b7"
  },
  "7e19eaf6-c248-4189-96bb-0f04072c53b4":{
    "bboxes":[
      [
        0.40188864,
        0.55905598,
        0.1220818,
        0.07776919
      ],
      [
        0.75848561,
        0.21696986,
        0.09707543,
        0.17094411
      ]
    ],
    "labels":[
      "no_gesture",
      "stop_inverted"
    ],
    "leading_hand":"left",
    "leading_conf":1.0,
    "user_id":"bcd303b7ff1a39c29beedf7c639096b5"
  },
  "808128e8-63be-418c-ac7f-638cdd08013b":{
    "bboxes":[
      [
        0.3313993,
        0.39363831,
        0.0972786,
        0.13252565
      ]
    ],
    "labels":[
      "stop_inverted"
    ],
    "leading_hand":"right",
    "leading_conf":1.0,
    "user_id":"5ed9961edc119839014cbd7109f13182"
  },
  "835b5047-bce8-402d-b838-9b12ed37049f":{
    "bboxes":[
      [
        0.23804661,
        0.84690876,
        0.08273742,
        0.11600769
      ],
      [
        0.5453224,
        0.43442198,
        0.05499298,
        0.20352588
      ]
    ],
    "labels":[
      "no_gesture",
      "stop_inverted"
    ],
    "leading_hand":"left",
    "leading_conf":1.0,
    "user_id":"7b6b82e5f32e02a0aba636635d68b864"
  },
  "8b5768d1-cc19-4c53-9597-bdfdd24db511":{
    "bboxes":[
      [
        0.60369114,
        0.26254034,
        0.12743552,
        0.18272737
      ]
    ],
    "labels":[
      "stop_inverted"
    ],
    "leading_hand":"left",
    "leading_conf":1.0,
    "user_id":"5224fbbb817ec8fdcb1b76e83c13ff75"
  },
  "8f1e5f20-b311-497b-bdeb-195d09576e89":{
    "bboxes":[
      [
        0.33871212,
        0.1696156,
        0.07742552,
        0.21026764
      ]
    ],
    "labels":[
      "stop_inverted"
    ],
    "leading_hand":"right",
    "leading_conf":1.0,
    "user_id":"e10de86e57e378858a4c793187fe3246"
  },
  "9015224c-1bfe-40d5-a218-26dedf8644a1":{
    "bboxes":[
      [
        0.71206354,
        0.50106324,
        0.16684203,
        0.11995888
      ]
    ],
    "labels":[
      "stop_inverted"
    ],
    "leading_hand":"left",
    "leading_conf":1.0,
    "user_id":"8d376673a9c9124eb7287d3c1b9d5386"
  },
  "90164d61-9900-43ad-8a36-7052327b4a9a":{
    "bboxes":[
      [
        0.39341106,
        0.60634898,
        0.10491207,
        0.09267306
      ],
      [
        0.67355743,
        0.20062426,
        0.12022082,
        0.17828389
      ]
    ],
    "labels":[
      "no_gesture",
      "stop_inverted"
    ],
    "leading_hand":"left",
    "leading_conf":0.8,
    "user_id":"c50648d28ebd429968c12e847a2f5497"
  },
  "93aa0d1d-2d7c-417d-977e-91a9e41f7823":{
    "bboxes":[
      [
        0.37115073,
        0.39665375,
        0.07322916,
        0.2175375
      ],
      [
        0.59041942,
        0.94189906,
        0.07241492,
        0.05668353
      ]
    ],
    "labels":[
      "stop_inverted",
      "no_gesture"
    ],
    "leading_hand":"right",
    "leading_conf":1.0,
    "user_id":"c9d61e891a834c4e3e72704e92027521"
  },
  "93eba75f-1692-4251-a940-56e0531bad03":{
    "bboxes":[
      [
        0.16970271,
        0.48509906,
        0.13207659,
        0.17660821
      ]
    ],
    "labels":[
      "stop_inverted"
    ],
    "leading_hand":"right",
    "leading_conf":1.0,
    "user_id":"a75d47f447b0624534e4261b9e712c38"
  },
  "94835e79-d051-408a-a27c-def3dfbf08f2":{
    "bboxes":[
      [
        0.43479007,
        0.33982984,
        0.0356833,
        0.10131512
      ],
      [
        0.55286296,
        0.75118626,
        0.02474982,
        0.04619296
      ]
    ],
    "labels":[
      "stop_inverted",
      "no_gesture"
    ],
    "leading_hand":"right",
    "leading_conf":1.0,
    "user_id":"8fabc4bcccc1a46c13a3c1064340a19b"
  },
  "95935508-bff5-40a3-97f3-80b0da45b511":{
    "bboxes":[
      [
        0.438986,
        0.23379384,
        0.05103287,
        0.18809985
      ],
      [
        0.6295362,
        0.839044,
        0.06284781,
        0.14572932
      ]
    ],
    "labels":[
      "stop_inverted",
      "no_gesture"
    ],
    "leading_hand":"right",
    "leading_conf":1.0,
    "user_id":"35a9af8e8b529355dd08cb530fcf478d"
  },
  "96afa785-c9c4-4ecc-9e06-f902c5eac108":{
    "bboxes":[
      [
        0.10097526,
        0.19972816,
        0.18479416,
        0.16704931
      ]
    ],
    "labels":[
      "stop_inverted"
    ],
    "leading_hand":"right",
    "leading_conf":1.0,
    "user_id":"3ff835201108fbd9bde9ebd9837c6585"
  },
  "970d474a-a39e-4f51-a633-a9a6e2c38da3":{
    "bboxes":[
      [
        0.44554732,
        0.20251024,
        0.06240981,
        0.08920481
      ]
    ],
    "labels":[
      "stop_inverted"
    ],
    "leading_hand":"right",
    "leading_conf":1.0,
    "user_id":"b07a773bcb10b4f14f33d2b0e8ec58ba"
  },
  "984f8bb7-c249-45af-9479-fb28b8d3d1ff":{
    "bboxes":[
      [
        0.24582055,
        0.74873768,
        0.25785397,
        0.23884301
      ],
      [
        0.50061724,
        0.10631216,
        0.14564835,
        0.20608455
      ]
    ],
    "labels":[
      "no_gesture",
      "stop_inverted"
    ],
    "leading_hand":"left",
    "leading_conf":1.0,
    "user_id":"e114d7d132fe6ecf46913036864a01e2"
  },
  "a2c5e38e-193e-40ab-a441-3d790fcc6ede":{
    "bboxes":[
      [
        0.08305832,
        0.59354925,
        0.05769292,
        0.07080231
      ],
      [
        0.34387753,
        0.25356258,
        0.09293012,
        0.11180529
      ]
    ],
    "labels":[
      "no_gesture",
      "stop_inverted"
    ],
    "leading_hand":"left",
    "leading_conf":1.0,
    "user_id":"e6914165c268823b065bac44ba028216"
  },
  "aa4fad56-634f-4f3d-8494-90474c9e18b1":{
    "bboxes":[
      [
        0.03094193,
        0.83757045,
        0.2217504,
        0.15888122
      ],
      [
        0.73448283,
        0.34032134,
        0.19111425,
        0.30784577
      ]
    ],
    "labels":[
      "no_gesture",
      "stop_inverted"
    ],
    "leading_hand":"left",
    "leading_conf":1.0,
    "user_id":"e4390118ff5aff5e622e28a590e369a1"
  },
  "abc625a9-1501-4e36-97fc-f62efe1f9295":{
    "bboxes":[
      [
        0.61667509,
        0.2904967,
        0.23035059,
        0.19477017
      ]
    ],
    "labels":[
      "stop_inverted"
    ],
    "leading_hand":"left",
    "leading_conf":1.0,
    "user_id":"bfd8c7c739839ef6fe542e0cf9006432"
  },
  "ae7f0178-1625-4f82-883c-9884686aacf2":{
    "bboxes":[
      [
        0.36393486,
        0.32906449,
        0.25773106,
        0.24578051
      ]
    ],
    "labels":[
      "stop_inverted"
    ],
    "leading_hand":"left",
    "leading_conf":1.0,
    "user_id":"8cb1e52dc6c318bcdf7de6d92a8b2483"
  },
  "b1201335-f70d-4845-8419-d64ab021f21d":{
    "bboxes":[
      [
        0.2234321,
        0.24510612,
        0.1393164,
        0.18786177
      ]
    ],
    "labels":[
      "stop_inverted"
    ],
    "leading_hand":"right",
    "leading_conf":1.0,
    "user_id":"2efe80891b3c147b9730b7cd0215c509"
  },
  "b2e9fbe5-d298-4fd3-a187-8991fe4739e1":{
    "bboxes":[
      [
        0.36895898,
        0.84870319,
        0.04969428,
        0.15094396
      ],
      [
        0.60457123,
        0.12730512,
        0.07959297,
        0.25478855
      ]
    ],
    "labels":[
      "no_gesture",
      "stop_inverted"
    ],
    "leading_hand":"left",
    "leading_conf":1.0,
    "user_id":"eef05ba2fecde144badbd4579e005cf5"
  },
  "b327951d-8647-4cbb-b587-72954119ae1c":{
    "bboxes":[
      [
        0.13199767,
        0.86193787,
        0.11777779,
        0.1060144
      ],
      [
        0.62855015,
        0.28436688,
        0.09493302,
        0.27357256
      ]
    ],
    "labels":[
      "no_gesture",
      "stop_inverted"
    ],
    "leading_hand":"left",
    "leading_conf":1.0,
    "user_id":"77cd12a8cc2416e551ea800a759033f2"
  },
  "bf058bb5-0021-44b4-b119-b1acc2b656a9":{
    "bboxes":[
      [
        0.53405534,
        0.53468254,
        0.09983217,
        0.11720406
      ]
    ],
    "labels":[
      "stop_inverted"
    ],
    "leading_hand":"left",
    "leading_conf":1.0,
    "user_id":"69d1bc1c7abd9401d58ba6d3134d0df3"
  },
  "c5389f63-b635-4aba-afab-2fd9125cef6a":{
    "bboxes":[
      [
        0.22663635,
        0.38505297,
        0.13220864,
        0.17813971
      ]
    ],
    "labels":[
      "stop_inverted"
    ],
    "leading_hand":"right",
    "leading_conf":1.0,
    "user_id":"8e491976f9f9160717279fdca77b2a64"
  },
  "c5c99019-d61b-4ff6-b009-5fbaeae5d878":{
    "bboxes":[
      [
        0.35674416,
        0.28850124,
        0.05241231,
        0.1140545
      ],
      [
        0.53997577,
        0.70990635,
        0.04460918,
        0.11428184
      ]
    ],
    "labels":[
      "stop_inverted",
      "no_gesture"
    ],
    "leading_hand":"right",
    "leading_conf":1.0,
    "user_id":"63db05b188249dbd9ce7cc98fe205e1f"
  },
  "ca76a0fc-d998-4b08-8c9f-85c1b9872355":{
    "bboxes":[
      [
        0.30492781,
        0.69115413,
        0.07219317,
        0.08768678
      ],
      [
        0.61348347,
        0.3531845,
        0.0940322,
        0.11480328
      ]
    ],
    "labels":[
      "no_gesture",
      "stop_inverted"
    ],
    "leading_hand":"left",
    "leading_conf":1.0,
    "user_id":"e33d6cca59e9946dc544d0f3e455bc37"
  },
  "d2493be6-b897-49fd-af96-16d9502c7ab0":{
    "bboxes":[
      [
        0.58503242,
        0.38008675,
        0.12772128,
        0.15896124
      ]
    ],
    "labels":[
      "stop_inverted"
    ],
    "leading_hand":"left",
    "leading_conf":1.0,
    "user_id":"419d7cc07929c1cd12ba0023b4dde574"
  },
  "d75c5fd0-a89d-4979-9eae-2e67b94058a7":{
    "bboxes":[
      [
        0.27421659,
        0.42377773,
        0.11086976,
        0.15140008
      ]
    ],
    "labels":[
      "stop_inverted"
    ],
    "leading_hand":"right",
    "leading_conf":1.0,
    "user_id":"1985259f3c30cb5abe2e28a12a2d4df0"
  }
}