{
  "02597ddb-c9f0-49f4-bb2f-3dd4bd1e6928":{
    "bboxes":[
      [
        0.57381248,
        0.53871717,
        0.05249512,
        0.07266837
      ]
    ],
    "labels":[
      "three"
    ],
    "leading_hand":"left",
    "leading_conf":1.0,
    "user_id":"e4dfe8860e51162b9887d1a14b2b5ba0"
  },
  "025a3521-aec9-4e78-8c97-889f1dd40627":{
    "bboxes":[
      [
        0.71308968,
        0.55693521,
        0.14415805,
        0.1790367
      ]
    ],
    "labels":[
      "three"
    ],
    "leading_hand":"left",
    "leading_conf":1.0,
    "user_id":"1db3d7c00f3ae6fefc3695dc3d1829aa"
  },
  "02d6958d-b7ee-457a-9ef3-c17cc3cf90d3":{
    "bboxes":[
      [
        0.20393932,
        0.37392157,
        0.08939675,
        0.12156778
      ],
      [
        0.66626737,
        0.7775994,
        0.06311571,
        0.09871765
      ]
    ],
    "labels":[
      "three",
      "no_gesture"
    ],
    "leading_hand":"right",
    "leading_conf":1.0,
    "user_id":"bea2e3dd7592dc3ecab4a2bbf1f46398"
  },
  "039dfeb7-865d-447c-ac8a-768139219b7b":{
    "bboxes":[
      [
        0.59046351,
        0.41608152,
        0.13246077,
        0.17728911
      ]
    ],
    "labels":[
      "three"
    ],
    "leading_hand":"left",
    "leading_conf":1.0,
    "user_id":"a8aa78186163c1592cb08a9dd0dd9452"
  },
  "04220c41-2bb0-4e80-80e0-8897ce47c2cf":{
    "bboxes":[
      [
        0.50517864,
        0.40762115,
        0.13447269,
        0.16267336
      ]
    ],
    "labels":[
      "three"
    ],
    "leading_hand":"left",
    "leading_conf":1.0,
    "user_id":"8a15240374c7af9337c3efd81adda721"
  },
  "04dce03a-b8c0-4f60-97be-dc827d24176e":{
    "bboxes":[
      [
        0.51189519,
        0.30781377,
        0.16824768,
        0.2116673
      ]
    ],
    "labels":[
      "three"
    ],
    "leading_hand":"left",
    "leading_conf":1.0,
    "user_id":"84b9d370da9f7515301df3980dab8fde"
  },
  "052fb949-7cff-42e2-ba16-6d0268eb67bc":{
    "bboxes":[
      [
        0.18312476,
        0.37577261,
        0.15488169,
        0.19600743
      ]
    ],
    "labels":[
      "three"
    ],
    "leading_hand":"right",
    "leading_conf":1.0,
    "user_id":"ced78774cb91ca27b7e36f0ae6480d65"
  },
  "053b2a52-0606-48ca-a6e4-e98b8afe78e0":{
    "bboxes":[
      [
        0.37950756,
        0.32511617,
        0.04775111,
        0.19409874
      ]
    ],
    "labels":[
      "three"
    ],
    "leading_hand":"right",
    "leading_conf":1.0,
    "user_id":"8a4719c7aedc97e9729ec6c2a3b7b277"
  },
  "06739a65-7079-4e88-91fa-0c5837145510":{
    "bboxes":[
      [
        0.32857381,
        0.31035479,
        0.02726824,
        0.07701814
      ]
    ],
    "labels":[
      "three"
    ],
    "leading_hand":"right",
    "leading_conf":1.0,
    "user_id":"a6ef35303f62878721764492afd16350"
  },
  "06bab26c-b87d-4f75-bb64-2eb95e70d2e6":{
    "bboxes":[
      [
        0.48235874,
        0.36030319,
        0.09308766,
        0.15499709
      ]
    ],
    "labels":[
      "three"
    ],
    "leading_hand":"left",
    "leading_conf":0.8,
    "user_id":"3cae17d90ac1068d2c5566fc387cb167"
  },
  "07d0aac7-2372-47e0-b929-3bae1e9eece9":{
    "bboxes":[
      [
        0.23782496,
        0.31594401,
        0.0982595,
        0.12831883
      ]
    ],
    "labels":[
      "three"
    ],
    "leading_hand":"right",
    "leading_conf":1.0,
    "user_id":"11220c75d996a7e5c49288557b797446"
  },
  "082a5a89-01a7-4822-8ca3-1b8d067a8d2f":{
    "bboxes":[
      [
        0.70999798,
        0.61120192,
        0.09185404,
        0.08704046
      ]
    ],
    "labels":[
      "three"
    ],
    "leading_hand":"left",
    "leading_conf":1.0,
    "user_id":"8523c739da85d2d883c4065783bac401"
  },
  "08c5d312-742d-4f0b-a463-caa6cf9dfd1f":{
    "bboxes":[
      [
        0.26766468,
        0.85674502,
        0.05809994,
        0.10975878
      ],
      [
        0.50111411,
        0.49797487,
        0.04837058,
        0.13494351
      ]
    ],
    "labels":[
      "no_gesture",
      "three"
    ],
    "leading_hand":"left",
    "leading_conf":1.0,
    "user_id":"7b6b82e5f32e02a0aba636635d68b864"
  },
  "0924ddbc-8d8d-45b9-a51f-c9590ebf91ab":{
    "bboxes":[
      [
        0.27478196,
        0.63625357,
        0.09627395,
        0.09880824
      ],
      [
        0.57506017,
        0.17196445,
        0.10924856,
        0.16727255
      ]
    ],
    "labels":[
      "no_gesture",
      "three"
    ],
    "leading_hand":"left",
    "leading_conf":1.0,
    "user_id":"13de9b8fa48daef298c5893f19733848"
  },
  "0a2d4df2-8ef0-42c3-97a9-1b0e2ddf6ccb":{
    "bboxes":[
      [
        0.25597347,
        0.3274128,
        0.1625414,
        0.20249194
      ]
    ],
    "labels":[
      "three"
    ],
    "leading_hand":"right",
    "leading_conf":1.0,
    "user_id":"345f15036db40ed51030cfb927a57078"
  },
  "0a3fc134-67df-47a9-beac-0b64623a4d6f":{
    "bboxes":[
      [
        0.30915096,
        0.63508989,
        0.13003908,
        0.06809569
      ],
      [
        0.62598837,
        0.36137088,
        0.10648429,
        0.14994247
      ]
    ],
    "labels":[
      "no_gesture",
      "three"
    ],
    "leading_hand":"left",
    "leading_conf":1.0,
    "user_id":"aec5bafa0f52b18ce62eaa0e95cc9c18"
  },
  "0a6622e1-0488-4cda-9a12-98a8f62e5454":{
    "bboxes":[
      [
        0.35686648,
        0.3434876,
        0.06710421,
        0.08910953
      ]
    ],
    "labels":[
      "three"
    ],
    "leading_hand":"right",
    "leading_conf":1.0,
    "user_id":"483d5596209699cfbefc1673d51f86b6"
  },
  "0ad116cc-24bb-494e-a7fb-22d826e66d4c":{
    "bboxes":[
      [
        0.65947768,
        0.40795845,
        0.11581472,
        0.13323788
      ]
    ],
    "labels":[
      "three"
    ],
    "leading_hand":"left",
    "leading_conf":1.0,
    "user_id":"c99650456fb12676f4b4c4df338b1920"
  },
  "0b9c8cbd-6ea6-4672-ba31-f993048a625f":{
    "bboxes":[
      [
        0.37562208,
        0.50576056,
        0.04850051,
        0.05909734
      ],
      [
        0.58746031,
        0.72417826,
        0.03874402,
        0.04428944
      ]
    ],
    "labels":[
      "three",
      "no_gesture"
    ],
    "leading_hand":"right",
    "leading_conf":1.0,
    "user_id":"b3cd112fe5eecc10e0fa0fa3fc58bd6c"
  },
  "0bba11b4-f9a2-4cf9-88a1-72bc1c4cc7df":{
    "bboxes":[
      [
        0.21657809,
        0.39767837,
        0.1158829,
        0.13506778
      ]
    ],
    "labels":[
      "three"
    ],
    "leading_hand":"right",
    "leading_conf":1.0,
    "user_id":"c6eb01fdd2763e9c47c271c40a1acf24"
  },
  "0c965a03-e38d-4326-8e18-5d28d9e82b1e":{
    "bboxes":[
      [
        0.19552033,
        0.40998746,
        0.10510331,
        0.10621046
      ],
      [
        0.60506714,
        0.79916931,
        0.08299083,
        0.10072153
      ]
    ],
    "labels":[
      "three",
      "no_gesture"
    ],
    "leading_hand":"right",
    "leading_conf":1.0,
    "user_id":"57d490f15849d9f6f94a9be6a28cbfa0"
  },
  "0d4599a7-295e-46f8-b8be-6c803e3014a9":{
    "bboxes":[
      [
        0.2627165,
        0.83106296,
        0.06394577,
        0.13404265
      ],
      [
        0.4927657,
        0.46689908,
        0.06299195,
        0.21206303
      ]
    ],
    "labels":[
      "no_gesture",
      "three"
    ],
    "leading_hand":"left",
    "leading_conf":1.0,
    "user_id":"7b6b82e5f32e02a0aba636635d68b864"
  },
  "0d69bb73-c4d3-4147-b2e8-6c2747e7bda5":{
    "bboxes":[
      [
        0.00732648,
        0.89689053,
        0.2002674,
        0.10097581
      ],
      [
        0.64350626,
        0.3655236,
        0.15275615,
        0.18257839
      ]
    ],
    "labels":[
      "no_gesture",
      "three"
    ],
    "leading_hand":"left",
    "leading_conf":1.0,
    "user_id":"0f306c1bf6e652d017fe076ee9300c65"
  },
  "0e984ec2-0c8e-4288-ad95-843732b91d51":{
    "bboxes":[
      [
        0.33766692,
        0.33756719,
        0.06261369,
        0.16270545
      ]
    ],
    "labels":[
      "three"
    ],
    "leading_hand":"right",
    "leading_conf":1.0,
    "user_id":"f88384c64c3e2a876a0717480ab3f454"
  },
  "11425c1b-098c-4c92-a1e9-5c34c1b40820":{
    "bboxes":[
      [
        0.29134884,
        0.24448848,
        0.09536104,
        0.19967884
      ]
    ],
    "labels":[
      "three"
    ],
    "leading_hand":"right",
    "leading_conf":1.0,
    "user_id":"ae4d256f47e1256c45c7c196fca1883c"
  },
  "123bde53-7f78-4262-8aca-7f19d3f11e99":{
    "bboxes":[
      [
        0.318692,
        0.84654465,
        0.05592894,
        0.15178235
      ],
      [
        0.62183313,
        0.1979113,
        0.10412785,
        0.21325048
      ]
    ],
    "labels":[
      "no_gesture",
      "three"
    ],
    "leading_hand":"left",
    "leading_conf":1.0,
    "user_id":"c42efbce55a2609343778035867ba51e"
  },
  "12881e73-077b-4ab6-8c6f-a013edacd28e":{
    "bboxes":[
      [
        0.32107228,
        0.75112675,
        0.15240139,
        0.16009734
      ],
      [
        0.5024364,
        0.33621895,
        0.09597907,
        0.14395412
      ]
    ],
    "labels":[
      "no_gesture",
      "three"
    ],
    "leading_hand":"left",
    "leading_conf":1.0,
    "user_id":"2daa18a8387eacba2071b8e44e45e7a7"
  },
  "128a6244-128e-45ef-97cc-6941c8e9a7cf":{
    "bboxes":[
      [
        0.37481059,
        0.37613207,
        0.05650373,
        0.14699298
      ]
    ],
    "labels":[
      "three"
    ],
    "leading_hand":"right",
    "leading_conf":1.0,
    "user_id":"a4f2ba838118e72c1069d2d8d2e49403"
  },
  "1375a540-6d19-47c4-9aa1-104ffc11ca8c":{
    "bboxes":[
      [
        0.45221217,
        0.41721163,
        0.0611959,
        0.0851558
      ]
    ],
    "labels":[
      "three"
    ],
    "leading_hand":"right",
    "leading_conf":1.0,
    "user_id":"640482580bf52ba8a5e6707717d0c110"
  },
  "13c9ac86-4335-4b9a-825c-f18ec8f86bc1":{
    "bboxes":[
      [
        0.25820005,
        0.33188667,
        0.06744233,
        0.09163053
      ],
      [
        0.58403402,
        0.65711638,
        0.05822566,
        0.07055843
      ]
    ],
    "labels":[
      "three",
      "no_gesture"
    ],
    "leading_hand":"right",
    "leading_conf":1.0,
    "user_id":"7937311365b737d1588eaf4d94f3e654"
  },
  "1485b5ca-6c49-4095-9154-2ae2a4f89d5a":{
    "bboxes":[
      [
        0.20611639,
        0.81999619,
        0.07450374,
        0.09355357
      ],
      [
        0.59098781,
        0.43692089,
        0.10588003,
        0.13386707
      ]
    ],
    "labels":[
      "no_gesture",
      "three"
    ],
    "leading_hand":"left",
    "leading_conf":1.0,
    "user_id":"24a759aab118bbc81f2d7a48b05206eb"
  },
  "161009d1-c386-482d-a2d1-59e9d80444a1":{
    "bboxes":[
      [
        0.29514773,
        0.34488216,
        0.08901361,
        0.11001056
      ],
      [
        0.59583771,
        0.70240049,
        0.07080095,
        0.10632286
      ]
    ],
    "labels":[
      "three",
      "no_gesture"
    ],
    "leading_hand":"right",
    "leading_conf":1.0,
    "user_id":"49112e0163f15add6e2ac5a680cdd019"
  },
  "1896b056-cc20-4d45-a190-4e87417b3f68":{
    "bboxes":[
      [
        0.60987684,
        0.32820744,
        0.09327215,
        0.13825755
      ]
    ],
    "labels":[
      "three"
    ],
    "leading_hand":"left",
    "leading_conf":1.0,
    "user_id":"8b5fb39218042c29568b22daecc33c91"
  },
  "18be388a-2cda-488b-a114-8ac18a3f65ee":{
    "bboxes":[
      [
        0.31681231,
        0.38451048,
        0.13260982,
        0.15089512
      ]
    ],
    "labels":[
      "three"
    ],
    "leading_hand":"right",
    "leading_conf":1.0,
    "user_id":"8e491976f9f9160717279fdca77b2a64"
  },
  "19701ca6-02c2-4196-a452-04488736279e":{
    "bboxes":[
      [
        0.27900493,
        0.75291913,
        0.13916371,
        0.15019631
      ],
      [
        0.59006954,
        0.34136018,
        0.10183855,
        0.15631056
      ]
    ],
    "labels":[
      "no_gesture",
      "three"
    ],
    "leading_hand":"left",
    "leading_conf":1.0,
    "user_id":"a8aa78186163c1592cb08a9dd0dd9452"
  },
  "19a70d66-afea-4ff8-b85c-7f767592e1c7":{
    "bboxes":[
      [
        0.28217675,
        0.3072702,
        0.07178762,
        0.16573174
      ]
    ],
    "labels":[
      "three"
    ],
    "leading_hand":"right",
    "leading_conf":1.0,
    "user_id":"4a4e86e6e8219118108cce4976773ff0"
  },
  "1ad14459-e1ff-4a56-b77a-553af77a0d3b":{
    "bboxes":[
      [
        0.48466546,
        0.34854705,
        0.06644198,
        0.08246713
      ]
    ],
    "labels":[
      "three"
    ],
    "leading_hand":"left",
    "leading_conf":1.0,
    "user_id":"be157ea53289d24afa0313c292153770"
  },
  "1ad147d8-a6a0-45fa-9bea-b3e81041ae60":{
    "bboxes":[
      [
        0.64926954,
        0.47655043,
        0.08814162,
        0.12215972
      ]
    ],
    "labels":[
      "three"
    ],
    "leading_hand":"left",
    "leading_conf":1.0,
    "user_id":"37a9102c65a917395b9563857531b1c9"
  },
  "1c2f8644-2e3c-437c-8d8b-cdc87b20cfab":{
    "bboxes":[
      [
        0.21254033,
        0.19600357,
        0.15141133,
        0.15430481
      ],
      [
        0.63993676,
        0.58332126,
        0.0582106,
        0.07673098
      ]
    ],
    "labels":[
      "three",
      "no_gesture"
    ],
    "leading_hand":"right",
    "leading_conf":1.0,
    "user_id":"46704afa144e92176d7a39f10cb7aceb"
  },
  "1c35d2b3-ad2d-4840-be01-dc5cb385f69a":{
    "bboxes":[
      [
        0.57342398,
        0.45281967,
        0.11051776,
        0.14143894
      ]
    ],
    "labels":[
      "three"
    ],
    "leading_hand":"left",
    "leading_conf":1.0,
    "user_id":"3e9cb92d28b5a56f8cb9a4ce3f3f1e66"
  },
  "1d2747cf-49f0-4eef-8194-3deab68d069b":{
    "bboxes":[
      [
        0.28860438,
        0.41567148,
        0.10506182,
        0.15254504
      ]
    ],
    "labels":[
      "three"
    ],
    "leading_hand":"right",
    "leading_conf":1.0,
    "user_id":"4c89d8732a312f447623c5a1f03628e6"
  },
  "1eb3fd3b-143e-41b4-ac29-0811c405d8ef":{
    "bboxes":[
      [
        0.3584602,
        0.42263101,
        0.04873958,
        0.14993596
      ]
    ],
    "labels":[
      "three"
    ],
    "leading_hand":"right",
    "leading_conf":1.0,
    "user_id":"74e25779158c14d648e853a57685c0d0"
  },
  "1ecd6dc7-7476-4d0a-82a2-b7e546c2405c":{
    "bboxes":[
      [
        0.54995653,
        0.51211702,
        0.0935547,
        0.1295916
      ]
    ],
    "labels":[
      "three"
    ],
    "leading_hand":"left",
    "leading_conf":1.0,
    "user_id":"eccbb7406e7765e5e466248e15b17ff7"
  },
  "1f095f51-0a1c-4ee7-8f1c-f0545427d8c0":{
    "bboxes":[
      [
        0.54537368,
        0.24815561,
        0.1030136,
        0.21383921
      ]
    ],
    "labels":[
      "three"
    ],
    "leading_hand":"left",
    "leading_conf":0.8,
    "user_id":"dff168555504f1273c04fecd0be50856"
  },
  "1fb07135-8333-48de-8be3-9e66d266f706":{
    "bboxes":[
      [
        0.34098005,
        0.40709045,
        0.05055166,
        0.04507845
      ]
    ],
    "labels":[
      "three"
    ],
    "leading_hand":"right",
    "leading_conf":1.0,
    "user_id":"4d46522f1cd4249af59ec04aaaee086c"
  },
  "215d97fe-3e7a-495d-ad70-8146a5ce503f":{
    "bboxes":[
      [
        0.61613811,
        0.23510013,
        0.09426823,
        0.23981489
      ]
    ],
    "labels":[
      "three"
    ],
    "leading_hand":"left",
    "leading_conf":1.0,
    "user_id":"27472a4c9924294af39f5a7325b0152f"
  },
  "2170938b-ca55-4998-8c87-9c46808b7452":{
    "bboxes":[
      [
        0.36054362,
        0.41114739,
        0.10337767,
        0.07168173
      ],
      [
        0.52093786,
        0.44101739,
        0.07807104,
        0.06330286
      ]
    ],
    "labels":[
      "three",
      "no_gesture"
    ],
    "leading_hand":"right",
    "leading_conf":1.0,
    "user_id":"c911b6c247a485a5d1db98f16be58963"
  },
  "220527fb-6b59-405d-9e22-97f242fef276":{
    "bboxes":[
      [
        0.596567,
        0.21084493,
        0.15963428,
        0.20598792
      ]
    ],
    "labels":[
      "three"
    ],
    "leading_hand":"left",
    "leading_conf":1.0,
    "user_id":"78a5d1aa3f12224a992770eca1d0b1e6"
  },
  "22527ae8-0aaf-450d-a505-6d1301c06dd3":{
    "bboxes":[
      [
        0.57020065,
        0.20997802,
        0.2025551,
        0.29766474
      ]
    ],
    "labels":[
      "three"
    ],
    "leading_hand":"left",
    "leading_conf":1.0,
    "user_id":"e15378e031d7ec348aa39ac8c6bd4698"
  },
  "22f35b39-a8ff-4b4a-b9df-004454e8f95c":{
    "bboxes":[
      [
        0.29068527,
        0.18332377,
        0.06911957,
        0.18589116
      ],
      [
        0.67641445,
        0.80988526,
        0.06005023,
        0.15987193
      ]
    ],
    "labels":[
      "three",
      "no_gesture"
    ],
    "leading_hand":"right",
    "leading_conf":1.0,
    "user_id":"9c340400bc5aef3e54e932d2320b33f6"
  },
  "22fb3aa1-f8d2-453f-92d9-59993c89fbfe":{
    "bboxes":[
      [
        0.24431741,
        0.39100135,
        0.09818486,
        0.12415624
      ]
    ],
    "labels":[
      "three"
    ],
    "leading_hand":"right",
    "leading_conf":1.0,
    "user_id":"185abed531787fa4e421c067e2bf2645"
  },
  "236e6a35-b6c7-4b6b-af7d-21a4533ebed8":{
    "bboxes":[
      [
        0.58666776,
        0.37162353,
        0.19672225,
        0.13881755
      ]
    ],
    "labels":[
      "three"
    ],
    "leading_hand":"left",
    "leading_conf":1.0,
    "user_id":"0b78c11a9bf40271a090e9075e1a02f0"
  },
  "240ee29f-53a6-4a62-80d3-e28dc9e8ce6e":{
    "bboxes":[
      [
        0.11323351,
        0.31265267,
        0.16562676,
        0.23523856
      ]
    ],
    "labels":[
      "three"
    ],
    "leading_hand":"right",
    "leading_conf":1.0,
    "user_id":"495185424ee0d6c9346d9e5535587717"
  },
  "258a8828-f479-4a03-9bf2-a821b847eba2":{
    "bboxes":[
      [
        0.23993371,
        0.17957875,
        0.19907783,
        0.23083265
      ]
    ],
    "labels":[
      "three"
    ],
    "leading_hand":"right",
    "leading_conf":1.0,
    "user_id":"8caeec91ad7ea2c1fb5fc2c13bd92c4c"
  },
  "28280eae-bbd1-4203-ab7f-2801d14508d1":{
    "bboxes":[
      [
        0.58007482,
        0.45444344,
        0.09907338,
        0.11880499
      ]
    ],
    "labels":[
      "three"
    ],
    "leading_hand":"left",
    "leading_conf":1.0,
    "user_id":"bc79fe60dd19dac53b38acc1f12a613d"
  },
  "286438f4-e439-42a4-b8ec-8792e52d85a6":{
    "bboxes":[
      [
        0.39057264,
        0.49752216,
        0.08256651,
        0.12325061
      ]
    ],
    "labels":[
      "three"
    ],
    "leading_hand":"right",
    "leading_conf":1.0,
    "user_id":"e724e8da2935f1b22b8634d2ece117ab"
  },
  "28774474-3125-4005-a0fd-3916d27bd219":{
    "bboxes":[
      [
        0.07530325,
        0.89332963,
        0.10485838,
        0.1040131
      ],
      [
        0.63044135,
        0.41007678,
        0.13038105,
        0.12228533
      ]
    ],
    "labels":[
      "no_gesture",
      "three"
    ],
    "leading_hand":"left",
    "leading_conf":1.0,
    "user_id":"d7c000551fc498309bae94a26afd3732"
  },
  "28d75225-ab1f-4476-a11c-3f42e83fb76c":{
    "bboxes":[
      [
        0.32389844,
        0.47247702,
        0.11216209,
        0.16554852
      ]
    ],
    "labels":[
      "three"
    ],
    "leading_hand":"right",
    "leading_conf":1.0,
    "user_id":"a06f67bc1d11a717f8b75b812e1cc522"
  },
  "2a443a6d-6133-41be-b13c-457b2d932ab1":{
    "bboxes":[
      [
        0.21770538,
        0.53125745,
        0.11876569,
        0.16278426
      ]
    ],
    "labels":[
      "three"
    ],
    "leading_hand":"right",
    "leading_conf":1.0,
    "user_id":"a6d729498c3169bfe7281d3dd17291c7"
  },
  "2ba25709-088b-41c7-854a-75d035d992e3":{
    "bboxes":[
      [
        0.545857,
        0.5494504,
        0.03928642,
        0.04745519
      ]
    ],
    "labels":[
      "three"
    ],
    "leading_hand":"left",
    "leading_conf":1.0,
    "user_id":"67df730afbacdb55fe7d5bc4e2f251b0"
  },
  "2c26903b-8d9a-469e-ae7d-677d5475c0c8":{
    "bboxes":[
      [
        0.16841551,
        0.22887655,
        0.24156806,
        0.29900967
      ]
    ],
    "labels":[
      "three"
    ],
    "leading_hand":"right",
    "leading_conf":1.0,
    "user_id":"807501b0e669e9fe3240a207b63f2bee"
  },
  "2c45b3d1-916b-4bda-8af5-f24ebb729e61":{
    "bboxes":[
      [
        0.3031768,
        0.51512473,
        0.11084949,
        0.12971987
      ]
    ],
    "labels":[
      "three"
    ],
    "leading_hand":"right",
    "leading_conf":1.0,
    "user_id":"e00babd0c17f4c84c09b7a0f1531a10e"
  },
  "2c4ae490-e26f-40ea-9d50-6c46069b6589":{
    "bboxes":[
      [
        0.15755717,
        0.29707875,
        0.16475389,
        0.18537912
      ],
      [
        0.71903514,
        0.86869017,
        0.09393153,
        0.13006554
      ]
    ],
    "labels":[
      "three",
      "no_gesture"
    ],
    "leading_hand":"right",
    "leading_conf":1.0,
    "user_id":"e06fc966b45defcb5cfe7a1be2a6e2e1"
  },
  "2d10eaec-1fe4-48c5-b757-676e87363489":{
    "bboxes":[
      [
        0.34830483,
        0.44928294,
        0.06835164,
        0.08162352
      ]
    ],
    "labels":[
      "three"
    ],
    "leading_hand":"right",
    "leading_conf":1.0,
    "user_id":"35f31b3eee083e898ca95aaf597334f9"
  },
  "2d68c840-d06e-4f2a-b641-ec23bddc53aa":{
    "bboxes":[
      [
        0.27716406,
        0.13060242,
        0.10208395,
        0.23478466
      ]
    ],
    "labels":[
      "three"
    ],
    "leading_hand":"right",
    "leading_conf":1.0,
    "user_id":"a0b45bfab46b8bb63b8f2b14ecbdb574"
  },
  "2d7a68dc-c256-4c45-8dae-e0bc05872e1c":{
    "bboxes":[
      [
        0.59075782,
        0.35537832,
        0.15896924,
        0.20383534
      ]
    ],
    "labels":[
      "three"
    ],
    "leading_hand":"left",
    "leading_conf":1.0,
    "user_id":"839fcbf23e6b09f09252aeef04dce458"
  },
  "2da6a0ef-67a4-4e7e-84cc-54bd860dddc1":{
    "bboxes":[
      [
        0.24279112,
        0.28238579,
        0.11650512,
        0.14513304
      ]
    ],
    "labels":[
      "three"
    ],
    "leading_hand":"right",
    "leading_conf":1.0,
    "user_id":"56a3338bb8b66c6087229a92609da123"
  },
  "2eb70e2d-edd7-4467-b46b-1c089515d4c6":{
    "bboxes":[
      [
        0.66139173,
        0.41952105,
        0.12487389,
        0.14316088
      ]
    ],
    "labels":[
      "three"
    ],
    "leading_hand":"left",
    "leading_conf":1.0,
    "user_id":"2fb6f259e33785576daa7a09ee03ba33"
  },
  "2f584995-b182-4f48-8655-fbe577b3cf95":{
    "bboxes":[
      [
        0.62495249,
        0.38818564,
        0.12894225,
        0.16298925
      ]
    ],
    "labels":[
      "three"
    ],
    "leading_hand":"left",
    "leading_conf":1.0,
    "user_id":"580436d5530995cf7da7c0e11a751ae9"
  },
  "2faf6444-0fed-4f60-9e1a-a63dc134a5be":{
    "bboxes":[
      [
        0.5747418,
        0.31566077,
        0.14248282,
        0.18885336
      ]
    ],
    "labels":[
      "three"
    ],
    "leading_hand":"left",
    "leading_conf":1.0,
    "user_id":"6bd646f79f7be69f1d790229fbcdfdfe"
  },
  "2fd15650-ecad-4bb4-b290-d744be5ec7eb":{
    "bboxes":[
      [
        0.57157849,
        0.41717915,
        0.10082077,
        0.13804973
      ]
    ],
    "labels":[
      "three"
    ],
    "leading_hand":"left",
    "leading_conf":1.0,
    "user_id":"50771a9e51060e9573ca04fca0ba799f"
  },
  "304deb71-6e3d-4be6-abc2-23272027cc66":{
    "bboxes":[
      [
        0.32837589,
        0.16692009,
        0.05548287,
        0.13709618
      ],
      [
        0.57359237,
        0.62268525,
        0.05280631,
        0.08744131
      ]
    ],
    "labels":[
      "three",
      "no_gesture"
    ],
    "leading_hand":"right",
    "leading_conf":1.0,
    "user_id":"7beead0f6f3c8c3e3a985fdaab7d4393"
  },
  "30ce930a-8c33-46b3-a7ff-0546cd53df4c":{
    "bboxes":[
      [
        0.17038585,
        0.36759015,
        0.14060214,
        0.16931468
      ]
    ],
    "labels":[
      "three"
    ],
    "leading_hand":"right",
    "leading_conf":1.0,
    "user_id":"6acc345a2574df7dd7017e48a8c4599a"
  },
  "3176496a-3b35-4b17-a32e-628cf1189679":{
    "bboxes":[
      [
        0.4619608,
        0.2880086,
        0.12830139,
        0.25820819
      ]
    ],
    "labels":[
      "three"
    ],
    "leading_hand":"right",
    "leading_conf":1.0,
    "user_id":"f6560a06704a233f5b1505e83311d76d"
  },
  "32b32eeb-a04b-46b4-ad02-df19fd230bf1":{
    "bboxes":[
      [
        0.61944888,
        0.23199813,
        0.14475234,
        0.1648614
      ]
    ],
    "labels":[
      "three"
    ],
    "leading_hand":"left",
    "leading_conf":1.0,
    "user_id":"56719e80c2c4493ceaed1d423098f87e"
  },
  "332fe237-4402-4917-8bb5-1e0710a9108e":{
    "bboxes":[
      [
        0.60500352,
        0.46223441,
        0.07218912,
        0.14269429
      ]
    ],
    "labels":[
      "three"
    ],
    "leading_hand":"left",
    "leading_conf":1.0,
    "user_id":"3f75020bda42672cf52b537e3f89615e"
  },
  "343ec356-544b-47cb-acc7-e7d0d0fd111e":{
    "bboxes":[
      [
        0.69827323,
        0.19099539,
        0.0810193,
        0.19262892
      ]
    ],
    "labels":[
      "three"
    ],
    "leading_hand":"left",
    "leading_conf":1.0,
    "user_id":"bf230e688b30e5a4743530da90bc9d71"
  },
  "34bd833b-c735-4a8c-909f-d56f697b433a":{
    "bboxes":[
      [
        0.54129888,
        0.42704267,
        0.1136411,
        0.13220026
      ]
    ],
    "labels":[
      "three"
    ],
    "leading_hand":"left",
    "leading_conf":1.0,
    "user_id":"3e9cb92d28b5a56f8cb9a4ce3f3f1e66"
  },
  "3546e660-95b3-4936-b07a-ff9b9634e643":{
    "bboxes":[
      [
        0.09563176,
        0.8695747,
        0.12390232,
        0.10537009
      ],
      [
        0.548666,
        0.46138372,
        0.149034,
        0.16330621
      ]
    ],
    "labels":[
      "no_gesture",
      "three"
    ],
    "leading_hand":"left",
    "leading_conf":1.0,
    "user_id":"69ecbde527dc9ebc066a0e9705d84ef3"
  },
  "3595e5fb-2c76-4f27-835e-60925af12d67":{
    "bboxes":[
      [
        0.72775546,
        0.36053287,
        0.18556779,
        0.16890767
      ]
    ],
    "labels":[
      "three"
    ],
    "leading_hand":"left",
    "leading_conf":1.0,
    "user_id":"057ec4717b390374fd014fcb411370c1"
  },
  "3637eab6-644c-40af-be44-ab2bfadbfd8f":{
    "bboxes":[
      [
        0.38303323,
        0.35118016,
        0.03404824,
        0.03832219
      ]
    ],
    "labels":[
      "three"
    ],
    "leading_hand":"right",
    "leading_conf":1.0,
    "user_id":"e5d73c0be6563094f7b90ca0516e4187"
  },
  "37d7ccf0-fc3d-40b0-b9c2-48995c8f89bd":{
    "bboxes":[
      [
        0.35604796,
        0.39208811,
        0.04722761,
        0.10033069
      ],
      [
        0.57144807,
        0.65865018,
        0.04413533,
        0.06798486
      ]
    ],
    "labels":[
      "three",
      "no_gesture"
    ],
    "leading_hand":"right",
    "leading_conf":1.0,
    "user_id":"98ac033d6d68b6fd9619c125f191f86d"
  },
  "38243821-73e0-4160-b3dd-1ec609a9fad6":{
    "bboxes":[
      [
        0.5977848,
        0.41836,
        0.09683838,
        0.1209349
      ]
    ],
    "labels":[
      "three"
    ],
    "leading_hand":"left",
    "leading_conf":1.0,
    "user_id":"d1f2c1a287110091e7258f02fdc317ef"
  },
  "38b675e9-6d10-48e6-9f41-2154e8229239":{
    "bboxes":[
      [
        0.20037454,
        0.40013351,
        0.1388862,
        0.21161732
      ],
      [
        0.62001273,
        0.91362331,
        0.1357867,
        0.08539033
      ]
    ],
    "labels":[
      "three",
      "no_gesture"
    ],
    "leading_hand":"right",
    "leading_conf":1.0,
    "user_id":"e67f14f691867ae60adc17de147342b6"
  },
  "38dc4b7f-18a1-48bc-9017-234abbebd797":{
    "bboxes":[
      [
        0.03189381,
        0.24803288,
        0.1640428,
        0.12102399
      ]
    ],
    "labels":[
      "three"
    ],
    "leading_hand":"right",
    "leading_conf":1.0,
    "user_id":"0372c580d96808a563249afe14f25a19"
  },
  "3a4676af-2872-4de0-bbb7-a05f53d53648":{
    "bboxes":[
      [
        0.13160703,
        0.35284837,
        0.14289153,
        0.17614162
      ]
    ],
    "labels":[
      "three"
    ],
    "leading_hand":"right",
    "leading_conf":1.0,
    "user_id":"9159afc20d875d8b0ba4a1ae9a45e793"
  },
  "3ac61cbe-dcfc-4508-a871-b2c33d65a72b":{
    "bboxes":[
      [
        0.11736151,
        0.32741723,
        0.14758581,
        0.20468293
      ]
    ],
    "labels":[
      "three"
    ],
    "leading_hand":"right",
    "leading_conf":1.0,
    "user_id":"6acc345a2574df7dd7017e48a8c4599a"
  },
  "3cbd25ea-f1b9-4d29-a637-23e12836c90f":{
    "bboxes":[
      [
        0.32787791,
        0.63625176,
        0.10020196,
        0.09150727
      ]
    ],
    "labels":[
      "three"
    ],
    "leading_hand":"right",
    "leading_conf":1.0,
    "user_id":"92d6f8a2e6e1137caa049d87887efc25"
  },
  "3cc20825-6ed0-4733-a9de-8c695d4ac1e8":{
    "bboxes":[
      [
        0.15846184,
        0.19378983,
        0.2088714,
        0.18887712
      ],
      [
        0.87551701,
        0.72600757,
        0.11718001,
        0.16154828
      ]
    ],
    "labels":[
      "three",
      "no_gesture"
    ],
    "leading_hand":"right",
    "leading_conf":1.0,
    "user_id":"7020513c537e990d1bbad42c332ba72e"
  },
  "3ccb47f3-b62a-42da-b904-be07744ca1d1":{
    "bboxes":[
      [
        0.19949345,
        0.27143064,
        0.11703386,
        0.16798558
      ]
    ],
    "labels":[
      "three"
    ],
    "leading_hand":"right",
    "leading_conf":1.0,
    "user_id":"83597ae129bafde9d04f5611c1fcf90a"
  },
  "3cec8296-c5af-4ee7-8b5a-7c439e320de6":{
    "bboxes":[
      [
        0.10001891,
        0.53860103,
        0.15279824,
        0.11994649
      ]
    ],
    "labels":[
      "three"
    ],
    "leading_hand":"right",
    "leading_conf":1.0,
    "user_id":"937b77234434cbf4eb0885dacde09033"
  },
  "3dcb7be3-3c84-4fc9-888f-b0d41a87ce64":{
    "bboxes":[
      [
        0.16629116,
        0.2881682,
        0.11272423,
        0.16453757
      ]
    ],
    "labels":[
      "three"
    ],
    "leading_hand":"right",
    "leading_conf":1.0,
    "user_id":"113a23e0bc55422da28e44950e7a1c49"
  },
  "3ed7699a-99e8-4e8e-b8d2-dca182546208":{
    "bboxes":[
      [
        0.46356686,
        0.45448817,
        0.10043564,
        0.11816059
      ]
    ],
    "labels":[
      "three"
    ],
    "leading_hand":"left",
    "leading_conf":1.0,
    "user_id":"9f49e2d152d25db52ce72e28a92e12af"
  },
  "3f69e45e-b6af-456a-89d0-587162f5b859":{
    "bboxes":[
      [
        0.15339453,
        0.31654919,
        0.10338434,
        0.23990888
      ]
    ],
    "labels":[
      "three"
    ],
    "leading_hand":"right",
    "leading_conf":1.0,
    "user_id":"ae4d256f47e1256c45c7c196fca1883c"
  },
  "3f8cf47c-2bd8-4e4d-b25a-740eaa301b87":{
    "bboxes":[
      [
        0.56404744,
        0.51770945,
        0.08407169,
        0.12372036
      ]
    ],
    "labels":[
      "three"
    ],
    "leading_hand":"left",
    "leading_conf":1.0,
    "user_id":"4ced84a88e39fa3f755b752a8da389e2"
  },
  "3fdd3e65-d4e9-4d9b-bb86-3f671c59100b":{
    "bboxes":[
      [
        0.40110024,
        0.35613515,
        0.08098053,
        0.08131545
      ]
    ],
    "labels":[
      "three"
    ],
    "leading_hand":"right",
    "leading_conf":1.0,
    "user_id":"4c2d70803e35ce2d30f3e875f1b01c6c"
  },
  "40c1b7d8-ed27-4997-a239-293e59979dc7":{
    "bboxes":[
      [
        0.54293799,
        0.24711726,
        0.2025719,
        0.27909156
      ]
    ],
    "labels":[
      "three"
    ],
    "leading_hand":"left",
    "leading_conf":1.0,
    "user_id":"e15378e031d7ec348aa39ac8c6bd4698"
  },
  "416f5835-27fb-4691-bcad-ec4cf85293b6":{
    "bboxes":[
      [
        0.63570414,
        0.48976181,
        0.07003731,
        0.1067398
      ]
    ],
    "labels":[
      "three"
    ],
    "leading_hand":"left",
    "leading_conf":1.0,
    "user_id":"4d3ccde1302e43d88cdefca6c35881ba"
  },
  "41c51c65-0081-4c5c-949c-2f360ad4c94b":{
    "bboxes":[
      [
        0.19854418,
        0.37173142,
        0.12638551,
        0.19562299
      ]
    ],
    "labels":[
      "three"
    ],
    "leading_hand":"right",
    "leading_conf":1.0,
    "user_id":"d4706e41cfcbd9db29348a67e9319aa3"
  },
  "41e0edc1-bafc-4093-b4c2-c3aa3c16ab53":{
    "bboxes":[
      [
        0.26622277,
        0.43943416,
        0.10090062,
        0.15206585
      ]
    ],
    "labels":[
      "three"
    ],
    "leading_hand":"right",
    "leading_conf":1.0,
    "user_id":"b5885b3567dee8551409ca5aedb57259"
  }
}