{
  "01c43fcf-b65b-40e6-bbfc-7e87d64ed009":{
    "bboxes":[
      [
        0.37753,
        0.862234,
        0.066188,
        0.08665
      ],
      [
        0.585948,
        0.363782,
        0.095262,
        0.156912
      ]
    ],
    "labels":[
      "no_gesture",
      "three2"
    ],
    "leading_hand":"left",
    "leading_conf":1.0,
    "user_id":"2531843ec542b1bf5af7d50afe110697"
  },
  "0264faaa-a5e3-4187-8ede-11a7a73e2e11":{
    "bboxes":[
      [
        0.569974,
        0.32222,
        0.15121,
        0.157
      ]
    ],
    "labels":[
      "three2"
    ],
    "leading_hand":"left",
    "leading_conf":1.0,
    "user_id":"c4c3dfe23f7799e045714d53f99b189e"
  },
  "088b9bc4-a726-43dd-948f-cd660132bf3a":{
    "bboxes":[
      [
        0.181274,
        0.362226,
        0.157118,
        0.152368
      ],
      [
        0.55846,
        0.881896,
        0.151158,
        0.117826
      ]
    ],
    "labels":[
      "three2",
      "no_gesture"
    ],
    "leading_hand":"right",
    "leading_conf":1.0,
    "user_id":"14653bafc0a19161f26832f34382b5e7"
  },
  "12b78f3b-870a-49f8-9966-c3571c54f995":{
    "bboxes":[
      [
        0.173186,
        0.910556,
        0.072624,
        0.087776
      ],
      [
        0.649906,
        0.420276,
        0.149722,
        0.13972
      ]
    ],
    "labels":[
      "no_gesture",
      "three2"
    ],
    "leading_hand":"left",
    "leading_conf":0.8,
    "user_id":"406a1ffd47ee71ad02d5a49b9a7808fa"
  },
  "136c58e7-4acf-410d-af0c-a78dcffbcf78":{
    "bboxes":[
      [
        0.110738,
        0.72037,
        0.087108,
        0.083058
      ],
      [
        0.548304,
        0.35548,
        0.156502,
        0.101044
      ]
    ],
    "labels":[
      "no_gesture",
      "three2"
    ],
    "leading_hand":"left",
    "leading_conf":1.0,
    "user_id":"a2f391f35810d4e52afddf0b5a225ada"
  },
  "15392aaa-9e4e-41bf-a0de-2a50191e4885":{
    "bboxes":[
      [
        0.330316,
        0.134932,
        0.255882,
        0.258052
      ],
      [
        0.899474,
        0.845116,
        0.099416,
        0.153496
      ]
    ],
    "labels":[
      "three2",
      "no_gesture"
    ],
    "leading_hand":"right",
    "leading_conf":1.0,
    "user_id":"519c00a4a0f9eae94a9425151ee15431"
  },
  "1ece2f22-da4a-4283-b77a-63175c6207ad":{
    "bboxes":[
      [
        0.245536,
        0.501814,
        0.14841,
        0.125432
      ],
      [
        0.717832,
        0.938916,
        0.12154,
        0.060528
      ]
    ],
    "labels":[
      "three2",
      "no_gesture"
    ],
    "leading_hand":"right",
    "leading_conf":1.0,
    "user_id":"b9b011b3bef30362076f957307c9618e"
  },
  "2baab879-938d-4288-83b7-55b6bacced82":{
    "bboxes":[
      [
        0.271388,
        0.213828,
        0.113054,
        0.278518
      ],
      [
        0.521944,
        0.919508,
        0.100278,
        0.079012
      ]
    ],
    "labels":[
      "three2",
      "no_gesture"
    ],
    "leading_hand":"right",
    "leading_conf":1.0,
    "user_id":"90cd66600a9ee7cdefe4e46d20f70bf5"
  },
  "2f0cc361-bfb9-4fcc-b83b-04e9bc9d0dcf":{
    "bboxes":[
      [
        0.316396,
        0.425518,
        0.160034,
        0.162182
      ],
      [
        0.474636,
        0.851328,
        0.158762,
        0.10609
      ]
    ],
    "labels":[
      "three2",
      "no_gesture"
    ],
    "leading_hand":"right",
    "leading_conf":1.0,
    "user_id":"11b7725baac862e3d035208fd10463b1"
  },
  "3063f4b1-d869-4ebe-82eb-989b09d37785":{
    "bboxes":[
      [
        0.055732,
        0.84641,
        0.151084,
        0.151916
      ],
      [
        0.496434,
        0.400632,
        0.160324,
        0.136562
      ]
    ],
    "labels":[
      "no_gesture",
      "three2"
    ],
    "leading_hand":"left",
    "leading_conf":1.0,
    "user_id":"1be6a6dc2b0b9c1d9836c259ff905f32"
  },
  "333bb664-fafe-4f5e-b7e9-fb9d23ca7902":{
    "bboxes":[
      [
        0.146494,
        0.350556,
        0.175648,
        0.165556
      ],
      [
        0.677492,
        0.938056,
        0.096312,
        0.060832
      ]
    ],
    "labels":[
      "three2",
      "no_gesture"
    ],
    "leading_hand":"right",
    "leading_conf":1.0,
    "user_id":"01f08fc23deb67c42c0b772a600a3d15"
  },
  "358e7185-545b-470d-94bf-68f88df59805":{
    "bboxes":[
      [
        0.126524,
        0.902172,
        0.123756,
        0.096736
      ],
      [
        0.555506,
        0.334322,
        0.18601,
        0.169634
      ]
    ],
    "labels":[
      "no_gesture",
      "three2"
    ],
    "leading_hand":"left",
    "leading_conf":1.0,
    "user_id":"0d96452477635e0fc51afd6161bd4007"
  },
  "3b7aae91-e63e-4ecf-b57e-6685bc19b17c":{
    "bboxes":[
      [
        0.27374,
        0.430744,
        0.127514,
        0.112524
      ],
      [
        0.708418,
        0.918354,
        0.077288,
        0.080332
      ]
    ],
    "labels":[
      "three2",
      "no_gesture"
    ],
    "leading_hand":"right",
    "leading_conf":1.0,
    "user_id":"2d038d71eb60e605941dcf8941eb6be7"
  },
  "3bfeb924-a734-4fa4-9b8b-28120eece65c":{
    "bboxes":[
      [
        0.536334,
        0.4325,
        0.100666,
        0.0965
      ],
      [
        0.823262,
        0.78888,
        0.040328,
        0.051208
      ]
    ],
    "labels":[
      "three2",
      "no_gesture"
    ],
    "leading_hand":"right",
    "leading_conf":1.0,
    "user_id":"773a4d8be3ba16698ea285e0ca41d11a"
  },
  "3cf1ca1b-f8a0-4a7f-b00b-cbc6095c5bb2":{
    "bboxes":[
      [
        0.073104,
        0.46592,
        0.290192,
        0.248214
      ],
      [
        0.244564,
        0.899472,
        0.32992,
        0.099694
      ]
    ],
    "labels":[
      "three2",
      "no_gesture"
    ],
    "leading_hand":"right",
    "leading_conf":1.0,
    "user_id":"9d748d576144582531eb3c5a7f5dfa8b"
  },
  "3f2f6ce5-fb83-4abd-bd00-ecfa22acc134":{
    "bboxes":[
      [
        0.664254,
        0.2794,
        0.194324,
        0.168286
      ]
    ],
    "labels":[
      "three2"
    ],
    "leading_hand":"left",
    "leading_conf":1.0,
    "user_id":"060308495eae8b94f68525cbb8ea1c9c"
  },
  "3f9183b0-34d2-4834-be13-6a96554b4ed8":{
    "bboxes":[
      [
        0.199336,
        0.8925,
        0.095668,
        0.10625
      ],
      [
        0.629,
        0.4265,
        0.176664,
        0.15775
      ]
    ],
    "labels":[
      "no_gesture",
      "three2"
    ],
    "leading_hand":"left",
    "leading_conf":1.0,
    "user_id":"56903889cdcdd4636f1a682091d495e9"
  },
  "46c3df7d-33fb-4be6-9148-2107361a1171":{
    "bboxes":[
      [
        0.001904,
        0.874984,
        0.187944,
        0.123924
      ],
      [
        0.607756,
        0.387232,
        0.23405,
        0.120982
      ]
    ],
    "labels":[
      "no_gesture",
      "three2"
    ],
    "leading_hand":"left",
    "leading_conf":1.0,
    "user_id":"40fe712bc5bf18d184cf53ed42fba5dc"
  },
  "4a4c35d8-1b2e-4a81-8070-e173786a1641":{
    "bboxes":[
      [
        0.245758,
        0.377732,
        0.206416,
        0.173526
      ],
      [
        0.750536,
        0.899306,
        0.207858,
        0.099958
      ]
    ],
    "labels":[
      "three2",
      "no_gesture"
    ],
    "leading_hand":"right",
    "leading_conf":1.0,
    "user_id":"93634cab274b5651883e43c9d8e6f09a"
  },
  "4e0700ab-f110-4384-9355-090195d921d9":{
    "bboxes":[
      [
        0.216914,
        0.115022,
        0.178294,
        0.172756
      ],
      [
        0.845446,
        0.780566,
        0.084964,
        0.148496
      ]
    ],
    "labels":[
      "three2",
      "no_gesture"
    ],
    "leading_hand":"right",
    "leading_conf":1.0,
    "user_id":"bdf08e799c6b7879790b88daf90accf4"
  },
  "514890e6-337e-4b36-bddd-2e325cf8e457":{
    "bboxes":[
      [
        0.18037,
        0.44889,
        0.223334,
        0.224444
      ],
      [
        0.508888,
        0.925556,
        0.210738,
        0.073612
      ]
    ],
    "labels":[
      "three2",
      "no_gesture"
    ],
    "leading_hand":"right",
    "leading_conf":1.0,
    "user_id":"d1933439fe860dd6d6f7836bb6ccc79f"
  },
  "51aa5457-0f29-48b2-976a-e2facfda1e5e":{
    "bboxes":[
      [
        0.079414,
        0.255376,
        0.20787,
        0.189108
      ],
      [
        0.734796,
        0.892344,
        0.107016,
        0.107378
      ]
    ],
    "labels":[
      "three2",
      "no_gesture"
    ],
    "leading_hand":"right",
    "leading_conf":1.0,
    "user_id":"5704ee3ca22c496dd498d8b921f76eb3"
  },
  "55be542c-1e58-4fa7-a8e5-dc488a0a6f17":{
    "bboxes":[
      [
        0.281708,
        0.84186,
        0.185126,
        0.15703
      ],
      [
        0.609192,
        0.152744,
        0.191122,
        0.194232
      ]
    ],
    "labels":[
      "no_gesture",
      "three2"
    ],
    "leading_hand":"left",
    "leading_conf":1.0,
    "user_id":"2085f34a55bec45279ef755bc3ef714a"
  },
  "5a126d4a-dded-4a1e-83e7-68bbf5df85f4":{
    "bboxes":[
      [
        0.183004,
        0.90364,
        0.210456,
        0.095794
      ],
      [
        0.658036,
        0.449414,
        0.227718,
        0.138642
      ]
    ],
    "labels":[
      "no_gesture",
      "three2"
    ],
    "leading_hand":"left",
    "leading_conf":1.0,
    "user_id":"cbb2caa8a3ae3ee6df07c04a169e885d"
  },
  "5f6afbdd-963b-4be8-b3ce-ab9001213496":{
    "bboxes":[
      [
        0.143982,
        0.311798,
        0.218166,
        0.180026
      ],
      [
        0.721058,
        0.862054,
        0.140958,
        0.1306
      ]
    ],
    "labels":[
      "three2",
      "no_gesture"
    ],
    "leading_hand":"right",
    "leading_conf":1.0,
    "user_id":"720b6c05a71195ca5c804e6a554d5638"
  },
  "61b775ad-cff5-4471-a6f3-d1b81787cb7d":{
    "bboxes":[
      [
        0.422376,
        0.55805,
        0.138632,
        0.12684
      ],
      [
        0.692622,
        0.92621,
        0.186012,
        0.07307
      ]
    ],
    "labels":[
      "three2",
      "no_gesture"
    ],
    "leading_hand":"right",
    "leading_conf":0.8,
    "user_id":"4a7a0094cb3ea7d8ec3ecda8eb2bbd10"
  },
  "7321d327-2230-40da-8e44-cce48f0a6411":{
    "bboxes":[
      [
        0.001666,
        0.738752,
        0.097778,
        0.19025
      ],
      [
        0.60189,
        0.27167,
        0.155778,
        0.15025
      ]
    ],
    "labels":[
      "no_gesture",
      "three2"
    ],
    "leading_hand":"left",
    "leading_conf":1.0,
    "user_id":"80bb381d108fcd404d0efd0c54c3af50"
  },
  "751d6822-2ad9-48c9-ae92-c126012cb2ae":{
    "bboxes":[
      [
        0.094006,
        0.348622,
        0.204764,
        0.162914
      ],
      [
        0.74151,
        0.895432,
        0.092888,
        0.103458
      ]
    ],
    "labels":[
      "three2",
      "no_gesture"
    ],
    "leading_hand":"right",
    "leading_conf":1.0,
    "user_id":"84037e13d66248fb933695fb97a0e50c"
  },
  "790bf7f7-277b-494c-b253-ec084cd95a4e":{
    "bboxes":[
      [
        0.455334,
        0.14892,
        0.078506,
        0.078708
      ],
      [
        0.54816,
        0.209744,
        0.068136,
        0.055884
      ]
    ],
    "labels":[
      "three2",
      "no_gesture"
    ],
    "leading_hand":"right",
    "leading_conf":0.8,
    "user_id":"5c42e9c2c7f034c08af7cc507216e920"
  },
  "8854a54b-2c01-44da-8206-d02ec89742f7":{
    "bboxes":[
      [
        0.183958,
        0.85202,
        0.200364,
        0.147256
      ],
      [
        0.498198,
        0.278618,
        0.1827,
        0.164174
      ]
    ],
    "labels":[
      "no_gesture",
      "three2"
    ],
    "leading_hand":"left",
    "leading_conf":0.8,
    "user_id":"9d64054490f731a65a9e3cb24f413b6d"
  },
  "886cce6c-9aea-412d-a202-cc75095fe1c0":{
    "bboxes":[
      [
        0.43878,
        0.929442,
        0.11636,
        0.068892
      ],
      [
        0.731922,
        0.530896,
        0.137546,
        0.128884
      ]
    ],
    "labels":[
      "no_gesture",
      "three2"
    ],
    "leading_hand":"left",
    "leading_conf":1.0,
    "user_id":"91d882064c7ad10400e7cc174beb4ec2"
  },
  "89722ade-afa8-4524-b485-2cf05af2ebd2":{
    "bboxes":[
      [
        0.116502,
        0.1794,
        0.198246,
        0.199708
      ],
      [
        0.714854,
        0.90196,
        0.100008,
        0.09729
      ]
    ],
    "labels":[
      "three2",
      "no_gesture"
    ],
    "leading_hand":"right",
    "leading_conf":1.0,
    "user_id":"32cd724794a9f55e04732cc1571de1c6"
  },
  "8ce74266-6619-4d9d-aa41-5915dfa55048":{
    "bboxes":[
      [
        0.38399,
        0.289272,
        0.11916,
        0.212748
      ],
      [
        0.794846,
        0.881188,
        0.05958,
        0.117332
      ]
    ],
    "labels":[
      "three2",
      "no_gesture"
    ],
    "leading_hand":"right",
    "leading_conf":1.0,
    "user_id":"e094670b65c4c492ff8f14c0220891bc"
  },
  "a2bb141c-f84e-45b8-8d8c-da33e317fabe":{
    "bboxes":[
      [
        0.551356,
        0.549132,
        0.12817,
        0.11508
      ]
    ],
    "labels":[
      "three2"
    ],
    "leading_hand":"left",
    "leading_conf":1.0,
    "user_id":"5a1467460c0baf113abe17a2658c779d"
  },
  "a393553d-a849-42f7-88d8-c9ea488ab3ba":{
    "bboxes":[
      [
        0.145566,
        0.913858,
        0.125814,
        0.085284
      ],
      [
        0.524946,
        0.377954,
        0.138032,
        0.139256
      ]
    ],
    "labels":[
      "no_gesture",
      "three2"
    ],
    "leading_hand":"left",
    "leading_conf":1.0,
    "user_id":"d9e94df916261525cc8311a831ccd631"
  },
  "b2a0df3f-333a-4c4f-97cf-a61c017cf950":{
    "bboxes":[
      [
        0.122906,
        0.285,
        0.202982,
        0.194166
      ],
      [
        0.81564,
        0.905276,
        0.130724,
        0.094168
      ]
    ],
    "labels":[
      "three2",
      "no_gesture"
    ],
    "leading_hand":"right",
    "leading_conf":1.0,
    "user_id":"6acc345a2574df7dd7017e48a8c4599a"
  },
  "b4495e7f-c8f5-4345-8e53-2a82898ea5db":{
    "bboxes":[
      [
        0.313058,
        0.215842,
        0.190312,
        0.171498
      ],
      [
        0.843774,
        0.542824,
        0.130028,
        0.161472
      ]
    ],
    "labels":[
      "three2",
      "no_gesture"
    ],
    "leading_hand":"right",
    "leading_conf":1.0,
    "user_id":"e44f1e3a6747ec22d88ef424ef94d97c"
  },
  "b784ae88-13c2-45c5-b9c2-8126ac2ded79":{
    "bboxes":[
      [
        0.16626,
        0.398758,
        0.23783,
        0.197524
      ],
      [
        0.551118,
        0.893556,
        0.191702,
        0.105612
      ]
    ],
    "labels":[
      "three2",
      "no_gesture"
    ],
    "leading_hand":"right",
    "leading_conf":1.0,
    "user_id":"84037e13d66248fb933695fb97a0e50c"
  },
  "b83f04d2-6172-4c1a-bd21-cea6d8757b04":{
    "bboxes":[
      [
        0.182462,
        0.307634,
        0.159484,
        0.1533
      ],
      [
        0.692526,
        0.881884,
        0.164402,
        0.115338
      ]
    ],
    "labels":[
      "three2",
      "no_gesture"
    ],
    "leading_hand":"right",
    "leading_conf":1.0,
    "user_id":"0d6c70d361d506d4097aa5848c43914e"
  },
  "bc28e82e-bc99-46ed-b51c-728903be5768":{
    "bboxes":[
      [
        0.224814,
        0.331944,
        0.106298,
        0.103888
      ]
    ],
    "labels":[
      "three2"
    ],
    "leading_hand":"right",
    "leading_conf":1.0,
    "user_id":"2d038d71eb60e605941dcf8941eb6be7"
  },
  "c1f2c2fc-8c0f-49d6-8eb9-657cc4460a5f":{
    "bboxes":[
      [
        0.42867,
        0.337214,
        0.146278,
        0.13144
      ]
    ],
    "labels":[
      "three2"
    ],
    "leading_hand":"right",
    "leading_conf":1.0,
    "user_id":"d84a6218e0efc601825bf1a9ab2f19ce"
  },
  "c2330176-5c26-45e0-92ba-3445af33e7e5":{
    "bboxes":[
      [
        0.336736,
        0.77964,
        0.239394,
        0.081694
      ],
      [
        0.613784,
        0.32219,
        0.19226,
        0.192682
      ]
    ],
    "labels":[
      "no_gesture",
      "three2"
    ],
    "leading_hand":"left",
    "leading_conf":1.0,
    "user_id":"c59a17eba4217af0596962697473aa99"
  },
  "c84afa46-1411-4373-a13d-4ba90c4cf6e2":{
    "bboxes":[
      [
        0.428668,
        0.71775,
        0.124,
        0.13125
      ],
      [
        0.650334,
        0.30975,
        0.144334,
        0.13375
      ]
    ],
    "labels":[
      "no_gesture",
      "three2"
    ],
    "leading_hand":"left",
    "leading_conf":1.0,
    "user_id":"c5630d5bea3c94a8f5c313739b7b2893"
  },
  "c9077917-6589-4ae7-b575-2f36ddfcb504":{
    "bboxes":[
      [
        0.328016,
        0.863172,
        0.275638,
        0.136328
      ],
      [
        0.573474,
        0.280306,
        0.253722,
        0.199254
      ]
    ],
    "labels":[
      "no_gesture",
      "three2"
    ],
    "leading_hand":"left",
    "leading_conf":1.0,
    "user_id":"8eb945f58e57d1203fde78d0e81707da"
  },
  "cceed2d9-cf5c-4f43-8f15-5e0e2c4356fd":{
    "bboxes":[
      [
        0.256926,
        0.949972,
        0.043196,
        0.049622
      ],
      [
        0.460164,
        0.62688,
        0.05344,
        0.089156
      ]
    ],
    "labels":[
      "no_gesture",
      "three2"
    ],
    "leading_hand":"left",
    "leading_conf":1.0,
    "user_id":"9c30fbc8ea048495bede475680c1f387"
  },
  "cf8f06ce-adc2-47e1-8d7b-6ebced7424f0":{
    "bboxes":[
      [
        0.238904,
        0.239202,
        0.19337,
        0.173416
      ],
      [
        0.697364,
        0.87122,
        0.149916,
        0.12853
      ]
    ],
    "labels":[
      "three2",
      "no_gesture"
    ],
    "leading_hand":"right",
    "leading_conf":1.0,
    "user_id":"61332f5ed32530e1731dd8c989ac7ecf"
  },
  "cf92f099-689f-40dc-9c44-3fea3a8315ac":{
    "bboxes":[
      [
        0.164538,
        0.655654,
        0.138268,
        0.09015
      ],
      [
        0.610878,
        0.94674,
        0.12853,
        0.052944
      ]
    ],
    "labels":[
      "three2",
      "no_gesture"
    ],
    "leading_hand":"right",
    "leading_conf":1.0,
    "user_id":"0a7846ff147f67904fb89a7b5954eafc"
  },
  "d19b238d-4832-4a1a-a5c2-4f8d3dd37a35":{
    "bboxes":[
      [
        0.036988,
        0.344136,
        0.2283,
        0.268896
      ],
      [
        0.59988,
        0.868618,
        0.333058,
        0.13097
      ]
    ],
    "labels":[
      "three2",
      "no_gesture"
    ],
    "leading_hand":"right",
    "leading_conf":1.0,
    "user_id":"e1bb00445f43414e842ddf289443af39"
  },
  "d55f469c-f456-4e77-b245-72733523c728":{
    "bboxes":[
      [
        0.000024,
        0.76453,
        0.204784,
        0.120384
      ],
      [
        0.051838,
        0.245994,
        0.2998,
        0.18985
      ]
    ],
    "labels":[
      "no_gesture",
      "three2"
    ],
    "leading_hand":"right",
    "leading_conf":1.0,
    "user_id":"2249cddd6a5159624365aed0529d4f5d"
  },
  "d8766acc-02c6-4c76-b295-72b96724d604":{
    "bboxes":[
      [
        0.119826,
        0.296874,
        0.172712,
        0.161582
      ],
      [
        0.642744,
        0.90988,
        0.120776,
        0.089842
      ]
    ],
    "labels":[
      "three2",
      "no_gesture"
    ],
    "leading_hand":"right",
    "leading_conf":0.8,
    "user_id":"d9858eea79434ef6f53573fdce3e6895"
  },
  "d8931920-9ccc-46bd-98fe-8007bbe9aef7":{
    "bboxes":[
      [
        0.287402,
        0.941836,
        0.086662,
        0.058164
      ],
      [
        0.645224,
        0.441052,
        0.139092,
        0.13051
      ]
    ],
    "labels":[
      "no_gesture",
      "three2"
    ],
    "leading_hand":"left",
    "leading_conf":1.0,
    "user_id":"6bb58191d13747d59e878c6cfc40d514"
  },
  "e0587834-575f-48a6-9de6-98bbce8cd013":{
    "bboxes":[
      [
        0.091138,
        0.895356,
        0.110098,
        0.103328
      ],
      [
        0.653624,
        0.398628,
        0.15284,
        0.139934
      ]
    ],
    "labels":[
      "no_gesture",
      "three2"
    ],
    "leading_hand":"left",
    "leading_conf":1.0,
    "user_id":"0c984b1ad5c596af3ad8c4709f875e35"
  },
  "e3c016e9-c0f6-4021-8d40-4bc3392feb92":{
    "bboxes":[
      [
        0.41984,
        0.709366,
        0.253556,
        0.105636
      ],
      [
        0.549616,
        0.084902,
        0.297968,
        0.275898
      ]
    ],
    "labels":[
      "no_gesture",
      "three2"
    ],
    "leading_hand":"left",
    "leading_conf":1.0,
    "user_id":"c1ee5ba65fa0f5847493ee9d76f940fa"
  },
  "e8108218-6a40-4608-a78e-24c027a49a46":{
    "bboxes":[
      [
        0.022368,
        0.37733,
        0.229708,
        0.186446
      ],
      [
        0.700266,
        0.8966,
        0.110878,
        0.10315
      ]
    ],
    "labels":[
      "three2",
      "no_gesture"
    ],
    "leading_hand":"right",
    "leading_conf":1.0,
    "user_id":"495434f9b40926e6fb182e63bd1ed813"
  },
  "ea89fa6c-172a-43dc-bddd-d02638eb1845":{
    "bboxes":[
      [
        0.163332,
        0.867,
        0.121998,
        0.132
      ],
      [
        0.688334,
        0.27025,
        0.216,
        0.20025
      ]
    ],
    "labels":[
      "no_gesture",
      "three2"
    ],
    "leading_hand":"left",
    "leading_conf":1.0,
    "user_id":"3675e0091ec1d15e58220a983a2f71fa"
  },
  "f3f211ce-823d-499d-ad0e-8171bf9bac0a":{
    "bboxes":[
      [
        0.077962,
        0.854934,
        0.12386,
        0.14451
      ],
      [
        0.61072,
        0.338386,
        0.18647,
        0.192932
      ]
    ],
    "labels":[
      "no_gesture",
      "three2"
    ],
    "leading_hand":"left",
    "leading_conf":1.0,
    "user_id":"64f7b4acf9ccd530acbc150e6f3865cc"
  },
  "f6240f34-79f9-4e14-b79a-c001c3503e00":{
    "bboxes":[
      [
        0.213702,
        0.856946,
        0.088518,
        0.118336
      ],
      [
        0.595184,
        0.234722,
        0.161112,
        0.154446
      ]
    ],
    "labels":[
      "no_gesture",
      "three2"
    ],
    "leading_hand":"left",
    "leading_conf":1.0,
    "user_id":"1ede97d91e9085d3d946b57a3fc7909f"
  },
  "fcb64ecf-f6cf-4f04-a820-ad74fba52c9a":{
    "bboxes":[
      [
        0.121484,
        0.320278,
        0.26074,
        0.180556
      ],
      [
        0.575804,
        0.9025,
        0.292344,
        0.095276
      ]
    ],
    "labels":[
      "three2",
      "no_gesture"
    ],
    "leading_hand":"right",
    "leading_conf":1.0,
    "user_id":"74e14454c7240139ff3aeb523c851121"
  },
  "01b3493c-6d20-4f2e-a1e5-9661444248be":{
    "bboxes":[
      [
        0.56789307,
        0.25683876,
        0.16357981,
        0.16093246
      ]
    ],
    "labels":[
      "three2"
    ],
    "leading_hand":"left",
    "leading_conf":1.0,
    "user_id":"b42af28e4ad6747a4ba08c61d78d1f9e"
  },
  "02e1be73-8c75-4cce-a52e-8af3fd175519":{
    "bboxes":[
      [
        0.42273901,
        0.94306638,
        0.16994132,
        0.05526695
      ],
      [
        0.47228269,
        0.39787864,
        0.20280871,
        0.17454506
      ]
    ],
    "labels":[
      "no_gesture",
      "three2"
    ],
    "leading_hand":"left",
    "leading_conf":1.0,
    "user_id":"e4b10cf7fbc3ad91bd8b06fcb76dfa4f"
  },
  "0455661f-671f-4354-b10a-ba3da200484d":{
    "bboxes":[
      [
        0.27137416,
        0.21143291,
        0.18724311,
        0.17030441
      ],
      [
        0.75909934,
        0.85672493,
        0.10873828,
        0.13330682
      ]
    ],
    "labels":[
      "three2",
      "no_gesture"
    ],
    "leading_hand":"right",
    "leading_conf":1.0,
    "user_id":"eeb7868515b1880a54e35fee39bfc263"
  },
  "0538b9b7-4ae4-4108-95d7-480ae9a8d009":{
    "bboxes":[
      [
        0.35772919,
        0.36393513,
        0.08777178,
        0.18553537
      ]
    ],
    "labels":[
      "three2"
    ],
    "leading_hand":"right",
    "leading_conf":1.0,
    "user_id":"80c2ff30882e01d1d5ee3008bc20052a"
  },
  "08649a66-465e-4791-a9b7-4a3025229184":{
    "bboxes":[
      [
        0.67528343,
        0.36685993,
        0.0870244,
        0.07510251
      ]
    ],
    "labels":[
      "three2"
    ],
    "leading_hand":"left",
    "leading_conf":1.0,
    "user_id":"cba5ee3d1bd1c4581965f36bec71f397"
  },
  "08aa21fa-6d9e-4b0e-a3b8-c5711bf9fccb":{
    "bboxes":[
      [
        0.16833059,
        0.35758465,
        0.12014731,
        0.07835822
      ],
      [
        0.60902379,
        0.66820526,
        0.10405562,
        0.08780831
      ]
    ],
    "labels":[
      "three2",
      "no_gesture"
    ],
    "leading_hand":"right",
    "leading_conf":1.0,
    "user_id":"ca39dcf6df74940d06db4db0311877ec"
  },
  "099b5a1e-990b-4e4d-b5ef-c87a6b90890f":{
    "bboxes":[
      [
        0.52141998,
        0.47498716,
        0.10774338,
        0.08318754
      ]
    ],
    "labels":[
      "three2"
    ],
    "leading_hand":"left",
    "leading_conf":1.0,
    "user_id":"86232f64250fffa5ff81bc05d5a6502a"
  },
  "0a77d5fe-3396-43a2-9feb-3e5822bba4e6":{
    "bboxes":[
      [
        0.10057479,
        0.40981263,
        0.38485873,
        0.30163337
      ],
      [
        0.24371552,
        0.75496002,
        0.15721111,
        0.10559051
      ]
    ],
    "labels":[
      "three2",
      "no_gesture"
    ],
    "leading_hand":"right",
    "leading_conf":0.8,
    "user_id":"19484f251413f6f33fb5f5cb6919561b"
  },
  "0aa328d1-fce5-4346-8b14-1d3080e8e9be":{
    "bboxes":[
      [
        0.60163412,
        0.33582824,
        0.29238104,
        0.23561259
      ]
    ],
    "labels":[
      "three2"
    ],
    "leading_hand":"left",
    "leading_conf":1.0,
    "user_id":"7a39450d20ecc0123bb35b15ead10c6d"
  },
  "0b5c09f3-4e19-497d-b040-ea5883b6b4fe":{
    "bboxes":[
      [
        0.54234022,
        0.34522428,
        0.25110305,
        0.22489405
      ]
    ],
    "labels":[
      "three2"
    ],
    "leading_hand":"left",
    "leading_conf":1.0,
    "user_id":"44270d4cc0762a7410740e11d427a8e5"
  },
  "0bad3d07-bfb3-4260-b738-a89bf97aa2e4":{
    "bboxes":[
      [
        0.57322654,
        0.49266046,
        0.13458743,
        0.11551347
      ]
    ],
    "labels":[
      "three2"
    ],
    "leading_hand":"left",
    "leading_conf":1.0,
    "user_id":"2dccaff3c04ef10a844e48deb495ea66"
  },
  "0bb11c5f-84e7-424a-9455-32815adb2267":{
    "bboxes":[
      [
        0.27730717,
        0.94950582,
        0.06638821,
        0.05049418
      ],
      [
        0.578187,
        0.46346585,
        0.13456763,
        0.11849046
      ]
    ],
    "labels":[
      "no_gesture",
      "three2"
    ],
    "leading_hand":"left",
    "leading_conf":1.0,
    "user_id":"e7a2121845dbeecf1201f1bc8407c8bc"
  },
  "0bcdcff6-cfba-426a-a122-511abaeb8ba2":{
    "bboxes":[
      [
        0.18805853,
        0.86353598,
        0.08694418,
        0.10733786
      ],
      [
        0.5718818,
        0.37960416,
        0.1484878,
        0.14155359
      ]
    ],
    "labels":[
      "no_gesture",
      "three2"
    ],
    "leading_hand":"left",
    "leading_conf":1.0,
    "user_id":"e9eea5a314142d54197be4770f935943"
  },
  "0c37a064-ce13-4a86-8ea2-21ca415443bb":{
    "bboxes":[
      [
        0.13457494,
        0.51195122,
        0.19551347,
        0.09822005
      ]
    ],
    "labels":[
      "three2"
    ],
    "leading_hand":"right",
    "leading_conf":1.0,
    "user_id":"9dfe0569bd9c01c1d5883e4ac9bff080"
  },
  "0d146971-895a-4de1-baa4-35a2b66f6b1d":{
    "bboxes":[
      [
        0.07347707,
        0.88592657,
        0.37397496,
        0.11407343
      ],
      [
        0.39289882,
        0.26147784,
        0.40993257,
        0.25748553
      ]
    ],
    "labels":[
      "no_gesture",
      "three2"
    ],
    "leading_hand":"left",
    "leading_conf":1.0,
    "user_id":"83c944bc871682a3a9900679c69c62c5"
  },
  "0d347dbb-efdc-469d-b231-98b1faf48344":{
    "bboxes":[
      [
        0.29012923,
        0.40563697,
        0.13551028,
        0.12075051
      ]
    ],
    "labels":[
      "three2"
    ],
    "leading_hand":"right",
    "leading_conf":0.8,
    "user_id":"e1924e049207b4868e54a6d53027a15c"
  },
  "0dc10b9d-ec26-4acb-a360-7eb9b52654ba":{
    "bboxes":[
      [
        0.50729605,
        0.33285655,
        0.06565665,
        0.17647114
      ]
    ],
    "labels":[
      "three2"
    ],
    "leading_hand":"right",
    "leading_conf":1.0,
    "user_id":"0759bcbe061a64b1f976208d97fe8e16"
  },
  "0e5f176f-ff0e-45c0-bbba-06ac2846de76":{
    "bboxes":[
      [
        0.35601522,
        0.9139206,
        0.03422407,
        0.06603114
      ],
      [
        0.57433007,
        0.63633844,
        0.05380188,
        0.05849807
      ]
    ],
    "labels":[
      "no_gesture",
      "three2"
    ],
    "leading_hand":"left",
    "leading_conf":1.0,
    "user_id":"0963e7d0f4281f7e39d55015a5076f44"
  },
  "0fd118cc-6400-458d-80cf-3d9a99057b8f":{
    "bboxes":[
      [
        0.09203732,
        0.60730674,
        0.09002675,
        0.06993813
      ],
      [
        0.50802711,
        0.28008442,
        0.08441109,
        0.19957178
      ]
    ],
    "labels":[
      "no_gesture",
      "three2"
    ],
    "leading_hand":"left",
    "leading_conf":1.0,
    "user_id":"51c5134ffc53ffdeb4956028ba7678ba"
  },
  "0ffb80a1-a4e9-4366-94af-54d7cb4a0b5b":{
    "bboxes":[
      [
        0.19919613,
        0.26616692,
        0.19474027,
        0.18496735
      ]
    ],
    "labels":[
      "three2"
    ],
    "leading_hand":"right",
    "leading_conf":1.0,
    "user_id":"a155aeb9e70433635a38843cd9f04822"
  },
  "10cec4f0-e142-4d7b-b301-08b72ceeaf02":{
    "bboxes":[
      [
        0.54499998,
        0.37177093,
        0.12594327,
        0.1190084
      ]
    ],
    "labels":[
      "three2"
    ],
    "leading_hand":"left",
    "leading_conf":0.8,
    "user_id":"ef5a28b4d89c487a7c67bb50b0edc8f3"
  },
  "114f3656-a236-44b7-9c31-a2e34124ad8f":{
    "bboxes":[
      [
        0.6283756,
        0.44758618,
        0.12955525,
        0.11812589
      ]
    ],
    "labels":[
      "three2"
    ],
    "leading_hand":"left",
    "leading_conf":1.0,
    "user_id":"4ddcd492ab58968671d0c7589d79f312"
  },
  "11fcacf5-c46f-4978-bb0e-17dbd6a92a21":{
    "bboxes":[
      [
        0.67564934,
        0.36535239,
        0.18397456,
        0.11334023
      ]
    ],
    "labels":[
      "three2"
    ],
    "leading_hand":"left",
    "leading_conf":0.8,
    "user_id":"9128615283cac4e060fbd9065a0ca5c9"
  },
  "161fc79c-d316-42af-b45a-6f1f37b0d31d":{
    "bboxes":[
      [
        0.56737068,
        0.23841018,
        0.16257344,
        0.14908068
      ]
    ],
    "labels":[
      "three2"
    ],
    "leading_hand":"left",
    "leading_conf":1.0,
    "user_id":"f6f8be9bc81ba4dcbdca7e465a089b5f"
  },
  "16ccef01-5966-4ec6-9eb1-f26d2ca728f1":{
    "bboxes":[
      [
        0.16549074,
        0.52203106,
        0.14953775,
        0.09148366
      ],
      [
        0.71784246,
        0.84230657,
        0.12419933,
        0.09770754
      ]
    ],
    "labels":[
      "three2",
      "no_gesture"
    ],
    "leading_hand":"right",
    "leading_conf":1.0,
    "user_id":"0a7846ff147f67904fb89a7b5954eafc"
  },
  "1bdd27c4-c152-4e05-9d9e-cba684a85ba7":{
    "bboxes":[
      [
        0.30741625,
        0.26488205,
        0.1731716,
        0.15026441
      ]
    ],
    "labels":[
      "three2"
    ],
    "leading_hand":"right",
    "leading_conf":1.0,
    "user_id":"623d9b0e5e7986c89b7531a6a122b80b"
  },
  "1cbced9e-6947-4ad7-a523-4722c46b1efb":{
    "bboxes":[
      [
        0.67595581,
        0.19580178,
        0.17068949,
        0.17952824
      ]
    ],
    "labels":[
      "three2"
    ],
    "leading_hand":"left",
    "leading_conf":1.0,
    "user_id":"5256f4525fe84f6fb22b70866b8e0e4b"
  },
  "1df0d03e-2d86-4e50-864e-70fe415d74ba":{
    "bboxes":[
      [
        0.28629119,
        0.30322408,
        0.197377,
        0.09442541
      ],
      [
        0.79619611,
        0.67936432,
        0.05644666,
        0.09520912
      ]
    ],
    "labels":[
      "three2",
      "no_gesture"
    ],
    "leading_hand":"right",
    "leading_conf":1.0,
    "user_id":"b3f2b4a3698d231f09f90eafb2f4d551"
  },
  "1f09065a-b982-4fd1-88d0-9b5c5de16e92":{
    "bboxes":[
      [
        0.03859463,
        0.24563225,
        0.25367956,
        0.21682538
      ]
    ],
    "labels":[
      "three2"
    ],
    "leading_hand":"right",
    "leading_conf":1.0,
    "user_id":"689ea668679adfd2340f014e57c7e38c"
  },
  "1f6d201c-f09b-416c-8925-ac5dfaac8599":{
    "bboxes":[
      [
        0.5270939,
        0.46605748,
        0.0974069,
        0.08034793
      ]
    ],
    "labels":[
      "three2"
    ],
    "leading_hand":"left",
    "leading_conf":1.0,
    "user_id":"bc79fe60dd19dac53b38acc1f12a613d"
  },
  "1f90f9b9-84a8-490a-8418-1da21056e951":{
    "bboxes":[
      [
        0.43319788,
        0.53127882,
        0.09947943,
        0.09690003
      ]
    ],
    "labels":[
      "three2"
    ],
    "leading_hand":"right",
    "leading_conf":1.0,
    "user_id":"e0aebbcd230a0027157996be61ac80ee"
  },
  "200c3af1-0d72-465d-bb6d-b4e46d153a95":{
    "bboxes":[
      [
        0.26370527,
        0.37820461,
        0.16894364,
        0.16957665
      ]
    ],
    "labels":[
      "three2"
    ],
    "leading_hand":"right",
    "leading_conf":1.0,
    "user_id":"e1bb00445f43414e842ddf289443af39"
  },
  "206fa30d-0259-4f3c-b7f5-e47f27bdd0c1":{
    "bboxes":[
      [
        0.55471595,
        0.37834849,
        0.1355849,
        0.14250774
      ]
    ],
    "labels":[
      "three2"
    ],
    "leading_hand":"left",
    "leading_conf":1.0,
    "user_id":"636d3b968ba92ac853c759be304a9243"
  },
  "211fb249-0723-414e-b545-c920667de7ea":{
    "bboxes":[
      [
        0.54426119,
        0.24982528,
        0.28822097,
        0.22537643
      ]
    ],
    "labels":[
      "three2"
    ],
    "leading_hand":"left",
    "leading_conf":0.8,
    "user_id":"81dc55768c5ce195288ede121d3fc134"
  },
  "248316aa-d180-499c-8722-5e1e33250ede":{
    "bboxes":[
      [
        0.20414371,
        0.27564063,
        0.13794095,
        0.11957651
      ]
    ],
    "labels":[
      "three2"
    ],
    "leading_hand":"right",
    "leading_conf":1.0,
    "user_id":"239b6ed338a25227c1961acbbe486a55"
  },
  "264cfa85-6874-41fe-a86e-a583fcd37f35":{
    "bboxes":[
      [
        0.20367057,
        0.39770456,
        0.16016702,
        0.13629494
      ]
    ],
    "labels":[
      "three2"
    ],
    "leading_hand":"right",
    "leading_conf":1.0,
    "user_id":"a2fd5e7e64dd808fbf0cf1bb757edf18"
  },
  "264e9180-489b-4396-8015-ac4b9a823181":{
    "bboxes":[
      [
        0.21744178,
        0.30344267,
        0.23964444,
        0.22652933
      ]
    ],
    "labels":[
      "three2"
    ],
    "leading_hand":"right",
    "leading_conf":1.0,
    "user_id":"d6f0f4dd8a8ddfed7e07316f3046efc4"
  },
  "268bbaec-f19c-436b-88ec-2519778d9ce8":{
    "bboxes":[
      [
        0.61188069,
        0.39456641,
        0.19175204,
        0.16646788
      ]
    ],
    "labels":[
      "three2"
    ],
    "leading_hand":"left",
    "leading_conf":1.0,
    "user_id":"e114d7d132fe6ecf46913036864a01e2"
  },
  "26de106d-9eef-4417-90e7-3418f417fdb7":{
    "bboxes":[
      [
        0.54505919,
        0.24235043,
        0.09329856,
        0.18856281
      ]
    ],
    "labels":[
      "three2"
    ],
    "leading_hand":"left",
    "leading_conf":1.0,
    "user_id":"3ec9a793cfdf851dded6172628da6aae"
  },
  "26f63046-7988-4781-9d1f-d3209c877fdf":{
    "bboxes":[
      [
        0.25611481,
        0.09864766,
        0.13754863,
        0.20196545
      ]
    ],
    "labels":[
      "three2"
    ],
    "leading_hand":"right",
    "leading_conf":1.0,
    "user_id":"01beae38e32d3ae1adfdf030eee7b5e7"
  },
  "29ad6212-c75e-42d5-843a-7721ca4fcbe1":{
    "bboxes":[
      [
        0.29839123,
        0.47959746,
        0.12698609,
        0.11382628
      ]
    ],
    "labels":[
      "three2"
    ],
    "leading_hand":"right",
    "leading_conf":1.0,
    "user_id":"773a4d8be3ba16698ea285e0ca41d11a"
  },
  "2a50661c-881d-4d16-a17b-ecf66e055445":{
    "bboxes":[
      [
        0.11350407,
        0.30991155,
        0.14257348,
        0.12236191
      ]
    ],
    "labels":[
      "three2"
    ],
    "leading_hand":"right",
    "leading_conf":1.0,
    "user_id":"58d4586129b7e61901dae4b2a27d11e7"
  }
}