{
  "4b479511-704b-44f8-beeb-3b2213a8dd06":{
    "bboxes":[
      [
        0.25340939,
        0.90522063,
        0.07370084,
        0.06857261
      ],
      [
        0.59848791,
        0.4660165,
        0.06085425,
        0.10623609
      ]
    ],
    "labels":[
      "no_gesture",
      "two_up"
    ],
    "leading_hand":"left",
    "leading_conf":1.0,
    "user_id":"a5891c44b33576116fd0e4734d2e0e94"
  },
  "50b1d6a0-78ca-4726-88d8-5f425ded4b0b":{
    "bboxes":[
      [
        0.2407804,
        0.31171353,
        0.26476827,
        0.4129857
      ]
    ],
    "labels":[
      "two_up"
    ],
    "leading_hand":"right",
    "leading_conf":1.0,
    "user_id":"5217348273e7f1f79c9fd0618b5bd5a9"
  },
  "5d7445de-6d12-4eba-b4e9-c757b6c4cb54":{
    "bboxes":[
      [
        0.22235418,
        0.24312833,
        0.17616603,
        0.30093761
      ]
    ],
    "labels":[
      "two_up"
    ],
    "leading_hand":"right",
    "leading_conf":1.0,
    "user_id":"807501b0e669e9fe3240a207b63f2bee"
  },
  "d6018575-1b38-44cf-9945-87c6731bc1c1":{
    "bboxes":[
      [
        0.72723033,
        0.36515241,
        0.1533959,
        0.15454084
      ]
    ],
    "labels":[
      "two_up"
    ],
    "leading_hand":"left",
    "leading_conf":1.0,
    "user_id":"18c633fc6749909a5313c673d32039af"
  },
  "dba6d732-0383-4b3c-800b-bf8b8b9851cd":{
    "bboxes":[
      [
        0.24906428,
        0.26580212,
        0.05331466,
        0.07476095
      ],
      [
        0.54560781,
        0.52255878,
        0.04374993,
        0.05572679
      ]
    ],
    "labels":[
      "two_up",
      "no_gesture"
    ],
    "leading_hand":"right",
    "leading_conf":1.0,
    "user_id":"d8957cf301c6f45d026201261538f198"
  },
  "e1310a60-b118-4def-9ff7-f3e047d1fed0":{
    "bboxes":[
      [
        0.45180893,
        0.36745418,
        0.04405331,
        0.15406205
      ]
    ],
    "labels":[
      "two_up"
    ],
    "leading_hand":"right",
    "leading_conf":0.833333,
    "user_id":"6deaec04d87e7c1fea7c73d3882075f8"
  },
  "ef5c17fc-b8ec-448d-8610-f5e61e2acd1d":{
    "bboxes":[
      [
        0.23647994,
        0.67297858,
        0.06293647,
        0.06623137
      ],
      [
        0.48237851,
        0.42893485,
        0.07523188,
        0.12288782
      ]
    ],
    "labels":[
      "no_gesture",
      "two_up"
    ],
    "leading_hand":"left",
    "leading_conf":1.0,
    "user_id":"98d9fa93d50f59241308405bcd442a5c"
  },
  "f2b7c153-1437-4884-af98-05a98a29586e":{
    "bboxes":[
      [
        0.30540063,
        0.46382921,
        0.11522754,
        0.20755893
      ]
    ],
    "labels":[
      "two_up"
    ],
    "leading_hand":"right",
    "leading_conf":1.0,
    "user_id":"f69a549a2a269b88d7149177dd6d738a"
  },
  "035560fd-9e7d-478f-a398-56ff9c8d940d":{
    "bboxes":[
      [
        0.37853031,
        0.61243425,
        0.06675547,
        0.10409259
      ],
      [
        0.6280682,
        0.96261587,
        0.09060359,
        0.03713061
      ]
    ],
    "labels":[
      "two_up",
      "no_gesture"
    ],
    "leading_hand":"right",
    "leading_conf":1.0,
    "user_id":"773a4d8be3ba16698ea285e0ca41d11a"
  },
  "0409d5c1-8115-4081-b755-cd81cbe167cf":{
    "bboxes":[
      [
        0.73550646,
        0.25637017,
        0.12405806,
        0.17754697
      ]
    ],
    "labels":[
      "two_up"
    ],
    "leading_hand":"left",
    "leading_conf":1.0,
    "user_id":"e41ee011f9bb3526a3d9635b36d19267"
  },
  "049d227d-e94c-448d-b67d-1726df533f9b":{
    "bboxes":[
      [
        0.24214168,
        0.34945889,
        0.13325218,
        0.14950147
      ],
      [
        0.76785342,
        0.91957206,
        0.12728581,
        0.07932389
      ]
    ],
    "labels":[
      "two_up",
      "no_gesture"
    ],
    "leading_hand":"right",
    "leading_conf":1.0,
    "user_id":"b3f76787a0e5f1dc3706980a2ba5b240"
  },
  "075551fe-87ad-4d4a-9567-24b4c6e57c8d":{
    "bboxes":[
      [
        0.37716836,
        0.19317223,
        0.09490649,
        0.16704307
      ],
      [
        0.72581238,
        0.70861571,
        0.12185476,
        0.07916
      ]
    ],
    "labels":[
      "two_up",
      "no_gesture"
    ],
    "leading_hand":"right",
    "leading_conf":1.0,
    "user_id":"83fc7a6e3cc6158f105514b5b28ff88d"
  },
  "0810a4f3-64e2-4261-b4a5-946e7a8be4d9":{
    "bboxes":[
      [
        0.21621038,
        0.42630089,
        0.10628712,
        0.15064492
      ]
    ],
    "labels":[
      "two_up"
    ],
    "leading_hand":"right",
    "leading_conf":1.0,
    "user_id":"b52e639d7f1045797fc9b4c170aadd89"
  },
  "0f8b04a1-fc02-48e1-9c70-19e160650d79":{
    "bboxes":[
      [
        0.15250944,
        0.33487223,
        0.13222049,
        0.18106861
      ]
    ],
    "labels":[
      "two_up"
    ],
    "leading_hand":"right",
    "leading_conf":1.0,
    "user_id":"a65176bd2e9f44f2f175ca8268f7bf02"
  },
  "1526afdc-8d7a-4869-8251-a6d75b73ba1d":{
    "bboxes":[
      [
        0.58803759,
        0.04625296,
        0.25586966,
        0.36200174
      ]
    ],
    "labels":[
      "two_up"
    ],
    "leading_hand":"left",
    "leading_conf":1.0,
    "user_id":"c1ee5ba65fa0f5847493ee9d76f940fa"
  },
  "1b92aee0-83ad-454d-8dca-aa943944368b":{
    "bboxes":[
      [
        0.37108069,
        0.1726982,
        0.07737106,
        0.21568728
      ],
      [
        0.71310058,
        0.86225645,
        0.07373615,
        0.13608037
      ]
    ],
    "labels":[
      "two_up",
      "no_gesture"
    ],
    "leading_hand":"right",
    "leading_conf":1.0,
    "user_id":"3f2123fea1d03e991726d0e5242a062c"
  },
  "1c076ddc-192c-4b41-beb9-060e9f4dfe28":{
    "bboxes":[
      [
        0.23748033,
        0.23027814,
        0.11873324,
        0.15844767
      ]
    ],
    "labels":[
      "two_up"
    ],
    "leading_hand":"right",
    "leading_conf":1.0,
    "user_id":"2e02337302533c84278a9ebc2fa1a988"
  },
  "1cbc34a1-fe24-45d3-94fc-92d866d1f7ac":{
    "bboxes":[
      [
        0.32963886,
        0.16463723,
        0.23697705,
        0.40849879
      ]
    ],
    "labels":[
      "two_up"
    ],
    "leading_hand":"right",
    "leading_conf":1.0,
    "user_id":"84e6392ef79db198415af33e7b2af781"
  },
  "1f64cfdb-e173-4d54-bbac-2c7e29f3772a":{
    "bboxes":[
      [
        0.35135802,
        0.59272912,
        0.04416892,
        0.0501535
      ],
      [
        0.51166245,
        0.38737773,
        0.04551945,
        0.05893599
      ]
    ],
    "labels":[
      "no_gesture",
      "two_up"
    ],
    "leading_hand":"left",
    "leading_conf":1.0,
    "user_id":"dcc4b3ccafa91491b2caea6634adcab8"
  },
  "20e64fdc-40d1-4b1e-a537-f6905268585f":{
    "bboxes":[
      [
        0.72609945,
        0.36846451,
        0.13641206,
        0.2148309
      ]
    ],
    "labels":[
      "two_up"
    ],
    "leading_hand":"left",
    "leading_conf":1.0,
    "user_id":"f29b78ca5e02cfdc734e7fc054f329a9"
  },
  "22d137a0-ef60-4b35-88b8-6075193d89e0":{
    "bboxes":[
      [
        0.40708637,
        0.53956374,
        0.04396887,
        0.13425994
      ]
    ],
    "labels":[
      "two_up"
    ],
    "leading_hand":"left",
    "leading_conf":1.0,
    "user_id":"3af198e82bc14aefffb54eef8d94520b"
  },
  "275c8bdc-cac9-4939-95bb-8554aafe7669":{
    "bboxes":[
      [
        0.57215301,
        0.25046066,
        0.05524734,
        0.17011419
      ]
    ],
    "labels":[
      "two_up"
    ],
    "leading_hand":"left",
    "leading_conf":1.0,
    "user_id":"f4d2b6e26138a8a901e38f8f523663ed"
  },
  "3c55506f-0910-4a92-b432-99924be717e0":{
    "bboxes":[
      [
        0.10410766,
        0.78852771,
        0.09817273,
        0.11527491
      ],
      [
        0.54883433,
        0.30554556,
        0.0746688,
        0.12241013
      ]
    ],
    "labels":[
      "no_gesture",
      "two_up"
    ],
    "leading_hand":"left",
    "leading_conf":1.0,
    "user_id":"12281cd485b58d70b52e1dc02fea69dc"
  },
  "420c8de8-3a27-4569-b6d6-09693334cca6":{
    "bboxes":[
      [
        0.22245959,
        0.32372204,
        0.1636152,
        0.25735085
      ]
    ],
    "labels":[
      "two_up"
    ],
    "leading_hand":"right",
    "leading_conf":1.0,
    "user_id":"00f50ce73b94d8946934c37f8e132db4"
  },
  "46d32098-ac7e-4512-8811-27ee366ba687":{
    "bboxes":[
      [
        0.39089737,
        0.28622408,
        0.09742591,
        0.24853079
      ]
    ],
    "labels":[
      "two_up"
    ],
    "leading_hand":"right",
    "leading_conf":1.0,
    "user_id":"c86ce28bba5880e570ba23eced873902"
  },
  "4befef33-8307-4b03-9744-bd836800e345":{
    "bboxes":[
      [
        0.5660615,
        0.36099617,
        0.13286761,
        0.22063704
      ]
    ],
    "labels":[
      "two_up"
    ],
    "leading_hand":"left",
    "leading_conf":1.0,
    "user_id":"ae0743f37570e315e51c04ee05cbf55b"
  },
  "4f22cf57-2d43-406b-a3e0-00cc07a54319":{
    "bboxes":[
      [
        0.63934236,
        0.15816817,
        0.19073892,
        0.28643387
      ]
    ],
    "labels":[
      "two_up"
    ],
    "leading_hand":"left",
    "leading_conf":1.0,
    "user_id":"acff3e413b49411ea865ba23dc387ec7"
  },
  "5005f505-2ab6-4fb0-9789-32e9dbc7f874":{
    "bboxes":[
      [
        0.27502069,
        0.28350888,
        0.12131403,
        0.19792493
      ],
      [
        0.4955461,
        0.79699294,
        0.1518366,
        0.09374485
      ]
    ],
    "labels":[
      "two_up",
      "no_gesture"
    ],
    "leading_hand":"right",
    "leading_conf":1.0,
    "user_id":"d3ff471f7e113274d7281a9583c50e09"
  },
  "504e9294-9f63-49eb-a261-9ddce6de97a6":{
    "bboxes":[
      [
        0.76075231,
        0.31982868,
        0.19305676,
        0.29508243
      ]
    ],
    "labels":[
      "two_up"
    ],
    "leading_hand":"left",
    "leading_conf":1.0,
    "user_id":"12e11f0e264000c113e1901bf9df49c4"
  },
  "59d3bf79-9774-4bff-a32f-4a962c0b864b":{
    "bboxes":[
      [
        0.56089959,
        0.36176176,
        0.0864614,
        0.1421289
      ]
    ],
    "labels":[
      "two_up"
    ],
    "leading_hand":"left",
    "leading_conf":1.0,
    "user_id":"6eaf337c0d9f30d84c9e89071e8e50a5"
  },
  "5aff47ad-b759-401b-ba90-9b77a8265f1d":{
    "bboxes":[
      [
        0.27331003,
        0.38457858,
        0.07981775,
        0.12052439
      ],
      [
        0.764752,
        0.6995293,
        0.14077637,
        0.06698265
      ]
    ],
    "labels":[
      "two_up",
      "no_gesture"
    ],
    "leading_hand":"right",
    "leading_conf":1.0,
    "user_id":"9416ecd9fc0094cdb448f10da2ed81c2"
  },
  "5cb21a04-a696-4218-8360-42579db02a5a":{
    "bboxes":[
      [
        0.3834292,
        0.31731487,
        0.07324749,
        0.11953291
      ],
      [
        0.71604573,
        0.71059283,
        0.07227658,
        0.10610071
      ]
    ],
    "labels":[
      "two_up",
      "no_gesture"
    ],
    "leading_hand":"right",
    "leading_conf":1.0,
    "user_id":"65ef8accabffa48fab10b627fbe53cf6"
  },
  "5d7aed21-f8f1-4423-9943-91a5d15a1859":{
    "bboxes":[
      [
        0.33716361,
        0.63012882,
        0.03083081,
        0.04064023
      ],
      [
        0.46887532,
        0.44425974,
        0.03693483,
        0.05563127
      ]
    ],
    "labels":[
      "no_gesture",
      "two_up"
    ],
    "leading_hand":"left",
    "leading_conf":1.0,
    "user_id":"84c6fa906e9d2f8caba660665df0e062"
  },
  "6686ff17-938c-404b-b978-2a6508d4eaba":{
    "bboxes":[
      [
        0.40839077,
        0.40814309,
        0.05748999,
        0.08869381
      ],
      [
        0.75262806,
        0.71357012,
        0.06798894,
        0.07778878
      ]
    ],
    "labels":[
      "two_up",
      "no_gesture"
    ],
    "leading_hand":"right",
    "leading_conf":1.0,
    "user_id":"51db8e5fc182ceaf35ad4d908f24e2eb"
  },
  "6a6cdf8a-3047-4d32-a96f-d70c6b1a5ac5":{
    "bboxes":[
      [
        0.25100277,
        0.52501783,
        0.11859177,
        0.12296474
      ],
      [
        0.69834617,
        0.88827039,
        0.08616706,
        0.10096028
      ]
    ],
    "labels":[
      "two_up",
      "no_gesture"
    ],
    "leading_hand":"right",
    "leading_conf":1.0,
    "user_id":"9dfe0569bd9c01c1d5883e4ac9bff080"
  },
  "703f9180-f6f1-4ad8-9807-f81bb2121f2b":{
    "bboxes":[
      [
        0.38194154,
        0.63303604,
        0.04106415,
        0.06316835
      ],
      [
        0.61120638,
        0.41992808,
        0.039611,
        0.06973006
      ]
    ],
    "labels":[
      "no_gesture",
      "two_up"
    ],
    "leading_hand":"left",
    "leading_conf":0.8,
    "user_id":"4f166e65fd7f8ef8929b1db43e137464"
  },
  "71d7f2cf-a43c-453b-9ca8-e18ace2bed42":{
    "bboxes":[
      [
        0.5747348,
        0.28220393,
        0.20361443,
        0.24734339
      ]
    ],
    "labels":[
      "two_up"
    ],
    "leading_hand":"left",
    "leading_conf":1.0,
    "user_id":"83c944bc871682a3a9900679c69c62c5"
  },
  "76150f01-7134-4356-baa5-0724cc818d1d":{
    "bboxes":[
      [
        0.11183537,
        0.89314276,
        0.32997206,
        0.10507152
      ],
      [
        0.45624619,
        0.25511518,
        0.22491846,
        0.22361492
      ]
    ],
    "labels":[
      "no_gesture",
      "two_up"
    ],
    "leading_hand":"left",
    "leading_conf":1.0,
    "user_id":"8bfb1310ad917a41595d998d0800e1c3"
  },
  "7836a824-0a8c-43b8-a1f5-70690ef77203":{
    "bboxes":[
      [
        0.44105274,
        0.41038752,
        0.0354197,
        0.09802869
      ]
    ],
    "labels":[
      "two_up"
    ],
    "leading_hand":"right",
    "leading_conf":1.0,
    "user_id":"2531843ec542b1bf5af7d50afe110697"
  },
  "7aefca03-2ca8-4d6c-8a6f-73f5d954cd2c":{
    "bboxes":[
      [
        0.42104031,
        0.38338552,
        0.04457573,
        0.14592128
      ]
    ],
    "labels":[
      "two_up"
    ],
    "leading_hand":"right",
    "leading_conf":0.8,
    "user_id":"74e25779158c14d648e853a57685c0d0"
  },
  "7b0fe301-54c0-4ecb-9082-e5aaca64e7fe":{
    "bboxes":[
      [
        0.27356517,
        0.5004672,
        0.07018965,
        0.11262751
      ],
      [
        0.61740831,
        0.93200102,
        0.07157074,
        0.06753564
      ]
    ],
    "labels":[
      "two_up",
      "no_gesture"
    ],
    "leading_hand":"right",
    "leading_conf":1.0,
    "user_id":"ad09d075d37b62d4e41a81a3c5c9e2e7"
  },
  "80528356-4a87-46a5-bca3-7ebc7519fce0":{
    "bboxes":[
      [
        0.44784314,
        0.30315932,
        0.07501001,
        0.22033056
      ]
    ],
    "labels":[
      "two_up"
    ],
    "leading_hand":"right",
    "leading_conf":1.0,
    "user_id":"76a55d717b4b1fff3add56f1216cfbfa"
  },
  "8235ae5b-ebae-45da-8142-9d2c9bb144ab":{
    "bboxes":[
      [
        0.64334926,
        0.42932172,
        0.10645638,
        0.14847481
      ]
    ],
    "labels":[
      "two_up"
    ],
    "leading_hand":"left",
    "leading_conf":1.0,
    "user_id":"7523eeb977531d0361b59fb0d7698b5a"
  },
  "83552380-ba5b-4e9f-bbf2-f3b5705ce077":{
    "bboxes":[
      [
        0.2936679,
        0.32230483,
        0.08737771,
        0.13452873
      ],
      [
        0.61567698,
        0.79812302,
        0.08106008,
        0.0965159
      ]
    ],
    "labels":[
      "two_up",
      "no_gesture"
    ],
    "leading_hand":"right",
    "leading_conf":0.8,
    "user_id":"e1de884760ddbe0d703516908e053128"
  },
  "8ae4000b-a65f-4bea-90c4-cf101869d87f":{
    "bboxes":[
      [
        0.62805057,
        0.31891298,
        0.11156406,
        0.18285935
      ]
    ],
    "labels":[
      "two_up"
    ],
    "leading_hand":"left",
    "leading_conf":1.0,
    "user_id":"c59a17eba4217af0596962697473aa99"
  },
  "8b8ee678-d5ee-48da-97d4-79c5949a9319":{
    "bboxes":[
      [
        0.17306888,
        0.70368224,
        0.0822,
        0.09315
      ],
      [
        0.59491476,
        0.16523271,
        0.11191,
        0.18837802
      ]
    ],
    "labels":[
      "no_gesture",
      "two_up"
    ],
    "leading_hand":"left",
    "leading_conf":1.0,
    "user_id":"5598bd0d6d6846e442a0e3435f9b1306"
  },
  "909e0cd6-ddad-48d2-973b-3ef261936ff0":{
    "bboxes":[
      [
        0.3620812,
        0.41843346,
        0.05969514,
        0.09330333
      ],
      [
        0.68660344,
        0.78957446,
        0.04829233,
        0.08364853
      ]
    ],
    "labels":[
      "two_up",
      "no_gesture"
    ],
    "leading_hand":"right",
    "leading_conf":1.0,
    "user_id":"d64260fb7e136401f3376d1c5627a51a"
  },
  "91423f22-13e1-4e46-9373-f355ac422939":{
    "bboxes":[
      [
        0.32917395,
        0.32187011,
        0.09908694,
        0.17810025
      ]
    ],
    "labels":[
      "two_up"
    ],
    "leading_hand":"right",
    "leading_conf":1.0,
    "user_id":"edcd52d8a8098dc550b93d979f4e3dfb"
  },
  "927bf8ae-b3af-4752-b933-e8e9df1acc16":{
    "bboxes":[
      [
        0.26169574,
        0.24919293,
        0.10300231,
        0.18290809
      ],
      [
        0.46300254,
        0.3855835,
        0.13339101,
        0.10671651
      ]
    ],
    "labels":[
      "two_up",
      "no_gesture"
    ],
    "leading_hand":"right",
    "leading_conf":1.0,
    "user_id":"d98cb97e803bad72223fdfb4aea208a2"
  },
  "9c8715ab-ee07-4c2e-8a54-eb893a156662":{
    "bboxes":[
      [
        0.63148495,
        0.32610796,
        0.10422101,
        0.16444499
      ]
    ],
    "labels":[
      "two_up"
    ],
    "leading_hand":"left",
    "leading_conf":1.0,
    "user_id":"636d3b968ba92ac853c759be304a9243"
  },
  "a93f4fc2-8f63-42d6-b0d0-1d681c793705":{
    "bboxes":[
      [
        0.39662619,
        0.37899732,
        0.07967165,
        0.19933233
      ]
    ],
    "labels":[
      "two_up"
    ],
    "leading_hand":"right",
    "leading_conf":1.0,
    "user_id":"8cff06a362ad18bea31bc54210927e12"
  },
  "b1eac1c7-a0f8-4b5e-b12a-0a0d08f07da1":{
    "bboxes":[
      [
        0.24354291,
        0.29800497,
        0.08454844,
        0.21071189
      ]
    ],
    "labels":[
      "two_up"
    ],
    "leading_hand":"right",
    "leading_conf":1.0,
    "user_id":"825a31f3a6c1347bab8bc9bcbc2d121b"
  },
  "b649b378-e921-4d02-9fd8-c0fe830c6be5":{
    "bboxes":[
      [
        0.72025163,
        0.22236739,
        0.14781212,
        0.23367615
      ]
    ],
    "labels":[
      "two_up"
    ],
    "leading_hand":"left",
    "leading_conf":1.0,
    "user_id":"58c777ae20cd8743cdb1678ed0902576"
  },
  "bc0f3373-1d2f-4254-9747-d11c1c6ede25":{
    "bboxes":[
      [
        0.48026999,
        0.30034344,
        0.08084287,
        0.21173944
      ]
    ],
    "labels":[
      "two_up"
    ],
    "leading_hand":"left",
    "leading_conf":1.0,
    "user_id":"e64d11893a6c513ebf34358f1b8d3d02"
  },
  "c19ae2be-355b-4c7e-8a9b-bdcd8b67a24b":{
    "bboxes":[
      [
        0.46163861,
        0.60262661,
        0.05463419,
        0.08349898
      ]
    ],
    "labels":[
      "two_up"
    ],
    "leading_hand":"right",
    "leading_conf":1.0,
    "user_id":"4a4e86e6e8219118108cce4976773ff0"
  },
  "c1e7b863-ab00-4cf3-bdae-cc4d848789b5":{
    "bboxes":[
      [
        0.28373458,
        0.82871945,
        0.14082378,
        0.12442014
      ],
      [
        0.66242305,
        0.36096444,
        0.14574886,
        0.22709263
      ]
    ],
    "labels":[
      "no_gesture",
      "two_up"
    ],
    "leading_hand":"left",
    "leading_conf":1.0,
    "user_id":"613ddbcff31da14e7b1fa5686b0efa55"
  },
  "c2bbdc6e-b682-4137-8b30-4201e23ce04f":{
    "bboxes":[
      [
        0.23641635,
        0.3242736,
        0.15637746,
        0.26521895
      ]
    ],
    "labels":[
      "two_up"
    ],
    "leading_hand":"right",
    "leading_conf":1.0,
    "user_id":"e2a7c3bef3cfdcb51afc7734cba4ed7f"
  },
  "c2fd6279-e0dc-4633-9e96-ebc609a01a28":{
    "bboxes":[
      [
        0.24297167,
        0.66599356,
        0.09605012,
        0.11536525
      ],
      [
        0.67102381,
        0.2215588,
        0.08612942,
        0.12416618
      ]
    ],
    "labels":[
      "no_gesture",
      "two_up"
    ],
    "leading_hand":"left",
    "leading_conf":1.0,
    "user_id":"0efdcdf9f27a66d0f02bdbc48a018986"
  },
  "cba847bb-17b1-48b3-98cb-b8a58393670f":{
    "bboxes":[
      [
        0.63427732,
        0.19508331,
        0.14089899,
        0.19987677
      ]
    ],
    "labels":[
      "two_up"
    ],
    "leading_hand":"left",
    "leading_conf":1.0,
    "user_id":"25451a9d0b37de4bbb7ae4c846512548"
  },
  "cbeaad07-262c-4553-b276-39eefcf2e7e1":{
    "bboxes":[
      [
        0.65471367,
        0.28677641,
        0.15384022,
        0.26670903
      ]
    ],
    "labels":[
      "two_up"
    ],
    "leading_hand":"left",
    "leading_conf":1.0,
    "user_id":"f5cef030c01e0d4e4963ed6bc6cfd346"
  },
  "ce955d71-833c-478b-9b59-a927d8f0cbcc":{
    "bboxes":[
      [
        0.15632882,
        0.3010247,
        0.10728846,
        0.1590506
      ],
      [
        0.61051003,
        0.85991818,
        0.0881831,
        0.13946753
      ]
    ],
    "labels":[
      "two_up",
      "no_gesture"
    ],
    "leading_hand":"right",
    "leading_conf":1.0,
    "user_id":"29d0894775fb8a82ba5ff732738a6a99"
  },
  "d405368c-4738-4a91-b5fa-39819bec229a":{
    "bboxes":[
      [
        0.27161583,
        0.17628447,
        0.11625997,
        0.21015324
      ]
    ],
    "labels":[
      "two_up"
    ],
    "leading_hand":"right",
    "leading_conf":1.0,
    "user_id":"eeb7868515b1880a54e35fee39bfc263"
  },
  "d643cb5c-ccb8-442b-9d97-7abfe43fa117":{
    "bboxes":[
      [
        0.36142722,
        0.36543238,
        0.08845967,
        0.14490194
      ],
      [
        0.59171334,
        0.81909638,
        0.10553578,
        0.09814979
      ]
    ],
    "labels":[
      "two_up",
      "no_gesture"
    ],
    "leading_hand":"right",
    "leading_conf":1.0,
    "user_id":"7fc927b84b01221049b27353c6eb3bee"
  },
  "dda15de4-f80a-40b4-af5b-7039b5e17c75":{
    "bboxes":[
      [
        0.65580109,
        0.44173534,
        0.10422268,
        0.16641646
      ]
    ],
    "labels":[
      "two_up"
    ],
    "leading_hand":"left",
    "leading_conf":1.0,
    "user_id":"bc4c6e2a450d2de51262107a5072312d"
  },
  "dfbda925-2ae9-4df2-b88d-8fdb28b1caeb":{
    "bboxes":[
      [
        0.37653548,
        0.40449877,
        0.03851739,
        0.12770034
      ],
      [
        0.5618285,
        0.90724645,
        0.0382986,
        0.09204926
      ]
    ],
    "labels":[
      "two_up",
      "no_gesture"
    ],
    "leading_hand":"right",
    "leading_conf":1.0,
    "user_id":"734b7f1354a6c76a37ad9172c35d824e"
  },
  "e4b10493-60c2-4821-b101-06ab245478ae":{
    "bboxes":[
      [
        0.30208663,
        0.30044916,
        0.20050756,
        0.27512256
      ]
    ],
    "labels":[
      "two_up"
    ],
    "leading_hand":"right",
    "leading_conf":1.0,
    "user_id":"cc974d798b39440e5a349597993b0126"
  },
  "ef45831a-5c5f-4570-93f9-570d9ce35010":{
    "bboxes":[
      [
        0.27204349,
        0.30361805,
        0.15139058,
        0.24004025
      ]
    ],
    "labels":[
      "two_up"
    ],
    "leading_hand":"right",
    "leading_conf":1.0,
    "user_id":"e1bb00445f43414e842ddf289443af39"
  },
  "f09accec-08ee-476f-af5f-8020c77bdc6a":{
    "bboxes":[
      [
        0.20217814,
        0.21028472,
        0.15336952,
        0.21774375
      ]
    ],
    "labels":[
      "two_up"
    ],
    "leading_hand":"right",
    "leading_conf":1.0,
    "user_id":"92758fb7548bae29730d77605cc1ae98"
  },
  "f1bc444d-9d1e-475d-9c26-ac24e2cf1155":{
    "bboxes":[
      [
        0.21477521,
        0.24085537,
        0.12024655,
        0.29135275
      ]
    ],
    "labels":[
      "two_up"
    ],
    "leading_hand":"right",
    "leading_conf":1.0,
    "user_id":"96abfc8d1eed10023a7668cb0ece9043"
  },
  "f1ff947f-e44a-4456-92e4-6152e6bfde2a":{
    "bboxes":[
      [
        0.39082999,
        0.41913045,
        0.06617119,
        0.19190648
      ],
      [
        0.53981751,
        0.32411372,
        0.12703167,
        0.17400296
      ]
    ],
    "labels":[
      "two_up",
      "no_gesture"
    ],
    "leading_hand":"right",
    "leading_conf":1.0,
    "user_id":"1a03a5911195f7729b8e8b0c3dc99df5"
  },
  "f407a51b-0e79-4bc6-a611-6e97df794784":{
    "bboxes":[
      [
        0.08557931,
        0.34330052,
        0.18341283,
        0.24436172
      ],
      [
        0.87433625,
        0.85659669,
        0.11022995,
        0.14044165
      ]
    ],
    "labels":[
      "two_up",
      "no_gesture"
    ],
    "leading_hand":"right",
    "leading_conf":1.0,
    "user_id":"02336c2a6c0ad866b0d8bcf254088e38"
  },
  "f66f4adb-9849-4160-97db-5cd19f1caffe":{
    "bboxes":[
      [
        0.72551828,
        0.53655783,
        0.06734088,
        0.10553541
      ]
    ],
    "labels":[
      "two_up"
    ],
    "leading_hand":"left",
    "leading_conf":1.0,
    "user_id":"fa552fb2e5a47f5c080154b446b5c1a6"
  },
  "f9508fd3-7a6b-4d7e-9385-dd54a88ce456":{
    "bboxes":[
      [
        0.76088008,
        0.38371232,
        0.20287698,
        0.19835545
      ]
    ],
    "labels":[
      "two_up"
    ],
    "leading_hand":"left",
    "leading_conf":1.0,
    "user_id":"0725c05c882354ffb2f1e6ae10061ad4"
  },
  "fc07c33f-354b-497c-88cf-269be876e3b7":{
    "bboxes":[
      [
        0.26198248,
        0.40458297,
        0.12518081,
        0.21297266
      ]
    ],
    "labels":[
      "two_up"
    ],
    "leading_hand":"right",
    "leading_conf":1.0,
    "user_id":"f3039dfb9f7e271bb834181f067f31bb"
  },
  "00e1e26a-ddac-4a6e-849e-9484e34548b0":{
    "bboxes":[
      [
        0.32704823,
        0.72000842,
        0.06350133,
        0.05538897
      ],
      [
        0.6506513,
        0.34661965,
        0.06469733,
        0.1179516
      ]
    ],
    "labels":[
      "no_gesture",
      "two_up"
    ],
    "leading_hand":"left",
    "leading_conf":1.0,
    "user_id":"6f00887e023a126f0b17ac8396b88995"
  },
  "0131f2a8-82a0-442a-ba13-42415e52ac0a":{
    "bboxes":[
      [
        0.38826444,
        0.39412203,
        0.04484923,
        0.04723741
      ]
    ],
    "labels":[
      "two_up"
    ],
    "leading_hand":"right",
    "leading_conf":0.833333,
    "user_id":"4d46522f1cd4249af59ec04aaaee086c"
  },
  "02733530-7c6a-46fe-97ff-75c582705c76":{
    "bboxes":[
      [
        0.35586156,
        0.69515877,
        0.17771806,
        0.15705894
      ],
      [
        0.55794239,
        0.17915447,
        0.10389231,
        0.18110379
      ]
    ],
    "labels":[
      "no_gesture",
      "two_up"
    ],
    "leading_hand":"left",
    "leading_conf":1.0,
    "user_id":"117af74d1412d551e6eb08b5be9d6257"
  },
  "0310d0ef-c7a1-4eb9-b090-b10a381eef30":{
    "bboxes":[
      [
        0.30167376,
        0.82721316,
        0.06053988,
        0.07942415
      ],
      [
        0.6249036,
        0.52081368,
        0.05788429,
        0.09316147
      ]
    ],
    "labels":[
      "no_gesture",
      "two_up"
    ],
    "leading_hand":"left",
    "leading_conf":1.0,
    "user_id":"9dc25e8bfeeaef93a444938120063994"
  },
  "03269372-3c14-4d50-bec0-be9e963733fb":{
    "bboxes":[
      [
        0.35759473,
        0.43357019,
        0.04653223,
        0.06455287
      ],
      [
        0.57832034,
        0.67750078,
        0.04664278,
        0.04705359
      ]
    ],
    "labels":[
      "two_up",
      "no_gesture"
    ],
    "leading_hand":"right",
    "leading_conf":1.0,
    "user_id":"5910f81f5836bd0f32ee48b1adf537bd"
  },
  "03505293-bf8d-43f1-89e1-386cb024aee6":{
    "bboxes":[
      [
        0.21155153,
        0.24262009,
        0.09498982,
        0.16089435
      ],
      [
        0.69342727,
        0.74296805,
        0.0917202,
        0.10463733
      ]
    ],
    "labels":[
      "two_up",
      "no_gesture"
    ],
    "leading_hand":"right",
    "leading_conf":1.0,
    "user_id":"a3bdc52a487dc6aa89850f5209be4fb1"
  },
  "0353ffbc-bdbb-4a22-9422-b9101d978c76":{
    "bboxes":[
      [
        0.27267532,
        0.40346811,
        0.07434656,
        0.09993788
      ],
      [
        0.64974623,
        0.74902012,
        0.05426943,
        0.0666121
      ]
    ],
    "labels":[
      "two_up",
      "no_gesture"
    ],
    "leading_hand":"right",
    "leading_conf":1.0,
    "user_id":"4c220febe043cd574337021403674272"
  },
  "04220214-7b68-47db-885f-c76d7bc75aca":{
    "bboxes":[
      [
        0.31238335,
        0.51271418,
        0.05239984,
        0.09422545
      ],
      [
        0.55668322,
        0.88225841,
        0.06144559,
        0.09583999
      ]
    ],
    "labels":[
      "two_up",
      "no_gesture"
    ],
    "leading_hand":"right",
    "leading_conf":1.0,
    "user_id":"cf3fe5950b43eed3debc24220a386348"
  },
  "04e5aff9-7b4d-45b1-8914-9feed80262e0":{
    "bboxes":[
      [
        0.57723407,
        0.2664104,
        0.08199281,
        0.13721877
      ]
    ],
    "labels":[
      "two_up"
    ],
    "leading_hand":"left",
    "leading_conf":1.0,
    "user_id":"547879450c132492c9ed16712248fc40"
  },
  "0525e34d-a9cf-4d8c-b870-dec901a64be8":{
    "bboxes":[
      [
        0.34279547,
        0.89752518,
        0.09173464,
        0.07994115
      ],
      [
        0.67745232,
        0.48473525,
        0.05942254,
        0.19301254
      ]
    ],
    "labels":[
      "no_gesture",
      "two_up"
    ],
    "leading_hand":"left",
    "leading_conf":1.0,
    "user_id":"7b6b82e5f32e02a0aba636635d68b864"
  },
  "0641c49c-7422-40f1-8977-b7c556b90f1c":{
    "bboxes":[
      [
        0.21812684,
        0.88792515,
        0.11516248,
        0.10887291
      ],
      [
        0.66718624,
        0.37573502,
        0.08358956,
        0.12687328
      ]
    ],
    "labels":[
      "no_gesture",
      "two_up"
    ],
    "leading_hand":"left",
    "leading_conf":1.0,
    "user_id":"25451a9d0b37de4bbb7ae4c846512548"
  },
  "067892b3-1c3c-4914-b9ff-5d67bbf8ec21":{
    "bboxes":[
      [
        0.19808669,
        0.81208483,
        0.10665905,
        0.13791457
      ],
      [
        0.64442653,
        0.25797307,
        0.09035361,
        0.13832579
      ]
    ],
    "labels":[
      "no_gesture",
      "two_up"
    ],
    "leading_hand":"left",
    "leading_conf":1.0,
    "user_id":"25451a9d0b37de4bbb7ae4c846512548"
  },
  "076a6681-5f30-46be-9499-11bcdcfce463":{
    "bboxes":[
      [
        0.41694354,
        0.33753206,
        0.05234802,
        0.09338813
      ]
    ],
    "labels":[
      "two_up"
    ],
    "leading_hand":"right",
    "leading_conf":1.0,
    "user_id":"a13ee26dd254695f4fb3a6628497a3fd"
  },
  "0c0e888b-6289-486f-a4af-c4be342ac29f":{
    "bboxes":[
      [
        0.14817854,
        0.83776047,
        0.08702392,
        0.06428725
      ],
      [
        0.562322,
        0.31622627,
        0.10990025,
        0.14200247
      ]
    ],
    "labels":[
      "no_gesture",
      "two_up"
    ],
    "leading_hand":"left",
    "leading_conf":1.0,
    "user_id":"44656fe8a9c8083dbebd05fc3ce35c42"
  },
  "0cfffc0c-6e0e-43a2-920d-75809e72ac61":{
    "bboxes":[
      [
        0.28820995,
        0.39181521,
        0.0831744,
        0.1342719
      ],
      [
        0.66401249,
        0.88474886,
        0.0937384,
        0.11394217
      ]
    ],
    "labels":[
      "two_up",
      "no_gesture"
    ],
    "leading_hand":"right",
    "leading_conf":1.0,
    "user_id":"430a5341111477e394c3d23f5de1860e"
  },
  "0d3148d5-4f31-40cd-a906-e0905693753f":{
    "bboxes":[
      [
        0.15682683,
        0.23986838,
        0.1011312,
        0.15201567
      ],
      [
        0.60164529,
        0.81545929,
        0.10494473,
        0.13368144
      ]
    ],
    "labels":[
      "two_up",
      "no_gesture"
    ],
    "leading_hand":"right",
    "leading_conf":1.0,
    "user_id":"f7b25bc398c8c30d63b50516804f10c7"
  },
  "0e2da5c9-4bd8-476c-98b0-f32002b29c00":{
    "bboxes":[
      [
        0.29338828,
        0.46837779,
        0.06427301,
        0.05542924
      ],
      [
        0.62357762,
        0.66986664,
        0.0733324,
        0.05281367
      ]
    ],
    "labels":[
      "two_up",
      "no_gesture"
    ],
    "leading_hand":"right",
    "leading_conf":1.0,
    "user_id":"b6efd81a9d88dfd5ee7d18b4336af49e"
  },
  "0e67f0ef-6fed-4f8e-8191-317020eb35b0":{
    "bboxes":[
      [
        0.35706429,
        0.63393613,
        0.04883119,
        0.07287727
      ],
      [
        0.63571813,
        0.32181126,
        0.05733091,
        0.08942386
      ]
    ],
    "labels":[
      "no_gesture",
      "two_up"
    ],
    "leading_hand":"left",
    "leading_conf":1.0,
    "user_id":"a12ef41e5ef62878c7f0950c1c8b7498"
  },
  "0ea47987-b5e5-481b-a1db-6fe2bffe476d":{
    "bboxes":[
      [
        0.41863402,
        0.72642154,
        0.03305082,
        0.04309607
      ],
      [
        0.57815059,
        0.51446335,
        0.03522243,
        0.04933542
      ]
    ],
    "labels":[
      "no_gesture",
      "two_up"
    ],
    "leading_hand":"left",
    "leading_conf":1.0,
    "user_id":"67df730afbacdb55fe7d5bc4e2f251b0"
  },
  "0ea9d994-c7c4-4dfe-b1e5-68c5420c94f1":{
    "bboxes":[
      [
        0.35399604,
        0.25819007,
        0.03640479,
        0.12290669
      ]
    ],
    "labels":[
      "two_up"
    ],
    "leading_hand":"right",
    "leading_conf":1.0,
    "user_id":"a6ef35303f62878721764492afd16350"
  },
  "0f184ee9-20f8-4ea4-b720-3357b42fd533":{
    "bboxes":[
      [
        0.24413238,
        0.33042415,
        0.12069156,
        0.17485267
      ]
    ],
    "labels":[
      "two_up"
    ],
    "leading_hand":"right",
    "leading_conf":1.0,
    "user_id":"76bef8757fe6c3f7f4bd073b9db97d04"
  },
  "0f5762d2-c55c-4fc3-89dd-bf60b63fb295":{
    "bboxes":[
      [
        0.14834483,
        0.6438953,
        0.13205238,
        0.11275131
      ],
      [
        0.69522097,
        0.15339561,
        0.15115801,
        0.16029723
      ]
    ],
    "labels":[
      "no_gesture",
      "two_up"
    ],
    "leading_hand":"left",
    "leading_conf":1.0,
    "user_id":"057ec4717b390374fd014fcb411370c1"
  },
  "0fe9b538-58b2-49f8-94e3-803055af51ed":{
    "bboxes":[
      [
        0.40439498,
        0.37759043,
        0.04674041,
        0.05568941
      ],
      [
        0.63471703,
        0.52737611,
        0.04112159,
        0.0425292
      ]
    ],
    "labels":[
      "two_up",
      "no_gesture"
    ],
    "leading_hand":"right",
    "leading_conf":1.0,
    "user_id":"4d46522f1cd4249af59ec04aaaee086c"
  },
  "1070f392-2755-4697-8546-f23678af591e":{
    "bboxes":[
      [
        0.31793481,
        0.39238059,
        0.07906366,
        0.12713842
      ]
    ],
    "labels":[
      "two_up"
    ],
    "leading_hand":"right",
    "leading_conf":1.0,
    "user_id":"b6a8a222110847e999dc611254d573f5"
  },
  "11669d83-9430-4384-9637-eb7b6a3bbce0":{
    "bboxes":[
      [
        0.34272656,
        0.22253218,
        0.03991713,
        0.10749091
      ],
      [
        0.48463314,
        0.56906647,
        0.03687319,
        0.09159883
      ]
    ],
    "labels":[
      "two_up",
      "no_gesture"
    ],
    "leading_hand":"right",
    "leading_conf":1.0,
    "user_id":"20d24f239ee0875204899589960731bb"
  },
  "124091dd-8355-4ce2-8122-9d26229a617b":{
    "bboxes":[
      [
        0.39139496,
        0.58121338,
        0.04673887,
        0.04770563
      ],
      [
        0.61195343,
        0.32570691,
        0.05143328,
        0.06422398
      ]
    ],
    "labels":[
      "no_gesture",
      "two_up"
    ],
    "leading_hand":"left",
    "leading_conf":1.0,
    "user_id":"eff934538c841db309f1445ec065a1c3"
  }
}