{
  "205f9782-6840-44d1-be1c-6cff087447af":{
    "bboxes":[
      [
        0.45760896,
        0.52307495,
        0.04028831,
        0.0533846
      ],
      [
        0.57310596,
        0.75076771,
        0.04396602,
        0.05344231
      ]
    ],
    "labels":[
      "two_up_inverted",
      "no_gesture"
    ],
    "leading_hand":"right",
    "leading_conf":1.0,
    "user_id":"fa866e18914b72c557e401c7b5cfbe45"
  },
  "2864bf2c-800b-4e18-83a5-3ed1018a8fc8":{
    "bboxes":[
      [
        0.1395293,
        0.20288671,
        0.14384212,
        0.23566188
      ],
      [
        0.65278363,
        0.82152353,
        0.13836866,
        0.15561225
      ]
    ],
    "labels":[
      "two_up_inverted",
      "no_gesture"
    ],
    "leading_hand":"right",
    "leading_conf":1.0,
    "user_id":"0a11cee03dabe0509086a219031b5811"
  },
  "65c78c9d-7bfa-45e8-b168-93fc1e50e5cb":{
    "bboxes":[
      [
        0.36687858,
        0.23164603,
        0.07696585,
        0.28071978
      ]
    ],
    "labels":[
      "two_up_inverted"
    ],
    "leading_hand":"right",
    "leading_conf":1.0,
    "user_id":"5fff49af5013a36fe8adba17f8cc1441"
  },
  "8ef676e1-279b-45ed-954a-da5141812fce":{
    "bboxes":[
      [
        0.37117954,
        0.7701047,
        0.03725561,
        0.04966303
      ],
      [
        0.52924158,
        0.51974676,
        0.04662201,
        0.06169771
      ]
    ],
    "labels":[
      "no_gesture",
      "two_up_inverted"
    ],
    "leading_hand":"left",
    "leading_conf":1.0,
    "user_id":"a07b23e0d96baa07d950e2a8a4a22392"
  },
  "c8d5d5e7-60d9-4b93-9a52-85e9d6bee8e0":{
    "bboxes":[
      [
        0.39078388,
        0.3442645,
        0.03818737,
        0.05472524
      ],
      [
        0.50734568,
        0.53714284,
        0.03463748,
        0.03178863
      ]
    ],
    "labels":[
      "two_up_inverted",
      "no_gesture"
    ],
    "leading_hand":"right",
    "leading_conf":1.0,
    "user_id":"c26c90ea5badd5659ced3a6f7e3186ab"
  },
  "d183ff86-f56d-4b64-aeb6-eeea9a84ddd3":{
    "bboxes":[
      [
        0.70243551,
        0.49150823,
        0.14066719,
        0.10956816
      ]
    ],
    "labels":[
      "two_up_inverted"
    ],
    "leading_hand":"left",
    "leading_conf":1.0,
    "user_id":"0057c6b314e02ce3d5021999839d6a0e"
  },
  "da1d44fd-c31e-496d-a5ac-5a162dc7396a":{
    "bboxes":[
      [
        0.4554375,
        0.85581452,
        0.07226394,
        0.09086815
      ],
      [
        0.53902654,
        0.42720793,
        0.06669175,
        0.16694311
      ]
    ],
    "labels":[
      "no_gesture",
      "two_up_inverted"
    ],
    "leading_hand":"left",
    "leading_conf":1.0,
    "user_id":"3af198e82bc14aefffb54eef8d94520b"
  },
  "0081c8a1-cab0-4710-bcaf-c58377ab5fd5":{
    "bboxes":[
      [
        0.36236837,
        0.41974794,
        0.09013907,
        0.1514006
      ]
    ],
    "labels":[
      "two_up_inverted"
    ],
    "leading_hand":"right",
    "leading_conf":1.0,
    "user_id":"c944a2645f4f5ba346538db04df659c6"
  },
  "0256395c-edec-4aa9-abc3-24fded547d8a":{
    "bboxes":[
      [
        0.32529056,
        0.24871056,
        0.1457613,
        0.21148667
      ]
    ],
    "labels":[
      "two_up_inverted"
    ],
    "leading_hand":"right",
    "leading_conf":1.0,
    "user_id":"d240c2e3156244ec9984432dbe54194e"
  },
  "06874fc0-9ed4-431a-8069-b9de041dd089":{
    "bboxes":[
      [
        0.54732619,
        0.39922479,
        0.02770144,
        0.04099664
      ],
      [
        0.58794231,
        0.38374186,
        0.03579705,
        0.02706339
      ]
    ],
    "labels":[
      "two_up_inverted",
      "no_gesture"
    ],
    "leading_hand":"right",
    "leading_conf":0.6,
    "user_id":"c91ea9968779745bc94df4a024dc6de9"
  },
  "08d5402c-0727-4795-961e-20e2c8cc1148":{
    "bboxes":[
      [
        0.14474534,
        0.32734982,
        0.1058949,
        0.15320586
      ]
    ],
    "labels":[
      "two_up_inverted"
    ],
    "leading_hand":"right",
    "leading_conf":1.0,
    "user_id":"915690d6a1c4c6033de592a3c973b422"
  },
  "0ae441fc-c9e6-4c78-8374-45f4eb49be6b":{
    "bboxes":[
      [
        0.34975936,
        0.17772521,
        0.06332803,
        0.17618509
      ]
    ],
    "labels":[
      "two_up_inverted"
    ],
    "leading_hand":"right",
    "leading_conf":1.0,
    "user_id":"e99e32aed2216cae9a6d93af00a19d15"
  },
  "0af06fe7-93ed-40f0-bfe2-f2c18e44acd8":{
    "bboxes":[
      [
        0.48588852,
        0.52053197,
        0.05649247,
        0.0902162
      ],
      [
        0.70098397,
        0.79099458,
        0.06480867,
        0.05056089
      ]
    ],
    "labels":[
      "two_up_inverted",
      "no_gesture"
    ],
    "leading_hand":"right",
    "leading_conf":1.0,
    "user_id":"486accc6482a0ef794d5cdf0983de2b4"
  },
  "0bac9b85-6fd7-46b2-a24f-237dc7cff3ba":{
    "bboxes":[
      [
        0.54243568,
        0.39162732,
        0.06215049,
        0.15216676
      ]
    ],
    "labels":[
      "two_up_inverted"
    ],
    "leading_hand":"left",
    "leading_conf":1.0,
    "user_id":"3c892e8a9ab05a7febead75f4570ccac"
  },
  "14ed7575-5f52-4728-b0c5-f6ee3580b895":{
    "bboxes":[
      [
        0.25618874,
        0.20024685,
        0.1697977,
        0.29453752
      ]
    ],
    "labels":[
      "two_up_inverted"
    ],
    "leading_hand":"right",
    "leading_conf":1.0,
    "user_id":"2cf784273e054d582aeb6ccc2fac5f54"
  },
  "153af74f-e4e0-4b39-b9bd-96474b224d67":{
    "bboxes":[
      [
        0.38768501,
        0.21436435,
        0.09610982,
        0.14899101
      ],
      [
        0.72549038,
        0.63995161,
        0.0664924,
        0.10730708
      ]
    ],
    "labels":[
      "two_up_inverted",
      "no_gesture"
    ],
    "leading_hand":"right",
    "leading_conf":1.0,
    "user_id":"8897570e61671d86f9e8caa73555b616"
  },
  "19416f9f-027c-490e-9c10-85e6286afe18":{
    "bboxes":[
      [
        0.22916019,
        0.2500804,
        0.12467584,
        0.19852223
      ]
    ],
    "labels":[
      "two_up_inverted"
    ],
    "leading_hand":"right",
    "leading_conf":1.0,
    "user_id":"03c2c0986d9b5e8123a1b428049848a0"
  },
  "1bc47689-d2dd-4eed-a3af-bd6c0a5327f7":{
    "bboxes":[
      [
        0.57262829,
        0.34359005,
        0.17505545,
        0.23925448
      ]
    ],
    "labels":[
      "two_up_inverted"
    ],
    "leading_hand":"left",
    "leading_conf":1.0,
    "user_id":"a7736ba45de5a7f83125630bbbd06052"
  },
  "1c997c2d-d3af-4845-9f74-f6a1ddcb7bf1":{
    "bboxes":[
      [
        0.6820666,
        0.29096631,
        0.1149841,
        0.19018449
      ]
    ],
    "labels":[
      "two_up_inverted"
    ],
    "leading_hand":"left",
    "leading_conf":1.0,
    "user_id":"24cd15c460f1c41f643d9ceae256c07a"
  },
  "1e28a0f7-7f89-4949-bf54-b2bb102da099":{
    "bboxes":[
      [
        0.57054458,
        0.3533167,
        0.12243897,
        0.19851988
      ]
    ],
    "labels":[
      "two_up_inverted"
    ],
    "leading_hand":"left",
    "leading_conf":1.0,
    "user_id":"5445b0b6ea7aa25a438d089ac5a8fcde"
  },
  "1e48bd57-2714-44ad-a5d3-3197c0c5ac93":{
    "bboxes":[
      [
        0.15936495,
        0.25627094,
        0.16855005,
        0.25667737
      ]
    ],
    "labels":[
      "two_up_inverted"
    ],
    "leading_hand":"right",
    "leading_conf":1.0,
    "user_id":"f5d43c9e9cabf705729c9f37fcb1245f"
  },
  "20c0ccd9-d0f9-4430-937f-d610ba8e6881":{
    "bboxes":[
      [
        0.28317511,
        0.32536378,
        0.13434089,
        0.20362425
      ]
    ],
    "labels":[
      "two_up_inverted"
    ],
    "leading_hand":"right",
    "leading_conf":1.0,
    "user_id":"2e900e56b0b0d7fe1c3978e6391fbc91"
  },
  "2189f935-9a18-460b-9228-1db04f7bc2bb":{
    "bboxes":[
      [
        0.31328709,
        0.24057552,
        0.14879373,
        0.22489996
      ]
    ],
    "labels":[
      "two_up_inverted"
    ],
    "leading_hand":"right",
    "leading_conf":1.0,
    "user_id":"a4ab1e07b2f2323cb730b4567026b2b6"
  },
  "21ccf0a3-e3f7-49ab-861b-d99f737dbc8e":{
    "bboxes":[
      [
        0.53557556,
        0.32557622,
        0.15364232,
        0.25597652
      ]
    ],
    "labels":[
      "two_up_inverted"
    ],
    "leading_hand":"left",
    "leading_conf":1.0,
    "user_id":"745b32515bed22ae7d5fa4a4bee66dc6"
  },
  "2740fe4b-54df-4fac-89e0-58c9c7c5b9d9":{
    "bboxes":[
      [
        0.20354996,
        0.79065106,
        0.09638465,
        0.12725349
      ],
      [
        0.65403879,
        0.25087092,
        0.11770487,
        0.1587803
      ]
    ],
    "labels":[
      "no_gesture",
      "two_up_inverted"
    ],
    "leading_hand":"left",
    "leading_conf":1.0,
    "user_id":"12281cd485b58d70b52e1dc02fea69dc"
  },
  "29685b31-5309-4a35-9cbf-577214a9d353":{
    "bboxes":[
      [
        0.2665993,
        0.32926214,
        0.16908665,
        0.27427677
      ]
    ],
    "labels":[
      "two_up_inverted"
    ],
    "leading_hand":"right",
    "leading_conf":1.0,
    "user_id":"72a9cfb25de3a65b3c1f9d01184db9ba"
  },
  "299e2470-b663-4611-a953-a0fb3115e5c0":{
    "bboxes":[
      [
        0.42379725,
        0.35580443,
        0.06986368,
        0.12774904
      ],
      [
        0.56161516,
        0.55738351,
        0.07753567,
        0.06240936
      ]
    ],
    "labels":[
      "two_up_inverted",
      "no_gesture"
    ],
    "leading_hand":"right",
    "leading_conf":1.0,
    "user_id":"e44f1e3a6747ec22d88ef424ef94d97c"
  },
  "2bffe51f-e4ed-42e0-b41c-bec86614336d":{
    "bboxes":[
      [
        0.53463746,
        0.26651513,
        0.1018082,
        0.12547196
      ]
    ],
    "labels":[
      "two_up_inverted"
    ],
    "leading_hand":"left",
    "leading_conf":1.0,
    "user_id":"e30f6d639aa83e9efcac59ab5c01c4d9"
  },
  "305a50d8-5b76-489d-bae0-d799a50f6bab":{
    "bboxes":[
      [
        0.3638707,
        0.65070996,
        0.03420709,
        0.05771456
      ],
      [
        0.51170829,
        0.31288437,
        0.04117107,
        0.08619343
      ]
    ],
    "labels":[
      "no_gesture",
      "two_up_inverted"
    ],
    "leading_hand":"left",
    "leading_conf":1.0,
    "user_id":"80ff56afff61acdc090b464cba4b4fcf"
  },
  "30656faf-d253-4576-9a07-025a0ea7d9f6":{
    "bboxes":[
      [
        0.25216315,
        0.27129284,
        0.15566579,
        0.24014544
      ]
    ],
    "labels":[
      "two_up_inverted"
    ],
    "leading_hand":"right",
    "leading_conf":1.0,
    "user_id":"64630f69f9db381a75cff88987901bff"
  },
  "30ebf9be-edaa-4e38-9133-f5e373feb92d":{
    "bboxes":[
      [
        0.48491135,
        0.20764034,
        0.06615435,
        0.23452868
      ]
    ],
    "labels":[
      "two_up_inverted"
    ],
    "leading_hand":"left",
    "leading_conf":1.0,
    "user_id":"45035cc151f80126ec0eebabfe647bb4"
  },
  "32ac34ce-1555-4f90-adad-290e92430577":{
    "bboxes":[
      [
        0.40082546,
        0.41294366,
        0.08876076,
        0.13637842
      ]
    ],
    "labels":[
      "two_up_inverted"
    ],
    "leading_hand":"right",
    "leading_conf":1.0,
    "user_id":"ca659819fbf6065f3c40b28fef1ef43d"
  },
  "3f2ceb4c-600c-4d18-873f-f561230a30f5":{
    "bboxes":[
      [
        0.2684281,
        0.43047221,
        0.10691224,
        0.15532359
      ],
      [
        0.5497435,
        0.82332997,
        0.16493361,
        0.11347649
      ]
    ],
    "labels":[
      "two_up_inverted",
      "no_gesture"
    ],
    "leading_hand":"right",
    "leading_conf":1.0,
    "user_id":"aea81fe3c4e7ef1051d66a57ebaef221"
  },
  "41624403-b07f-49a7-834f-f439b79ca8b7":{
    "bboxes":[
      [
        0.2135513,
        0.22356921,
        0.15682707,
        0.22631923
      ]
    ],
    "labels":[
      "two_up_inverted"
    ],
    "leading_hand":"right",
    "leading_conf":1.0,
    "user_id":"4e5abd87641894e35b42c2c580d66694"
  },
  "416e722e-c048-4244-9a22-03d3ac9274de":{
    "bboxes":[
      [
        0.26473784,
        0.27575307,
        0.09287072,
        0.1543299
      ]
    ],
    "labels":[
      "two_up_inverted"
    ],
    "leading_hand":"right",
    "leading_conf":1.0,
    "user_id":"683c846a988c829a46901c5f674137d8"
  },
  "45025ebd-2c3a-41b1-8e45-ec45f9de2e5c":{
    "bboxes":[
      [
        0.39319842,
        0.28561615,
        0.14202741,
        0.24403003
      ]
    ],
    "labels":[
      "two_up_inverted"
    ],
    "leading_hand":"right",
    "leading_conf":1.0,
    "user_id":"559f74e6763c19ce3a74317e00d9e843"
  },
  "46dd8883-e2f3-4095-9de2-36a5559aebbc":{
    "bboxes":[
      [
        0.65090078,
        0.33482124,
        0.11632913,
        0.19263264
      ]
    ],
    "labels":[
      "two_up_inverted"
    ],
    "leading_hand":"left",
    "leading_conf":1.0,
    "user_id":"a863240507fb988162b07469c3159c0a"
  },
  "48572a36-3652-4d6a-8666-8dd36f3617aa":{
    "bboxes":[
      [
        0.33049803,
        0.1490292,
        0.07863456,
        0.11480736
      ],
      [
        0.63587811,
        0.52849878,
        0.07517036,
        0.1021219
      ]
    ],
    "labels":[
      "two_up_inverted",
      "no_gesture"
    ],
    "leading_hand":"right",
    "leading_conf":1.0,
    "user_id":"e44f1e3a6747ec22d88ef424ef94d97c"
  },
  "48a64d01-8b6f-4cef-8a06-1a98dd1bcbf8":{
    "bboxes":[
      [
        0.28017122,
        0.17715033,
        0.0755317,
        0.18287484
      ]
    ],
    "labels":[
      "two_up_inverted"
    ],
    "leading_hand":"right",
    "leading_conf":1.0,
    "user_id":"3c892e8a9ab05a7febead75f4570ccac"
  },
  "4aad8165-a5f8-472b-995e-d5ba88cad777":{
    "bboxes":[
      [
        0.51826688,
        0.34569842,
        0.04672015,
        0.07172184
      ]
    ],
    "labels":[
      "two_up_inverted"
    ],
    "leading_hand":"right",
    "leading_conf":1.0,
    "user_id":"5cdd7eb614bc2df9d43097fde63e90cd"
  },
  "4c5944ac-040b-48ca-9baa-f3fe53fd18e4":{
    "bboxes":[
      [
        0.35048452,
        0.49405309,
        0.10901057,
        0.16189538
      ]
    ],
    "labels":[
      "two_up_inverted"
    ],
    "leading_hand":"right",
    "leading_conf":1.0,
    "user_id":"8e5374a65bb49adfc22a2d55c9cd4f66"
  },
  "4e88ae3e-8e4b-441e-91d0-6e154dd8e256":{
    "bboxes":[
      [
        0.08374232,
        0.71628929,
        0.10815447,
        0.07832039
      ],
      [
        0.54973753,
        0.43869085,
        0.05813969,
        0.22071405
      ]
    ],
    "labels":[
      "no_gesture",
      "two_up_inverted"
    ],
    "leading_hand":"left",
    "leading_conf":1.0,
    "user_id":"51c5134ffc53ffdeb4956028ba7678ba"
  },
  "517ed8ad-f936-4b6d-a107-6f8c36214049":{
    "bboxes":[
      [
        0.37887285,
        0.28192561,
        0.12029921,
        0.12585507
      ]
    ],
    "labels":[
      "two_up_inverted"
    ],
    "leading_hand":"right",
    "leading_conf":1.0,
    "user_id":"b8ae1283cb4ca7172dba6a402cbb2412"
  },
  "521317f0-bcb5-46cf-9d92-8bded52cb6db":{
    "bboxes":[
      [
        0.0971139,
        0.24510862,
        0.16751771,
        0.25927998
      ]
    ],
    "labels":[
      "two_up_inverted"
    ],
    "leading_hand":"right",
    "leading_conf":1.0,
    "user_id":"6acc345a2574df7dd7017e48a8c4599a"
  },
  "54422d1f-a721-4376-8ea5-b417b174e82f":{
    "bboxes":[
      [
        0.31995331,
        0.35481804,
        0.07776467,
        0.0711432
      ]
    ],
    "labels":[
      "two_up_inverted"
    ],
    "leading_hand":"right",
    "leading_conf":1.0,
    "user_id":"bf50c9d1a5cda1559850ac3f685a818f"
  },
  "59bfe381-3f68-4ed2-8440-14cf161567cd":{
    "bboxes":[
      [
        0.37673807,
        0.32262929,
        0.09713447,
        0.1673504
      ]
    ],
    "labels":[
      "two_up_inverted"
    ],
    "leading_hand":"right",
    "leading_conf":1.0,
    "user_id":"c73029d5f67ef855b41df5763d1ce4e8"
  },
  "59fb5cc9-a125-4cbf-8105-3efe013f033a":{
    "bboxes":[
      [
        0.30807491,
        0.20586268,
        0.17153265,
        0.26893795
      ]
    ],
    "labels":[
      "two_up_inverted"
    ],
    "leading_hand":"right",
    "leading_conf":1.0,
    "user_id":"0c8ee28b2ef6b062c24cdb82c30927ad"
  },
  "636f1764-f5c9-4449-9ca9-56d0f8b92e5f":{
    "bboxes":[
      [
        0.10815326,
        0.20287564,
        0.16662748,
        0.23242849
      ]
    ],
    "labels":[
      "two_up_inverted"
    ],
    "leading_hand":"right",
    "leading_conf":1.0,
    "user_id":"02f23a178fda4fbcf42f25d6dab093a5"
  },
  "63cab7df-7229-4b33-a11a-a222b36c94cb":{
    "bboxes":[
      [
        0.61618272,
        0.36300225,
        0.09121245,
        0.14373744
      ]
    ],
    "labels":[
      "two_up_inverted"
    ],
    "leading_hand":"left",
    "leading_conf":1.0,
    "user_id":"a289f8c0faa83d5cfe0177de5f9928dc"
  },
  "65103955-74d5-44e9-a429-218219cb20ed":{
    "bboxes":[
      [
        0.37561159,
        0.28332248,
        0.04985808,
        0.08229867
      ],
      [
        0.53545766,
        0.5514374,
        0.03466438,
        0.04234817
      ]
    ],
    "labels":[
      "two_up_inverted",
      "no_gesture"
    ],
    "leading_hand":"right",
    "leading_conf":1.0,
    "user_id":"2296c6dbb0d778de5295d4775a15871b"
  },
  "661a3918-4ff7-49da-8419-b9051c2cb46f":{
    "bboxes":[
      [
        0.64589972,
        0.35652533,
        0.12454485,
        0.18977035
      ]
    ],
    "labels":[
      "two_up_inverted"
    ],
    "leading_hand":"left",
    "leading_conf":1.0,
    "user_id":"a289f8c0faa83d5cfe0177de5f9928dc"
  },
  "6e360e0e-ff44-4125-8937-d8fbe5116c07":{
    "bboxes":[
      [
        0.33262559,
        0.1719585,
        0.17220906,
        0.19623046
      ]
    ],
    "labels":[
      "two_up_inverted"
    ],
    "leading_hand":"right",
    "leading_conf":1.0,
    "user_id":"713f7eaf3cabf7f2168421c46a9f2f43"
  },
  "6e3c3b10-555e-496d-a756-99362d95c436":{
    "bboxes":[
      [
        0.1604221,
        0.13298607,
        0.17473059,
        0.23819573
      ]
    ],
    "labels":[
      "two_up_inverted"
    ],
    "leading_hand":"right",
    "leading_conf":1.0,
    "user_id":"4e5abd87641894e35b42c2c580d66694"
  },
  "732c17d4-37a7-4730-8819-942dd3fff62b":{
    "bboxes":[
      [
        0.28464545,
        0.17519153,
        0.13256958,
        0.2294401
      ]
    ],
    "labels":[
      "two_up_inverted"
    ],
    "leading_hand":"right",
    "leading_conf":1.0,
    "user_id":"0a00e7127b0ff3ce6953d85c72a2d4c9"
  },
  "74680e40-9469-479e-83d4-bf2282a4aafd":{
    "bboxes":[
      [
        0.54336597,
        0.31227737,
        0.1670087,
        0.21157179
      ]
    ],
    "labels":[
      "two_up_inverted"
    ],
    "leading_hand":"left",
    "leading_conf":1.0,
    "user_id":"3c2e29ebf494b6a9d422619a5de7aae9"
  },
  "78b716c8-07dc-41c3-b284-1ae4e7fd1321":{
    "bboxes":[
      [
        0.42913224,
        0.31755198,
        0.04778426,
        0.18218054
      ]
    ],
    "labels":[
      "two_up_inverted"
    ],
    "leading_hand":"right",
    "leading_conf":1.0,
    "user_id":"74e25779158c14d648e853a57685c0d0"
  },
  "7d250579-122b-421b-a8de-d58c2e15d09c":{
    "bboxes":[
      [
        0.23990645,
        0.19485871,
        0.09255716,
        0.24285626
      ]
    ],
    "labels":[
      "two_up_inverted"
    ],
    "leading_hand":"right",
    "leading_conf":1.0,
    "user_id":"b18ca70fa68a599eaf86736c3b0be1fb"
  },
  "7e194188-89c2-499e-8e96-44515547b3d4":{
    "bboxes":[
      [
        0.44591416,
        0.45184299,
        0.04128095,
        0.06629765
      ],
      [
        0.63671906,
        0.69658994,
        0.0381185,
        0.04527327
      ]
    ],
    "labels":[
      "two_up_inverted",
      "no_gesture"
    ],
    "leading_hand":"right",
    "leading_conf":1.0,
    "user_id":"640482580bf52ba8a5e6707717d0c110"
  },
  "7e478ba7-938d-4cc8-a3e0-6bd39ba0d714":{
    "bboxes":[
      [
        0.63545681,
        0.23880758,
        0.12963235,
        0.17206161
      ]
    ],
    "labels":[
      "two_up_inverted"
    ],
    "leading_hand":"left",
    "leading_conf":1.0,
    "user_id":"67a4fca16876cee5170246b651969d44"
  },
  "88e7b2da-e55f-4046-88c9-7b39b73e6f7f":{
    "bboxes":[
      [
        0.27538902,
        0.00065207,
        0.21560113,
        0.35380169
      ]
    ],
    "labels":[
      "two_up_inverted"
    ],
    "leading_hand":"right",
    "leading_conf":1.0,
    "user_id":"3fdf703fb45a83de9813b0a31b9f5fe4"
  },
  "8e83b0a7-d6e0-431f-ab73-24349b0a2b71":{
    "bboxes":[
      [
        0.31846627,
        0.30701462,
        0.15726473,
        0.22482675
      ]
    ],
    "labels":[
      "two_up_inverted"
    ],
    "leading_hand":"right",
    "leading_conf":1.0,
    "user_id":"3fd807c6e9bf86a2cf2af35e092f8c4f"
  },
  "97341457-cc89-4ce5-a4e9-2598d7880edf":{
    "bboxes":[
      [
        0.56125458,
        0.1965408,
        0.04706652,
        0.19221967
      ]
    ],
    "labels":[
      "two_up_inverted"
    ],
    "leading_hand":"left",
    "leading_conf":1.0,
    "user_id":"734b7f1354a6c76a37ad9172c35d824e"
  },
  "a0f67f25-6a22-4fd3-bf07-3a43f16d16a5":{
    "bboxes":[
      [
        0.34848147,
        0.34616979,
        0.05960892,
        0.21441834
      ],
      [
        0.54519843,
        0.88969247,
        0.04763323,
        0.10798135
      ]
    ],
    "labels":[
      "two_up_inverted",
      "no_gesture"
    ],
    "leading_hand":"right",
    "leading_conf":1.0,
    "user_id":"fd4bcdbf21f708271a759f06d74a22a8"
  },
  "a19a92c5-ae8e-4f01-ada6-f0076f7aca1b":{
    "bboxes":[
      [
        0.35333677,
        0.45721836,
        0.08525356,
        0.14058702
      ]
    ],
    "labels":[
      "two_up_inverted"
    ],
    "leading_hand":"right",
    "leading_conf":0.8,
    "user_id":"5723f7ca2140146453db9dfa9b21faed"
  },
  "a2545501-5880-4242-a04a-8acc83c4af32":{
    "bboxes":[
      [
        0.29979844,
        0.25345664,
        0.12501587,
        0.22549872
      ]
    ],
    "labels":[
      "two_up_inverted"
    ],
    "leading_hand":"right",
    "leading_conf":1.0,
    "user_id":"c73fb21dc2bc2348f98570008f0c78a3"
  },
  "a6b895da-0851-4788-a3ff-06e4a535469c":{
    "bboxes":[
      [
        0.51031914,
        0.25306641,
        0.21650824,
        0.21284261
      ]
    ],
    "labels":[
      "two_up_inverted"
    ],
    "leading_hand":"left",
    "leading_conf":1.0,
    "user_id":"9c5dcbad274c99eb2e95ae209eea1850"
  },
  "a7ed0bc6-86bc-4a41-933c-5728336e6577":{
    "bboxes":[
      [
        0.56695842,
        0.28951257,
        0.1041099,
        0.18546932
      ]
    ],
    "labels":[
      "two_up_inverted"
    ],
    "leading_hand":"left",
    "leading_conf":1.0,
    "user_id":"a3e0c733b841d46fa8c48ae0a8a6e41c"
  },
  "a935609a-6094-40e1-b716-0249663bc61b":{
    "bboxes":[
      [
        0.38066469,
        0.53516086,
        0.10237514,
        0.13365959
      ]
    ],
    "labels":[
      "two_up_inverted"
    ],
    "leading_hand":"right",
    "leading_conf":1.0,
    "user_id":"e44f1e3a6747ec22d88ef424ef94d97c"
  },
  "aa34d7be-0d48-4be5-9ff8-210b4e3baf20":{
    "bboxes":[
      [
        0.65597788,
        0.15111546,
        0.1682726,
        0.2450753
      ]
    ],
    "labels":[
      "two_up_inverted"
    ],
    "leading_hand":"left",
    "leading_conf":1.0,
    "user_id":"0a11105fbfa6d452b86187db53b753e2"
  },
  "ad0b8773-3680-4d40-a229-699b8a64d8c1":{
    "bboxes":[
      [
        0.41641497,
        0.6187824,
        0.04484781,
        0.09004351
      ],
      [
        0.54698075,
        0.21012841,
        0.04636287,
        0.1295679
      ]
    ],
    "labels":[
      "no_gesture",
      "two_up_inverted"
    ],
    "leading_hand":"left",
    "leading_conf":1.0,
    "user_id":"7f4dd4f796b87abe28aefc860286630b"
  },
  "aeb684e1-83cb-458b-bfde-d55f035027b0":{
    "bboxes":[
      [
        0.52904421,
        0.40279031,
        0.12413704,
        0.18742703
      ]
    ],
    "labels":[
      "two_up_inverted"
    ],
    "leading_hand":"left",
    "leading_conf":1.0,
    "user_id":"9d79d9b35302e6440057af25c308ef13"
  },
  "b2acb9ec-7dcb-4bec-b16e-4c21014b1ea4":{
    "bboxes":[
      [
        0.3203876,
        0.1471385,
        0.12991271,
        0.23853522
      ]
    ],
    "labels":[
      "two_up_inverted"
    ],
    "leading_hand":"right",
    "leading_conf":1.0,
    "user_id":"0a00e7127b0ff3ce6953d85c72a2d4c9"
  },
  "b4ab0e44-be32-4fc2-8bae-c2e38b807417":{
    "bboxes":[
      [
        0.56846177,
        0.3304754,
        0.09629581,
        0.16340697
      ]
    ],
    "labels":[
      "two_up_inverted"
    ],
    "leading_hand":"left",
    "leading_conf":1.0,
    "user_id":"2571b21725bb29a25038beaf80df47e5"
  },
  "b7dda63d-3f4d-4e08-b453-287b1fbdaee7":{
    "bboxes":[
      [
        0.35553364,
        0.65614008,
        0.03518071,
        0.04415104
      ],
      [
        0.47713151,
        0.4819921,
        0.03426764,
        0.04791083
      ]
    ],
    "labels":[
      "no_gesture",
      "two_up_inverted"
    ],
    "leading_hand":"left",
    "leading_conf":1.0,
    "user_id":"a07b23e0d96baa07d950e2a8a4a22392"
  },
  "bce28663-a9a6-4057-b561-f22de7e75059":{
    "bboxes":[
      [
        0.45348788,
        0.31535309,
        0.09497401,
        0.15719582
      ],
      [
        0.83294408,
        0.49301921,
        0.11709623,
        0.09897998
      ]
    ],
    "labels":[
      "two_up_inverted",
      "no_gesture"
    ],
    "leading_hand":"left",
    "leading_conf":1.0,
    "user_id":"9a08db8e897d1eb844a7855169e0496d"
  },
  "bf37866f-f8c0-45d4-8cc9-962f9ff00ad2":{
    "bboxes":[
      [
        0.4222717,
        0.4683798,
        0.07670904,
        0.12434865
      ]
    ],
    "labels":[
      "two_up_inverted"
    ],
    "leading_hand":"right",
    "leading_conf":1.0,
    "user_id":"5723f7ca2140146453db9dfa9b21faed"
  },
  "c0a96bf8-cc03-4c24-aaa1-d3395f1ed6d0":{
    "bboxes":[
      [
        0.35653347,
        0.32048043,
        0.06220774,
        0.11558677
      ],
      [
        0.61238497,
        0.69185609,
        0.07820978,
        0.09695642
      ]
    ],
    "labels":[
      "two_up_inverted",
      "no_gesture"
    ],
    "leading_hand":"right",
    "leading_conf":1.0,
    "user_id":"181b3431f1d656202c0b94bdff344bc6"
  },
  "c41b4b65-72e9-41da-b135-30179a80609e":{
    "bboxes":[
      [
        0.28141611,
        0.1942682,
        0.18505127,
        0.31079765
      ]
    ],
    "labels":[
      "two_up_inverted"
    ],
    "leading_hand":"right",
    "leading_conf":1.0,
    "user_id":"69530c6c5a389197574ea992faef49ec"
  },
  "c462885d-1afb-43c1-8e00-8619f26f4a99":{
    "bboxes":[
      [
        0.29421395,
        0.33854956,
        0.11857859,
        0.13826255
      ]
    ],
    "labels":[
      "two_up_inverted"
    ],
    "leading_hand":"right",
    "leading_conf":1.0,
    "user_id":"16138512a64b74aad3210eef0a605297"
  },
  "c74c0d2f-2a63-485d-b04a-db598a27db7f":{
    "bboxes":[
      [
        0.65870186,
        0.36048665,
        0.09292966,
        0.14539594
      ]
    ],
    "labels":[
      "two_up_inverted"
    ],
    "leading_hand":"left",
    "leading_conf":1.0,
    "user_id":"0a929adf57c4ccd405a8ea7c14efefb3"
  },
  "c82186bc-e0d5-4a31-91b5-bf466cf693c5":{
    "bboxes":[
      [
        0.20763277,
        0.9152509,
        0.22795409,
        0.08410077
      ],
      [
        0.62200625,
        0.32433024,
        0.13595286,
        0.17312093
      ]
    ],
    "labels":[
      "no_gesture",
      "two_up_inverted"
    ],
    "leading_hand":"left",
    "leading_conf":1.0,
    "user_id":"8891357c4fc93b80fe0e9956eaad08ba"
  },
  "cb0cb8ea-1560-48cc-b664-c91a333a5642":{
    "bboxes":[
      [
        0.22313886,
        0.02367912,
        0.14350567,
        0.30718827
      ]
    ],
    "labels":[
      "two_up_inverted"
    ],
    "leading_hand":"right",
    "leading_conf":1.0,
    "user_id":"0c76bd8d32a208bcc65e0c0afeb5c483"
  },
  "d63b0a2b-63c5-4781-932c-697135535d22":{
    "bboxes":[
      [
        0.58310788,
        0.23285201,
        0.09789701,
        0.15425108
      ]
    ],
    "labels":[
      "two_up_inverted"
    ],
    "leading_hand":"left",
    "leading_conf":1.0,
    "user_id":"dae8b9a62e72831d6f26c49c09f58b2e"
  },
  "d828cc5c-f063-4e6e-8a7f-b148990ad002":{
    "bboxes":[
      [
        0.40398231,
        0.28916509,
        0.09984052,
        0.07058013
      ],
      [
        0.58665429,
        0.23226031,
        0.07316896,
        0.11818823
      ]
    ],
    "labels":[
      "no_gesture",
      "two_up_inverted"
    ],
    "leading_hand":"left",
    "leading_conf":0.8,
    "user_id":"29db80ca4fea39cc03c1f0e2edc53ae7"
  },
  "d9fc2163-9c3e-4456-a65d-1260581caa61":{
    "bboxes":[
      [
        0.33667654,
        0.38712337,
        0.06830939,
        0.10476308
      ]
    ],
    "labels":[
      "two_up_inverted"
    ],
    "leading_hand":"right",
    "leading_conf":1.0,
    "user_id":"e0aebbcd230a0027157996be61ac80ee"
  },
  "e11f118c-ca91-42dc-863e-5224edb85ba1":{
    "bboxes":[
      [
        0.50463153,
        0.44737159,
        0.08518752,
        0.12899336
      ]
    ],
    "labels":[
      "two_up_inverted"
    ],
    "leading_hand":"left",
    "leading_conf":1.0,
    "user_id":"c6ced668682a1319463ec22cd7a6af12"
  },
  "e7c70377-a671-4eff-8217-40d034e1118b":{
    "bboxes":[
      [
        0.62469434,
        0.51106895,
        0.11286674,
        0.16988353
      ]
    ],
    "labels":[
      "two_up_inverted"
    ],
    "leading_hand":"left",
    "leading_conf":1.0,
    "user_id":"7fc84714354295e8f72452bf15307eb8"
  },
  "e97696d0-0229-4576-9ab5-89995185532c":{
    "bboxes":[
      [
        0.26026882,
        0.3621268,
        0.12072641,
        0.17767449
      ]
    ],
    "labels":[
      "two_up_inverted"
    ],
    "leading_hand":"right",
    "leading_conf":1.0,
    "user_id":"91c77a460c27e2ba57cb8192d8c44a9e"
  },
  "ebcac01c-507a-4f32-b861-b8de5f355c44":{
    "bboxes":[
      [
        0.57210113,
        0.33734867,
        0.12673281,
        0.19140615
      ]
    ],
    "labels":[
      "two_up_inverted"
    ],
    "leading_hand":"left",
    "leading_conf":1.0,
    "user_id":"108a822552006d985f4a436ed1d6e0d6"
  },
  "ec445721-c4c9-47ca-ac15-1985887c2da8":{
    "bboxes":[
      [
        0.32748735,
        0.34252666,
        0.12136402,
        0.1829576
      ]
    ],
    "labels":[
      "two_up_inverted"
    ],
    "leading_hand":"right",
    "leading_conf":1.0,
    "user_id":"9df1907cf45531c1e3cc149bb0773919"
  },
  "ec8d9137-d2cf-44e5-8b0a-41de28a6d6fb":{
    "bboxes":[
      [
        0.34420863,
        0.37725735,
        0.05966681,
        0.20951634
      ]
    ],
    "labels":[
      "two_up_inverted"
    ],
    "leading_hand":"right",
    "leading_conf":1.0,
    "user_id":"12a408cf010c22553dced80ce6c66f2b"
  },
  "ef5581b8-17bf-4679-a62e-d10d5bcc18a6":{
    "bboxes":[
      [
        0.31754539,
        0.80561887,
        0.04360616,
        0.12420113
      ],
      [
        0.53528988,
        0.25287043,
        0.04934068,
        0.14548426
      ]
    ],
    "labels":[
      "no_gesture",
      "two_up_inverted"
    ],
    "leading_hand":"left",
    "leading_conf":1.0,
    "user_id":"f4d2b6e26138a8a901e38f8f523663ed"
  },
  "f4108cc8-db94-448e-8178-d4418be74d20":{
    "bboxes":[
      [
        0.29836691,
        0.33833765,
        0.12442029,
        0.20384819
      ]
    ],
    "labels":[
      "two_up_inverted"
    ],
    "leading_hand":"right",
    "leading_conf":1.0,
    "user_id":"b9dda89d124bd9d7ef87973957aba3df"
  },
  "fac78e45-d942-465d-b619-4a6783f3e8b0":{
    "bboxes":[
      [
        0.60329036,
        0.21975599,
        0.17052453,
        0.28658082
      ]
    ],
    "labels":[
      "two_up_inverted"
    ],
    "leading_hand":"left",
    "leading_conf":1.0,
    "user_id":"4754bf6054eaec870d1be8de6efc435b"
  },
  "fecb2d23-7829-4865-a405-2ac5f5be3324":{
    "bboxes":[
      [
        0.34314468,
        0.3002198,
        0.10763067,
        0.18559364
      ]
    ],
    "labels":[
      "two_up_inverted"
    ],
    "leading_hand":"right",
    "leading_conf":1.0,
    "user_id":"94a0d97cf73e81bd08b8a05ff9b7f24f"
  },
  "ff31ed57-8dd3-44da-a773-7b2f0c7d048c":{
    "bboxes":[
      [
        0.18431595,
        0.38422419,
        0.19276425,
        0.29692682
      ]
    ],
    "labels":[
      "two_up_inverted"
    ],
    "leading_hand":"right",
    "leading_conf":1.0,
    "user_id":"0b6af396fe95a16abd6ba882e6d61e39"
  },
  "0003a570-72ec-44c8-b0dd-c3ce6bb98a08":{
    "bboxes":[
      [
        0.6738837,
        0.2859003,
        0.12507842,
        0.19420408
      ]
    ],
    "labels":[
      "two_up_inverted"
    ],
    "leading_hand":"left",
    "leading_conf":1.0,
    "user_id":"ac5ef535a3ecaeb492fc8d32fd6de9a9"
  },
  "002817d2-b4eb-4785-a8f1-f76a89aba9f7":{
    "bboxes":[
      [
        0.38931047,
        0.53199572,
        0.06437992,
        0.09473328
      ],
      [
        0.66726014,
        0.18266589,
        0.07353276,
        0.1144976
      ]
    ],
    "labels":[
      "no_gesture",
      "two_up_inverted"
    ],
    "leading_hand":"left",
    "leading_conf":1.0,
    "user_id":"65922ff799c01efc2a5917dcc25256ca"
  },
  "0028e744-8b84-4dd9-a86b-1519777cc63d":{
    "bboxes":[
      [
        0.72450027,
        0.29427944,
        0.13351683,
        0.1814297
      ]
    ],
    "labels":[
      "two_up_inverted"
    ],
    "leading_hand":"left",
    "leading_conf":1.0,
    "user_id":"7f6023ccbe322edc46151654a0bc1294"
  },
  "005286fb-1c9e-45f9-b33a-5fed75d95f4b":{
    "bboxes":[
      [
        0.37477981,
        0.23824775,
        0.06652699,
        0.10100745
      ],
      [
        0.67518774,
        0.572299,
        0.05940427,
        0.08180702
      ]
    ],
    "labels":[
      "two_up_inverted",
      "no_gesture"
    ],
    "leading_hand":"right",
    "leading_conf":1.0,
    "user_id":"cba5ee3d1bd1c4581965f36bec71f397"
  }
}